{
	"providers": [
		{
			"chars": ["\uE001"],
			"file": "font/fake_button.png",
			"ascent": 13,
			"height": 47,
			"type": "bitmap"
		},
		{
			"chars": ["\uE002"],
			"file": "font/skeld.png",
			"ascent": 300,
			"height": 512,
			"type": "bitmap"
		},
		{
			"chars": ["\uE003"],
			"file": "among/kill.png",
			"ascent": 10,
			"height": 12,
			"type": "bitmap"
		},
		{
			"chars": ["\uE004"],
			"file": "among/sabotage.png",
			"ascent": 10,
			"height": 12,
			"type": "bitmap"
		},
		{
			"chars": ["\uE005"],
			"file": "font/power2.png",
			"ascent": 8,
			"height": 10,
			"type": "bitmap"
		},
		{
			"chars": ["\uE006"],
			"file": "font/power3.png",
			"ascent": 8,
			"height": 10,
			"type": "bitmap"
		},
		{
			"chars": ["\uE007"],
			"file": "font/power4.png",
			"ascent": 8,
			"height": 10,
			"type": "bitmap"
		},
		{
			"chars": ["\uE008"],
			"file": "font/q5.png",
			"ascent": 8,
			"height": 9,
			"type": "bitmap"
		},
		{
			"chars": ["\uE009"],
			"file": "font/page_trivia1.png",
			"ascent": 24,
			"height": 139,
			"type": "bitmap"
		},
		{
			"chars": ["\uE010"],
			"file": "font/page_trivia2.png",
			"ascent": 24,
			"height": 139,
			"type": "bitmap"
		},
		{
			"chars": ["\uE011"],
			"file": "font/page_trivia3.png",
			"ascent": 24,
			"height": 139,
			"type": "bitmap"
		},
		{
			"chars": ["\uE012"],
			"file": "font/page_trivia4.png",
			"ascent": 24,
			"height": 139,
			"type": "bitmap"
		},
		{
			"chars": ["\uE013"],
			"file": "font/page_trivia5.png",
			"ascent": 24,
			"height": 139,
			"type": "bitmap"
		},
		{
			"chars": ["\uE014"],
			"file": "font/page_trivia6.png",
			"ascent": 24,
			"height": 139,
			"type": "bitmap"
		},
		{
			"chars": ["\uE015"],
			"file": "font/page_trivia7.png",
			"ascent": 24,
			"height": 139,
			"type": "bitmap"
		},
		{
			"chars": ["\uE016"],
			"file": "font/page_trivia8.png",
			"ascent": 24,
			"height": 139,
			"type": "bitmap"
		},
		{
			"chars": ["\uE017"],
			"file": "font/page_trivia9.png",
			"ascent": 24,
			"height": 139,
			"type": "bitmap"
		},
		{
			"chars": ["\uE018"],
			"file": "font/page_trivia10.png",
			"ascent": 24,
			"height": 139,
			"type": "bitmap"
		},
		{
			"chars": ["\uE019"],
			"file": "font/page_trivia11.png",
			"ascent": 24,
			"height": 139,
			"type": "bitmap"
		},
		{
			"chars": ["\uE020"],
			"file": "font/page_trivia12.png",
			"ascent": 24,
			"height": 139,
			"type": "bitmap"
		},
		{
			"chars": ["\uE021"],
			"file": "font/page_diamond1.png",
			"ascent": 24,
			"height": 139,
			"type": "bitmap"
		},
		{
			"chars": ["\uE022"],
			"file": "font/page_diamond2.png",
			"ascent": 24,
			"height": 139,
			"type": "bitmap"
		},
		{
			"chars": ["\uE023"],
			"file": "font/page_diamond3.png",
			"ascent": 24,
			"height": 139,
			"type": "bitmap"
		},
		{
			"chars": ["\uE024"],
			"file": "font/page_diamond4.png",
			"ascent": 24,
			"height": 139,
			"type": "bitmap"
		},
		{
			"chars": ["\uE025"],
			"file": "font/page_diamond5.png",
			"ascent": 24,
			"height": 139,
			"type": "bitmap"
		},
		{
			"chars": ["\uE026"],
			"file": "font/page_diamond6.png",
			"ascent": 24,
			"height": 139,
			"type": "bitmap"
		}
	]
}