{
	"credit": "Made with Blockbench",
	"texture_size": [64, 64],
	"textures": {
		"2": "item/dstxr",
		"particle": "dstxr"
	},
	"elements": [
		{
			"from": [5.4, -6.1, 6.5],
			"to": [6.4, -6, 7.5],
			"rotation": {"angle": 0, "axis": "y", "origin": [8.5, 2.5, 8.5]},
			"faces": {
				"north": {"uv": [4, 9.5, 4.25, 9.75], "texture": "#2"},
				"east": {"uv": [9.5, 4, 9.75, 4.25], "texture": "#2"},
				"south": {"uv": [4.25, 9.5, 4.5, 9.75], "texture": "#2"},
				"west": {"uv": [9.5, 4.25, 9.75, 4.5], "texture": "#2"},
				"up": {"uv": [4.75, 9.75, 4.5, 9.5], "texture": "#2"},
				"down": {"uv": [9.75, 4.5, 9.5, 4.75], "texture": "#2"}
			}
		},
		{
			"from": [9.6, -6.1, 6.5],
			"to": [10.6, -6, 7.5],
			"rotation": {"angle": 0, "axis": "y", "origin": [8.5, 2.5, 8.5]},
			"faces": {
				"north": {"uv": [9, 7.5, 9.25, 7.75], "texture": "#2"},
				"east": {"uv": [9, 7.75, 9.25, 8], "texture": "#2"},
				"south": {"uv": [9, 8, 9.25, 8.25], "texture": "#2"},
				"west": {"uv": [9, 8.25, 9.25, 8.5], "texture": "#2"},
				"up": {"uv": [9.25, 8.75, 9, 8.5], "texture": "#2"},
				"down": {"uv": [9, 9, 8.75, 9.25], "texture": "#2"}
			}
		},
		{
			"from": [7, -16, 6],
			"to": [9, -14, 8],
			"rotation": {"angle": 0, "axis": "z", "origin": [8.5, 0.5, 8.5]},
			"faces": {
				"north": {"uv": [8.5, 6.75, 9, 7.25], "texture": "#2"},
				"east": {"uv": [8.5, 7.25, 9, 7.75], "texture": "#2"},
				"south": {"uv": [8.75, 0, 9.25, 0.5], "texture": "#2"},
				"west": {"uv": [8.75, 0.5, 9.25, 1], "texture": "#2"},
				"up": {"uv": [9.25, 1.5, 8.75, 1], "texture": "#2"},
				"down": {"uv": [9.25, 1.5, 8.75, 2], "texture": "#2"}
			}
		},
		{
			"from": [7.5, -14, 6.5],
			"to": [8.5, -6, 7.5],
			"rotation": {"angle": 0, "axis": "y", "origin": [8.5, 0.5, 8.5]},
			"faces": {
				"north": {"uv": [8, 8.25, 8.25, 9.75], "texture": "#2"},
				"east": {"uv": [8.25, 8.25, 8.5, 9.75], "texture": "#2"},
				"south": {"uv": [8.5, 0, 8.75, 1.5], "texture": "#2"},
				"west": {"uv": [8.5, 1.5, 8.75, 3], "texture": "#2"},
				"up": {"uv": [9.25, 9, 9, 8.75], "texture": "#2"},
				"down": {"uv": [9.25, 9, 9, 9.25], "texture": "#2"}
			}
		},
		{
			"from": [4.96, -6, 6],
			"to": [11.05, -4.3, 8],
			"rotation": {"angle": 0, "axis": "y", "origin": [8.5, 2.5, 8.5]},
			"faces": {
				"north": {"uv": [3, 7.75, 4.5, 8.25], "texture": "#2"},
				"east": {"uv": [8.75, 2, 9.25, 2.5], "texture": "#2"},
				"south": {"uv": [4.5, 7.75, 6, 8.25], "texture": "#2"},
				"west": {"uv": [8.75, 2.5, 9.25, 3], "texture": "#2"},
				"up": {"uv": [7.5, 8.25, 6, 7.75], "texture": "#2"},
				"down": {"uv": [9, 7.75, 7.5, 8.25], "texture": "#2"}
			}
		},
		{
			"from": [4.5, -5.9, 6.5],
			"to": [11.5, 25, 7.5],
			"rotation": {"angle": 0, "axis": "y", "origin": [8.5, 2.5, 8.5]},
			"faces": {
				"north": {"uv": [0, 0, 1.75, 7.75], "texture": "#2"},
				"east": {"uv": [0, 7.75, 0.25, 15.5], "texture": "#2"},
				"south": {"uv": [1.75, 0, 3.5, 7.75], "texture": "#2"},
				"west": {"uv": [0.25, 7.75, 0.5, 15.5], "texture": "#2"},
				"up": {"uv": [6.25, 8.5, 4.5, 8.25], "texture": "#2"},
				"down": {"uv": [8, 8.25, 6.25, 8.5], "texture": "#2"}
			}
		},
		{
			"from": [5.5, -5.8, 6.3],
			"to": [10.5, 25, 6.5],
			"rotation": {"angle": 0, "axis": "y", "origin": [8.5, 2.5, 8.5]},
			"faces": {
				"north": {"uv": [3.5, 0, 4.75, 7.75], "texture": "#2"},
				"east": {"uv": [0.5, 7.75, 0.75, 15.5], "texture": "#2"},
				"south": {"uv": [4.75, 0, 6, 7.75], "texture": "#2"},
				"west": {"uv": [0.75, 7.75, 1, 15.5], "texture": "#2"},
				"up": {"uv": [9.75, 6.25, 8.5, 6], "texture": "#2"},
				"down": {"uv": [9.75, 6.25, 8.5, 6.5], "texture": "#2"}
			}
		},
		{
			"from": [23.8, 17, 6.3],
			"to": [25.8, 20.5, 6.5],
			"rotation": {"angle": 45, "axis": "z", "origin": [8.5, 2.5, 8.5]},
			"faces": {
				"north": {"uv": [8.5, 3, 9, 3.75], "texture": "#2"},
				"east": {"uv": [7, 8.75, 7.25, 9.5], "texture": "#2"},
				"south": {"uv": [8.5, 3.75, 9, 4.5], "texture": "#2"},
				"west": {"uv": [7.25, 8.75, 7.5, 9.5], "texture": "#2"},
				"up": {"uv": [3, 9.25, 2.5, 9], "texture": "#2"},
				"down": {"uv": [9.5, 4, 9, 4.25], "texture": "#2"}
			}
		},
		{
			"from": [-9.5, 16.3, 6.3],
			"to": [-7.5, 19.8, 6.5],
			"rotation": {"angle": -45, "axis": "z", "origin": [8.5, 2.5, 8.5]},
			"faces": {
				"north": {"uv": [4.5, 8.5, 5, 9.25], "texture": "#2"},
				"east": {"uv": [7.5, 8.75, 7.75, 9.5], "texture": "#2"},
				"south": {"uv": [8.5, 4.5, 9, 5.25], "texture": "#2"},
				"west": {"uv": [8.75, 8.25, 9, 9], "texture": "#2"},
				"up": {"uv": [9.5, 4.5, 9, 4.25], "texture": "#2"},
				"down": {"uv": [9.5, 4.5, 9, 4.75], "texture": "#2"}
			}
		},
		{
			"from": [23.8, 17, 7.5],
			"to": [25.8, 20.5, 7.7],
			"rotation": {"angle": 45, "axis": "z", "origin": [8.5, 2.5, 8.5]},
			"faces": {
				"north": {"uv": [5, 8.5, 5.5, 9.25], "texture": "#2"},
				"east": {"uv": [1.5, 9, 1.75, 9.75], "texture": "#2"},
				"south": {"uv": [8.5, 5.25, 9, 6], "texture": "#2"},
				"west": {"uv": [1.75, 9, 2, 9.75], "texture": "#2"},
				"up": {"uv": [9.5, 5, 9, 4.75], "texture": "#2"},
				"down": {"uv": [9.5, 5, 9, 5.25], "texture": "#2"}
			}
		},
		{
			"from": [5.5, -5.8, 7.5],
			"to": [10.5, 25, 7.7],
			"rotation": {"angle": 0, "axis": "y", "origin": [8.5, 2.5, 8.5]},
			"faces": {
				"north": {"uv": [6, 0, 7.25, 7.75], "texture": "#2"},
				"east": {"uv": [1, 7.75, 1.25, 15.5], "texture": "#2"},
				"south": {"uv": [7.25, 0, 8.5, 7.75], "texture": "#2"},
				"west": {"uv": [1.25, 7.75, 1.5, 15.5], "texture": "#2"},
				"up": {"uv": [7.75, 8.75, 6.5, 8.5], "texture": "#2"},
				"down": {"uv": [9.75, 6.5, 8.5, 6.75], "texture": "#2"}
			}
		},
		{
			"from": [-9.5, 16.3, 7.5],
			"to": [-7.5, 19.8, 7.7],
			"rotation": {"angle": -45, "axis": "z", "origin": [8.5, 2.5, 8.5]},
			"faces": {
				"north": {"uv": [5.5, 8.5, 6, 9.25], "texture": "#2"},
				"east": {"uv": [2, 9, 2.25, 9.75], "texture": "#2"},
				"south": {"uv": [6, 8.5, 6.5, 9.25], "texture": "#2"},
				"west": {"uv": [2.25, 9, 2.5, 9.75], "texture": "#2"},
				"up": {"uv": [9.5, 5.5, 9, 5.25], "texture": "#2"},
				"down": {"uv": [9.5, 5.5, 9, 5.75], "texture": "#2"}
			}
		},
		{
			"from": [23.8, 16.3, 6.5],
			"to": [26.5, 20.5, 7.5],
			"rotation": {"angle": 45, "axis": "z", "origin": [8.5, 2.5, 8.5]},
			"faces": {
				"north": {"uv": [3, 8.25, 3.75, 9.25], "texture": "#2"},
				"east": {"uv": [6.5, 8.75, 6.75, 9.75], "texture": "#2"},
				"south": {"uv": [3.75, 8.25, 4.5, 9.25], "texture": "#2"},
				"west": {"uv": [6.75, 8.75, 7, 9.75], "texture": "#2"},
				"up": {"uv": [9.75, 3.25, 9, 3], "texture": "#2"},
				"down": {"uv": [9.75, 3.25, 9, 3.5], "texture": "#2"}
			}
		},
		{
			"from": [-10.2, 15.6, 6.5],
			"to": [-7.5, 20.5, 7.5],
			"rotation": {"angle": -45, "axis": "z", "origin": [8.5, 2.5, 8.5]},
			"faces": {
				"north": {"uv": [1.5, 7.75, 2.25, 9], "texture": "#2"},
				"east": {"uv": [7.75, 8.5, 8, 9.75], "texture": "#2"},
				"south": {"uv": [2.25, 7.75, 3, 9], "texture": "#2"},
				"west": {"uv": [8.5, 8.25, 8.75, 9.5], "texture": "#2"},
				"up": {"uv": [9.75, 3.75, 9, 3.5], "texture": "#2"},
				"down": {"uv": [9.75, 3.75, 9, 4], "texture": "#2"}
			}
		},
		{
			"from": [7, -5.7, 8],
			"to": [9, -4.9, 8.1],
			"rotation": {"angle": 0, "axis": "y", "origin": [8.5, 2.5, 8.5]},
			"faces": {
				"north": {"uv": [9, 5.75, 9.5, 6], "texture": "#2"},
				"east": {"uv": [9.25, 0, 9.5, 0.25], "texture": "#2"},
				"south": {"uv": [9, 6.75, 9.5, 7], "texture": "#2"},
				"west": {"uv": [9.25, 0.25, 9.5, 0.5], "texture": "#2"},
				"up": {"uv": [9.5, 7.25, 9, 7], "texture": "#2"},
				"down": {"uv": [9.5, 7.25, 9, 7.5], "texture": "#2"}
			}
		},
		{
			"from": [7.9, -5.1, 8.1],
			"to": [8.2, -5, 8.3],
			"rotation": {"angle": 0, "axis": "y", "origin": [8.5, 2.5, 8.5]},
			"faces": {
				"north": {"uv": [9.25, 0.5, 9.5, 0.75], "texture": "#2"},
				"east": {"uv": [9.25, 0.75, 9.5, 1], "texture": "#2"},
				"south": {"uv": [9.25, 1, 9.5, 1.25], "texture": "#2"},
				"west": {"uv": [9.25, 1.25, 9.5, 1.5], "texture": "#2"},
				"up": {"uv": [9.5, 1.75, 9.25, 1.5], "texture": "#2"},
				"down": {"uv": [9.5, 1.75, 9.25, 2], "texture": "#2"}
			}
		},
		{
			"from": [7.9, -5.5, 8.3],
			"to": [8.2, -5.1, 8.4],
			"rotation": {"angle": 0, "axis": "y", "origin": [8.5, 2.5, 8.5]},
			"faces": {
				"north": {"uv": [9.25, 2, 9.5, 2.25], "texture": "#2"},
				"east": {"uv": [9.25, 2.25, 9.5, 2.5], "texture": "#2"},
				"south": {"uv": [2.5, 9.25, 2.75, 9.5], "texture": "#2"},
				"west": {"uv": [9.25, 2.5, 9.5, 2.75], "texture": "#2"},
				"up": {"uv": [3, 9.5, 2.75, 9.25], "texture": "#2"},
				"down": {"uv": [9.5, 2.75, 9.25, 3], "texture": "#2"}
			}
		},
		{
			"from": [7.9, -5.6, 8.1],
			"to": [8.2, -5.5, 8.3],
			"rotation": {"angle": 0, "axis": "y", "origin": [8.5, 2.5, 8.5]},
			"faces": {
				"north": {"uv": [3, 9.25, 3.25, 9.5], "texture": "#2"},
				"east": {"uv": [3.25, 9.25, 3.5, 9.5], "texture": "#2"},
				"south": {"uv": [3.5, 9.25, 3.75, 9.5], "texture": "#2"},
				"west": {"uv": [3.75, 9.25, 4, 9.5], "texture": "#2"},
				"up": {"uv": [4.25, 9.5, 4, 9.25], "texture": "#2"},
				"down": {"uv": [4.5, 9.25, 4.25, 9.5], "texture": "#2"}
			}
		},
		{
			"from": [7.8, -6.1, 8.2],
			"to": [8.3, -6, 8.3],
			"rotation": {"angle": 0, "axis": "y", "origin": [8.5, 2.5, 8.5]},
			"faces": {
				"north": {"uv": [4.5, 9.25, 4.75, 9.5], "texture": "#2"},
				"east": {"uv": [4.75, 9.25, 5, 9.5], "texture": "#2"},
				"south": {"uv": [5, 9.25, 5.25, 9.5], "texture": "#2"},
				"west": {"uv": [5.25, 9.25, 5.5, 9.5], "texture": "#2"},
				"up": {"uv": [5.75, 9.5, 5.5, 9.25], "texture": "#2"},
				"down": {"uv": [6, 9.25, 5.75, 9.5], "texture": "#2"}
			}
		},
		{
			"from": [8.2, -6, 8.2],
			"to": [8.3, -5.5, 8.3],
			"rotation": {"angle": 0, "axis": "y", "origin": [8.5, 2.5, 8.5]},
			"faces": {
				"north": {"uv": [6, 9.25, 6.25, 9.5], "texture": "#2"},
				"east": {"uv": [6.25, 9.25, 6.5, 9.5], "texture": "#2"},
				"south": {"uv": [9.25, 7.5, 9.5, 7.75], "texture": "#2"},
				"west": {"uv": [9.25, 7.75, 9.5, 8], "texture": "#2"},
				"up": {"uv": [9.5, 8.25, 9.25, 8], "texture": "#2"},
				"down": {"uv": [9.5, 8.25, 9.25, 8.5], "texture": "#2"}
			}
		},
		{
			"from": [7.8, -6, 8.2],
			"to": [7.9, -5.5, 8.3],
			"rotation": {"angle": 0, "axis": "y", "origin": [8.5, 2.5, 8.5]},
			"faces": {
				"north": {"uv": [9.25, 8.5, 9.5, 8.75], "texture": "#2"},
				"east": {"uv": [8.75, 9.25, 9, 9.5], "texture": "#2"},
				"south": {"uv": [9.25, 8.75, 9.5, 9], "texture": "#2"},
				"west": {"uv": [9, 9.25, 9.25, 9.5], "texture": "#2"},
				"up": {"uv": [9.5, 9.25, 9.25, 9], "texture": "#2"},
				"down": {"uv": [9.5, 9.25, 9.25, 9.5], "texture": "#2"}
			}
		},
		{
			"from": [7.8, -5.5, 8.2],
			"to": [8.3, -5.4, 8.3],
			"rotation": {"angle": 0, "axis": "y", "origin": [8.5, 2.5, 8.5]},
			"faces": {
				"north": {"uv": [9.5, 0, 9.75, 0.25], "texture": "#2"},
				"east": {"uv": [9.5, 0.25, 9.75, 0.5], "texture": "#2"},
				"south": {"uv": [9.5, 0.5, 9.75, 0.75], "texture": "#2"},
				"west": {"uv": [9.5, 0.75, 9.75, 1], "texture": "#2"},
				"up": {"uv": [9.75, 1.25, 9.5, 1], "texture": "#2"},
				"down": {"uv": [9.75, 1.25, 9.5, 1.5], "texture": "#2"}
			}
		},
		{
			"from": [16.9, -10.7, 6.9],
			"to": [17.5, -9.6, 7],
			"rotation": {"angle": -45, "axis": "z", "origin": [8.5, 0.5, 8.5]},
			"faces": {
				"north": {"uv": [9.5, 1.5, 9.75, 1.75], "texture": "#2"},
				"east": {"uv": [9.5, 1.75, 9.75, 2], "texture": "#2"},
				"south": {"uv": [9.5, 2, 9.75, 2.25], "texture": "#2"},
				"west": {"uv": [9.5, 2.25, 9.75, 2.5], "texture": "#2"},
				"up": {"uv": [2.75, 9.75, 2.5, 9.5], "texture": "#2"},
				"down": {"uv": [9.75, 2.5, 9.5, 2.75], "texture": "#2"}
			}
		},
		{
			"from": [12.4, -12.2, 6.9],
			"to": [12.7, -11.5, 7],
			"rotation": {"angle": -22.5, "axis": "z", "origin": [8.5, 0.5, 8.5]},
			"faces": {
				"north": {"uv": [2.75, 9.5, 3, 9.75], "texture": "#2"},
				"east": {"uv": [9.5, 2.75, 9.75, 3], "texture": "#2"},
				"south": {"uv": [3, 9.5, 3.25, 9.75], "texture": "#2"},
				"west": {"uv": [3.25, 9.5, 3.5, 9.75], "texture": "#2"},
				"up": {"uv": [3.75, 9.75, 3.5, 9.5], "texture": "#2"},
				"down": {"uv": [4, 9.5, 3.75, 9.75], "texture": "#2"}
			}
		},
		{
			"from": [6, -4.3, 6],
			"to": [10.2, -3.5, 8],
			"rotation": {"angle": 0, "axis": "y", "origin": [8.5, 2.2, 8.5]},
			"faces": {
				"north": {"uv": [9.5, 5.25, 10.75, 5.5], "texture": "#2"},
				"east": {"uv": [9.5, 5.75, 10, 6], "texture": "#2"},
				"south": {"uv": [9.5, 5.5, 10.75, 5.75], "texture": "#2"},
				"west": {"uv": [6, 9.5, 6.5, 9.75], "texture": "#2"},
				"up": {"uv": [6, 10, 4.75, 9.5], "texture": "#2"},
				"down": {"uv": [10.75, 4.75, 9.5, 5.25], "texture": "#2"}
			}
		},
		{
			"from": [1.4, -0.7, 6],
			"to": [2.7, 0.1, 8],
			"rotation": {"angle": 45, "axis": "z", "origin": [8.5, 2.2, 8.5]},
			"faces": {
				"north": {"uv": [9.5, 5.25, 10.75, 5.5], "texture": "#2"},
				"east": {"uv": [9.5, 5.75, 10, 6], "texture": "#2"},
				"south": {"uv": [9.5, 5.5, 10.75, 5.75], "texture": "#2"},
				"west": {"uv": [6, 9.5, 6.5, 9.75], "texture": "#2"},
				"up": {"uv": [6, 10, 4.75, 9.5], "texture": "#2"},
				"down": {"uv": [10.75, 4.75, 9.5, 5.25], "texture": "#2"}
			}
		},
		{
			"from": [13.6, -1.5, 6],
			"to": [14.9, -0.6, 8],
			"rotation": {"angle": -45, "axis": "z", "origin": [8.5, 2.2, 8.5]},
			"faces": {
				"north": {"uv": [9.5, 5.25, 10.75, 5.5], "texture": "#2"},
				"east": {"uv": [9.5, 5.75, 10, 6], "texture": "#2"},
				"south": {"uv": [9.5, 5.5, 10.75, 5.75], "texture": "#2"},
				"west": {"uv": [6, 9.5, 6.5, 9.75], "texture": "#2"},
				"up": {"uv": [6, 10, 4.75, 9.5], "texture": "#2"},
				"down": {"uv": [10.75, 4.75, 9.5, 5.25], "texture": "#2"}
			}
		},
		{
			"from": [3.9, -2.8, 6],
			"to": [5.2, -1.96, 8],
			"rotation": {"angle": 22.5, "axis": "z", "origin": [8.5, 2.2, 8.5]},
			"faces": {
				"north": {"uv": [9.5, 5.25, 10.75, 5.5], "texture": "#2"},
				"east": {"uv": [9.5, 5.75, 10, 6], "texture": "#2"},
				"south": {"uv": [9.5, 5.5, 10.75, 5.75], "texture": "#2"},
				"west": {"uv": [6, 9.5, 6.5, 9.75], "texture": "#2"},
				"up": {"uv": [6, 10, 4.75, 9.5], "texture": "#2"},
				"down": {"uv": [10.75, 4.75, 9.5, 5.25], "texture": "#2"}
			}
		},
		{
			"from": [10.9, -3.2, 6],
			"to": [12.2, -2.331, 8],
			"rotation": {"angle": -22.5, "axis": "z", "origin": [8.5, 2.2, 8.5]},
			"faces": {
				"north": {"uv": [9.5, 5.25, 10.75, 5.5], "texture": "#2"},
				"east": {"uv": [9.5, 5.75, 10, 6], "texture": "#2"},
				"south": {"uv": [9.5, 5.5, 10.75, 5.75], "texture": "#2"},
				"west": {"uv": [6, 9.5, 6.5, 9.75], "texture": "#2"},
				"up": {"uv": [6, 10, 4.75, 9.5], "texture": "#2"},
				"down": {"uv": [10.75, 4.75, 9.5, 5.25], "texture": "#2"}
			}
		},
		{
			"from": [7, -3.5, 6],
			"to": [9, -2.91, 8],
			"rotation": {"angle": 0, "axis": "y", "origin": [8.5, 2.2, 8.5]},
			"faces": {
				"north": {"uv": [9.5, 5.25, 10.75, 5.5], "texture": "#2"},
				"east": {"uv": [9.5, 5.75, 10, 6], "texture": "#2"},
				"south": {"uv": [9.5, 5.5, 10.75, 5.75], "texture": "#2"},
				"west": {"uv": [6, 9.5, 6.5, 9.75], "texture": "#2"},
				"up": {"uv": [6, 10, 4.75, 9.5], "texture": "#2"},
				"down": {"uv": [10.75, 4.75, 9.5, 5.25], "texture": "#2"}
			}
		}
	],
	"display": {
		"thirdperson_righthand": {
			"rotation": [0, 90, 0],
			"translation": [1, 15.5, 1.75]
		},
		"thirdperson_lefthand": {
			"rotation": [-113.5, 0, -17.5],
			"translation": [-9, -5.25, 6.5],
			"scale": [0.9, 0.9, 0.9]
		},
		"firstperson_righthand": {
			"rotation": [0, -90, 0],
			"translation": [0.75, 13.5, -1]
		},
		"firstperson_lefthand": {
			"rotation": [95, 90, 70],
			"translation": [3.5, -14, 3.5]
		},
		"ground": {
			"rotation": [90, 0, 0],
			"translation": [0, -2, 0],
			"scale": [1.35, 1.35, 1.35]
		},
		"gui": {
			"rotation": [0, 0, 37],
			"translation": [-0.75, 1, 0],
			"scale": [0.43, 0.43, 0.43]
		},
		"head": {
			"rotation": [-180, 0, -21],
			"translation": [-4, -18.75, 3],
			"scale": [1.5, 1.5, 1.5]
		},
		"fixed": {
			"rotation": [0, 0, -180],
			"translation": [0, 2.5, 1],
			"scale": [2, 2, 2]
		}
	},
	"groups": [
		{
			"name": "dragon slayer",
			"origin": [8, 8, 8],
			"color": 0,
			"children": [0, 1, 2, 3, 4, 5, 6, 7, 8, 9, 10, 11, 12, 13, 14, 15, 16, 17, 18, 19, 20, 21, 22, 23, 24, 25, 26, 27, 28, 29]
		}
	]
}