{
	"credit": "Made with Blockbench",
	"texture_size": [32, 32],
	"textures": {
		"0": "item/2ndduel",
		"particle": "2ndduel"
	},
	"elements": [
		{
			"from": [7.3, -14, 7],
			"to": [8.3, -8, 8],
			"faces": {
				"north": {"uv": [4.5, 3, 5, 6], "texture": "#0"},
				"east": {"uv": [3, 5, 3.5, 8], "texture": "#0"},
				"south": {"uv": [5, 3, 5.5, 6], "texture": "#0"},
				"west": {"uv": [3.5, 5, 4, 8], "texture": "#0"},
				"up": {"uv": [7.5, 2, 7, 1.5], "texture": "#0"},
				"down": {"uv": [7.5, 4, 7, 4.5], "texture": "#0"}
			}
		},
		{
			"from": [4.3, -8, 6.7],
			"to": [11.2, -7, 8.3],
			"faces": {
				"north": {"uv": [4.5, 2, 8, 2.5], "texture": "#0"},
				"east": {"uv": [5.5, 5.5, 6.5, 6], "texture": "#0"},
				"south": {"uv": [4.5, 2.5, 8, 3], "texture": "#0"},
				"west": {"uv": [6, 3, 7, 3.5], "texture": "#0"},
				"up": {"uv": [6.5, 1, 3, 0], "texture": "#0"},
				"down": {"uv": [6.5, 1, 3, 2], "texture": "#0"}
			}
		},
		{
			"from": [6.7, -7, 7.2],
			"to": [8.7, 11.9, 7.8],
			"faces": {
				"north": {"uv": [0, 0, 1, 9.5], "texture": "#0"},
				"east": {"uv": [2, 0, 2.5, 9.5], "texture": "#0"},
				"south": {"uv": [1, 0, 2, 9.5], "texture": "#0"},
				"west": {"uv": [2.5, 0, 3, 9.5], "texture": "#0"},
				"up": {"uv": [7, 4, 6, 3.5], "texture": "#0"},
				"down": {"uv": [7, 4, 6, 4.5], "texture": "#0"}
			}
		},
		{
			"from": [0, -10.9, 7],
			"to": [3, -7.9, 8],
			"rotation": {"angle": 45, "axis": "z", "origin": [0, 0, 0]},
			"faces": {
				"north": {"uv": [3, 2, 4.5, 3.5], "texture": "#0"},
				"east": {"uv": [4, 5, 4.5, 6.5], "texture": "#0"},
				"south": {"uv": [3, 3.5, 4.5, 5], "texture": "#0"},
				"west": {"uv": [5.5, 3, 6, 4.5], "texture": "#0"},
				"up": {"uv": [7, 5, 5.5, 4.5], "texture": "#0"},
				"down": {"uv": [7, 5, 5.5, 5.5], "texture": "#0"}
			}
		},
		{
			"from": [1.64, 13.5, 7.2],
			"to": [2.14, 15.5, 7.8],
			"rotation": {"angle": -22.5, "axis": "z", "origin": [0, 0, 0]},
			"faces": {
				"north": {"uv": [4.5, 6, 5, 7], "texture": "#0"},
				"east": {"uv": [5, 6, 5.5, 7], "texture": "#0"},
				"south": {"uv": [5.5, 6, 6, 7], "texture": "#0"},
				"west": {"uv": [6, 6, 6.5, 7], "texture": "#0"},
				"up": {"uv": [5, 7.5, 4.5, 7], "texture": "#0"},
				"down": {"uv": [7.5, 4.5, 7, 5], "texture": "#0"}
			}
		},
		{
			"from": [12.1, 7.6, 7.2],
			"to": [12.6, 9.6, 7.8],
			"rotation": {"angle": 22.5, "axis": "z", "origin": [0, 0, 0]},
			"faces": {
				"north": {"uv": [6.5, 0, 7, 1], "texture": "#0"},
				"east": {"uv": [6.5, 1, 7, 2], "texture": "#0"},
				"south": {"uv": [4, 6.5, 4.5, 7.5], "texture": "#0"},
				"west": {"uv": [6.5, 5.5, 7, 6.5], "texture": "#0"},
				"up": {"uv": [5.5, 7.5, 5, 7], "texture": "#0"},
				"down": {"uv": [7.5, 5, 7, 5.5], "texture": "#0"}
			}
		},
		{
			"from": [7.2, 11.9, 7.2],
			"to": [8.2, 13.1, 7.8],
			"faces": {
				"north": {"uv": [5.5, 7, 6, 7.5], "texture": "#0"},
				"east": {"uv": [7, 5.5, 7.5, 6], "texture": "#0"},
				"south": {"uv": [6, 7, 6.5, 7.5], "texture": "#0"},
				"west": {"uv": [7, 6, 7.5, 6.5], "texture": "#0"},
				"up": {"uv": [7, 7.5, 6.5, 7], "texture": "#0"},
				"down": {"uv": [7.5, 7, 7, 7.5], "texture": "#0"}
			}
		},
		{
			"from": [7.4, 13.3, 7.2],
			"to": [8, 13.7, 7.8],
			"faces": {
				"north": {"uv": [7.5, 0.5, 8, 1], "texture": "#0"},
				"east": {"uv": [7.5, 1, 8, 1.5], "texture": "#0"},
				"south": {"uv": [7.5, 1.5, 8, 2], "texture": "#0"},
				"west": {"uv": [7.5, 3, 8, 3.5], "texture": "#0"},
				"up": {"uv": [8, 4, 7.5, 3.5], "texture": "#0"},
				"down": {"uv": [4.5, 7.5, 4, 8], "texture": "#0"}
			}
		},
		{
			"from": [4.4, -7, 7.2],
			"to": [5.2, -5.9, 7.8],
			"faces": {
				"north": {"uv": [7.5, 4, 8, 4.5], "texture": "#0"},
				"east": {"uv": [4.5, 7.5, 5, 8], "texture": "#0"},
				"south": {"uv": [7.5, 4.5, 8, 5], "texture": "#0"},
				"west": {"uv": [5, 7.5, 5.5, 8], "texture": "#0"},
				"up": {"uv": [8, 5.5, 7.5, 5], "texture": "#0"},
				"down": {"uv": [6, 7.5, 5.5, 8], "texture": "#0"}
			}
		},
		{
			"from": [10.3, -7, 7.2],
			"to": [11.1, -5.9, 7.8],
			"faces": {
				"north": {"uv": [7.5, 5.5, 8, 6], "texture": "#0"},
				"east": {"uv": [6, 7.5, 6.5, 8], "texture": "#0"},
				"south": {"uv": [7.5, 6, 8, 6.5], "texture": "#0"},
				"west": {"uv": [6.5, 7.5, 7, 8], "texture": "#0"},
				"up": {"uv": [8, 7, 7.5, 6.5], "texture": "#0"},
				"down": {"uv": [7.5, 7.5, 7, 8], "texture": "#0"}
			}
		},
		{
			"from": [7.4, -15, 7.1],
			"to": [8.2, -14.5, 7.9],
			"faces": {
				"north": {"uv": [7.5, 7, 8, 7.5], "texture": "#0"},
				"east": {"uv": [7.5, 7.5, 8, 8], "texture": "#0"},
				"south": {"uv": [8, 0, 8.5, 0.5], "texture": "#0"},
				"west": {"uv": [8, 0.5, 8.5, 1], "texture": "#0"},
				"up": {"uv": [8.5, 1.5, 8, 1], "texture": "#0"},
				"down": {"uv": [8.5, 1.5, 8, 2], "texture": "#0"}
			}
		},
		{
			"from": [7.3, -14.5, 6.5],
			"to": [8.3, -14, 8.5],
			"faces": {
				"north": {"uv": [8, 2, 8.5, 2.5], "texture": "#0"},
				"east": {"uv": [6.5, 6.5, 7.5, 7], "texture": "#0"},
				"south": {"uv": [8, 2.5, 8.5, 3], "texture": "#0"},
				"west": {"uv": [7, 0, 8, 0.5], "texture": "#0"},
				"up": {"uv": [7.5, 1.5, 7, 0.5], "texture": "#0"},
				"down": {"uv": [7.5, 3, 7, 4], "texture": "#0"}
			}
		},
		{
			"from": [8.3, -14.5, 7],
			"to": [8.8, -14, 8],
			"faces": {
				"north": {"uv": [3, 8, 3.5, 8.5], "texture": "#0"},
				"east": {"uv": [8, 3, 8.5, 3.5], "texture": "#0"},
				"south": {"uv": [3.5, 8, 4, 8.5], "texture": "#0"},
				"west": {"uv": [8, 3.5, 8.5, 4], "texture": "#0"},
				"up": {"uv": [4.5, 8.5, 4, 8], "texture": "#0"},
				"down": {"uv": [8.5, 4, 8, 4.5], "texture": "#0"}
			}
		},
		{
			"from": [6.8, -14.5, 7],
			"to": [7.3, -14, 8],
			"faces": {
				"north": {"uv": [4.5, 8, 5, 8.5], "texture": "#0"},
				"east": {"uv": [8, 4.5, 8.5, 5], "texture": "#0"},
				"south": {"uv": [5, 8, 5.5, 8.5], "texture": "#0"},
				"west": {"uv": [8, 5, 8.5, 5.5], "texture": "#0"},
				"up": {"uv": [6, 8.5, 5.5, 8], "texture": "#0"},
				"down": {"uv": [8.5, 5.5, 8, 6], "texture": "#0"}
			}
		}
	],
	"display": {
		"thirdperson_righthand": {
			"rotation": [0, -90, 0],
			"translation": [0, 17, 1.25]
		},
		"thirdperson_lefthand": {
			"rotation": [-113.5, 0, -20],
			"translation": [-7, -9.5, -2.75],
			"scale": [1.2, 1.2, 1.2]
		},
		"firstperson_righthand": {
			"rotation": [-9, -90, 0],
			"translation": [1, 16.5, -1.5],
			"scale": [1, 1, 0.53]
		},
		"firstperson_lefthand": {
			"rotation": [-180, 79, -29],
			"translation": [6.25, -13, 2.75]
		},
		"ground": {
			"rotation": [90, 0, 90],
			"translation": [-7, 0, 0]
		},
		"gui": {
			"rotation": [0, 0, 37],
			"translation": [-2.5, 4.5, 0],
			"scale": [0.65, 0.65, 0.65]
		},
		"head": {
			"translation": [0, 28.75, 0]
		},
		"fixed": {
			"rotation": [180, 0, 0],
			"translation": [0, -19, -2],
			"scale": [2.31, 2.31, 2.31]
		}
	},
	"groups": [
		{
			"name": "group",
			"origin": [8, 8, 8],
			"color": 0,
			"children": [0, 1, 2, 3, 4, 5, 6, 7, 8, 9, 10, 11, 12, 13]
		}
	]
}