{
    "parent": "minecraft:item/handheld",
    "textures": {
        "layer0": "minecraft:item/bone"
    },
    "overrides": [
		{
            "predicate": {
                "custom_model_data": 11
            },
            "model": "minecraft:undertale/sans-body-pocket"
        },
		{
            "predicate": {
                "custom_model_data": 12
            },
            "model": "minecraft:undertale/sans-body-shrug"
        },
		{
            "predicate": {
                "custom_model_data": 21
            },
            "model": "minecraft:undertale/sans-head"
        },
		{
            "predicate": {
                "custom_model_data": 22
            },
            "model": "minecraft:undertale/sans-head-wink"
        },
		{
            "predicate": {
                "custom_model_data": 23
            },
            "model": "minecraft:undertale/sans-head-pissed"
        },
		{
            "predicate": {
                "custom_model_data": 31
            },
            "model": "minecraft:undertale/papyrus-standing-head"
        },
		{
            "predicate": {
                "custom_model_data": 32
            },
            "model": "minecraft:undertale/papyrus-standing-body"
        },
		{
            "predicate": {
                "custom_model_data": 41
            },
            "model": "minecraft:undertale/papyrus-sitting-head"
        },
		{
            "predicate": {
                "custom_model_data": 42
            },
            "model": "minecraft:undertale/papyrus-sitting-body"
        },
		{
            "predicate": {
                "custom_model_data": 43
            },
            "model": "minecraft:undertale/papyrus-sitting-left-leg"
        },
		{
            "predicate": {
                "custom_model_data": 44
            },
            "model": "minecraft:undertale/papyrus-sitting-right-leg"
        },
		{
            "predicate": {
                "custom_model_data": 61
            },
            "model": "minecraft:undertale/undyne-sitting-head"
        },
		{
            "predicate": {
                "custom_model_data": 62
            },
            "model": "minecraft:undertale/undyne-sitting-body-armless"
        },
		{
            "predicate": {
                "custom_model_data": 63
            },
            "model": "minecraft:undertale/undyne-sitting-left-leg"
        },
		{
            "predicate": {
                "custom_model_data": 64
            },
            "model": "minecraft:undertale/undyne-sitting-right-leg"
        },
		{
            "predicate": {
                "custom_model_data": 65
            },
            "model": "minecraft:undertale/undyne-sitting-left-arm"
        },
		{
            "predicate": {
                "custom_model_data": 66
            },
            "model": "minecraft:undertale/undyne-sitting-right-arm"
        },
		{
            "predicate": {
                "custom_model_data": 67
            },
            "model": "minecraft:undertale/undyne-sitting-body"
        },
		{
            "predicate": {
                "custom_model_data": 71
            },
            "model": "minecraft:undertale/undyne-standing-head"
        },
		{
            "predicate": {
                "custom_model_data": 72
            },
            "model": "minecraft:undertale/undyne-standing-body"
        },
		{
            "predicate": {
                "custom_model_data": 100
            },
            "model": "minecraft:clash/giant-scaled"
        },
		{
            "predicate": {
                "custom_model_data": 101
            },
            "model": "minecraft:clash/giant-scaled-body"
        },
		{
            "predicate": {
                "custom_model_data": 102
            },
            "model": "minecraft:clash/giant-scaled-left-leg"
        },
		{
            "predicate": {
                "custom_model_data": 103
            },
            "model": "minecraft:clash/giant-scaled-right-leg"
        },
		{
            "predicate": {
                "custom_model_data": 104
            },
            "model": "minecraft:clash/giant-scaled-left-arm"
        },
		{
            "predicate": {
                "custom_model_data": 105
            },
            "model": "minecraft:clash/giant-scaled-right-arm"
        }
	]
}