{
    "parent": "minecraft:item/handheld",
    "textures": {
        "layer0": "minecraft:item/barrier"
    },
    "overrides": [
        {
            "predicate": {
                "custom_model_data": 1
            },
            "model": "minecraft:item/lime_dye"
        },
		{
            "predicate": {
                "custom_model_data": 2
            },
            "model": "minecraft:item/gray_dye"
        },
		{
            "predicate": {
                "custom_model_data": 3
            },
            "model": "minecraft:item/golden_key"
        },
		{
            "predicate": {
                "custom_model_data": 4
            },
            "model": "minecraft:item/silver_key"
        },
		{
            "predicate": {
                "custom_model_data": 5
            },
            "model": "minecraft:item/potato"
        },
		{
            "predicate": {
                "custom_model_data": 6
            },
            "model": "minecraft:item/snow_cannon"
        },
		{
            "predicate": {
                "custom_model_data": 7
            },
            "model": "minecraft:item/super_mushroom"
        },
		{
            "predicate": {
                "custom_model_data": 8
            },
            "model": "minecraft:item/fire_flower"
        },
		{
            "predicate": {
                "custom_model_data": 9
            },
            "model": "minecraft:item/ring"
        },
		{
            "predicate": {
                "custom_model_data": 10
            },
            "model": "minecraft:item/poison_mushroom"
        },
		{
            "predicate": {
                "custom_model_data": 11
            },
            "model": "minecraft:item/ice_flower"
        },
		{
            "predicate": {
                "custom_model_data": 12
            },
            "model": "minecraft:item/gold_flower"
        },
		{
            "predicate": {
                "custom_model_data": 13
            },
            "model": "minecraft:item/lean_flower"
        },
		{
            "predicate": {
                "custom_model_data": 14
            },
            "model": "minecraft:item/thunder_flower"
        },
		{
            "predicate": {
                "custom_model_data": 15
            },
            "model": "minecraft:item/shears"
        },
		{
            "predicate": {
                "custom_model_data": 16
            },
            "model": "minecraft:item/portal_gun"
        },
		{
            "predicate": {
                "custom_model_data": 17
            },
            "model": "minecraft:item/gravity_gun"
        },
		{
            "predicate": {
                "custom_model_data": 18
            },
            "model": "minecraft:item/angry_bird"
        },
		{
            "predicate": {
                "custom_model_data": 19
            },
            "model": "minecraft:amogyou/usable_map"
        },
		{
            "predicate": {
                "custom_model_data": 20
            },
            "model": "minecraft:amogyou/usable_kill"
        },
		{
            "predicate": {
                "custom_model_data": 21
            },
            "model": "minecraft:amogyou/usable_kill_gray"
        },
		{
            "predicate": {
                "custom_model_data": 22
            },
            "model": "minecraft:amogyou/usable_report"
        },
		{
            "predicate": {
                "custom_model_data": 23
            },
            "model": "minecraft:amogyou/usable_report_gray"
        },
		{
            "predicate": {
                "custom_model_data": 24
            },
            "model": "minecraft:amogyou/usable_sabotage"
        },
		{
            "predicate": {
                "custom_model_data": 25
            },
            "model": "minecraft:amogyou/usable_sabotage_doors"
        },
		{
            "predicate": {
                "custom_model_data": 26
            },
            "model": "minecraft:amogyou/usable_sabotage_lights"
        },
		{
            "predicate": {
                "custom_model_data": 27
            },
            "model": "minecraft:amogyou/usable_sabotage_reactor"
        },
		{
            "predicate": {
                "custom_model_data": 28
            },
            "model": "minecraft:amogyou/usable_use"
        },
		{
            "predicate": {
                "custom_model_data": 29
            },
            "model": "minecraft:amogyou/usable_vent"
        },
		{
            "predicate": {
                "custom_model_data": 30
            },
            "model": "minecraft:amogyou/usable_vent_gray"
        },
		{
            "predicate": {
                "custom_model_data": 31
            },
            "model": "minecraft:amogyou/usable_sabotage_o2"
        },
		{
            "predicate": {
                "custom_model_data": 32
            },
            "model": "minecraft:amogyou/usable_sabotage_doors_gray"
        },
		{
            "predicate": {
                "custom_model_data": 33
            },
            "model": "minecraft:amogyou/usable_sabotage_lights_gray"
        },
		{
            "predicate": {
                "custom_model_data": 34
            },
            "model": "minecraft:amogyou/usable_sabotage_reactor_gray"
        },
		{
            "predicate": {
                "custom_model_data": 35
            },
            "model": "minecraft:amogyou/usable_sabotage_gray"
        },
		{
            "predicate": {
                "custom_model_data": 36
            },
            "model": "minecraft:amogyou/usable_sabotage_o2_gray"
        },
		{
            "predicate": {
                "custom_model_data": 37
            },
            "model": "minecraft:amogyou/usable_vent_left"
        },
		{
            "predicate": {
                "custom_model_data": 38
            },
            "model": "minecraft:amogyou/usable_vent_right"
        },
		{
            "predicate": {
                "custom_model_data": 39
            },
            "model": "minecraft:item/emerald_white"
        },
		{
            "predicate": {
                "custom_model_data": 40
            },
            "model": "minecraft:item/emerald_yellow"
        },
		{
            "predicate": {
                "custom_model_data": 41
            },
            "model": "minecraft:item/emerald_red"
        },
		{
            "predicate": {
                "custom_model_data": 42
            },
            "model": "minecraft:item/emerald_green"
        },
		{
            "predicate": {
                "custom_model_data": 43
            },
            "model": "minecraft:item/emerald_cyan"
        },
		{
            "predicate": {
                "custom_model_data": 44
            },
            "model": "minecraft:item/emerald_blue"
        },
		{
            "predicate": {
                "custom_model_data": 45
            },
            "model": "minecraft:item/emerald_purple"
        },
		{
            "predicate": {
                "custom_model_data": 50
            },
            "model": "minecraft:act3/bald/glove"
        },
		{
            "predicate": {
                "custom_model_data": 51
            },
            "model": "minecraft:item/gun"
        },
		{
            "predicate": {
                "custom_model_data": 52
            },
            "model": "minecraft:item/blaze_rod"
        },
		{
            "predicate": {
                "custom_model_data": 53
            },
            "model": "minecraft:item/water_gun"
        },
		{
            "predicate": {
                "custom_model_data": 54
            },
            "model": "minecraft:item/water_gun_filled"
        }
	]
}