{
    "parent": "minecraft:item/handheld",
    "textures": {
        "layer0": "minecraft:item/chain"
    },
    "overrides": [
        {
            "predicate": {
                "custom_model_data": 1
            },
            "model": "minecraft:act3/fnaf/freddy-body"
        },
		{
            "predicate": {
                "custom_model_data": 2
            },
            "model": "minecraft:act3/fnaf/freddy-fly"
        },
		{
            "predicate": {
                "custom_model_data": 3
            },
            "model": "minecraft:act3/fnaf/withered-freddy-normal"
        },
		{
            "predicate": {
                "custom_model_data": 4
            },
            "model": "minecraft:act3/fnaf/withered-freddy-peeking"
        },
		{
            "predicate": {
                "custom_model_data": 5
            },
            "model": "minecraft:act3/fnaf/withered-bonnie-normal"
        },
		{
            "predicate": {
                "custom_model_data": 6
            },
            "model": "minecraft:act3/fnaf/withered-bonnie-window"
        },
		{
            "predicate": {
                "custom_model_data": 7
            },
            "model": "minecraft:act3/fnaf/withered-chica-normal"
        },
		{
            "predicate": {
                "custom_model_data": 8
            },
            "model": "minecraft:act3/fnaf/withered-foxy-normal"
        },
		{
            "predicate": {
                "custom_model_data": 9
            },
            "model": "minecraft:act3/fnaf/withered-foxy-confident"
        },
		{
            "predicate": {
                "custom_model_data": 10
            },
            "model": "minecraft:act3/fnaf/withered-foxy-close"
        },
		{
            "predicate": {
                "custom_model_data": 11
            },
            "model": "minecraft:act3/trollge/trollge-standing-right-leg"
        },
		{
            "predicate": {
                "custom_model_data": 12
            },
            "model": "minecraft:act3/trollge/trollge-standing-left-leg"
        },
		{
            "predicate": {
                "custom_model_data": 13
            },
            "model": "minecraft:act3/trollge/trollge-standing-body"
        },
		{
            "predicate": {
                "custom_model_data": 14
            },
            "model": "minecraft:act3/trollge/trollge-standing-right-arm"
        },
		{
            "predicate": {
                "custom_model_data": 15
            },
            "model": "minecraft:act3/trollge/trollge-standing-left-arm"
        },
		{
            "predicate": {
                "custom_model_data": 16
            },
            "model": "minecraft:act3/trollge/trollge-standing-head"
        },
		{
            "predicate": {
                "custom_model_data": 21
            },
            "model": "minecraft:act3/trollge/trollge-standing-right-leg"
        },
		{
            "predicate": {
                "custom_model_data": 22
            },
            "model": "minecraft:act3/trollge/trollge-standing-left-leg"
        },
		{
            "predicate": {
                "custom_model_data": 23
            },
            "model": "minecraft:act3/trollge/trollge-standing-body"
        },
		{
            "predicate": {
                "custom_model_data": 24
            },
            "model": "minecraft:act3/trollge/trollge-running-right-arm"
        },
		{
            "predicate": {
                "custom_model_data": 25
            },
            "model": "minecraft:act3/trollge/trollge-running-left-arm"
        },
		{
            "predicate": {
                "custom_model_data": 26
            },
            "model": "minecraft:act3/trollge/trollge-standing-head"
        },
		{
            "predicate": {
                "custom_model_data": 31
            },
            "model": "minecraft:act3/trollge/trollge-downslam-right-leg"
        },
		{
            "predicate": {
                "custom_model_data": 32
            },
            "model": "minecraft:act3/trollge/trollge-downslam-left-leg"
        },
		{
            "predicate": {
                "custom_model_data": 33
            },
            "model": "minecraft:act3/trollge/trollge-downslam-body"
        },
		{
            "predicate": {
                "custom_model_data": 34
            },
            "model": "minecraft:act3/trollge/trollge-downslam-right-arm"
        },
		{
            "predicate": {
                "custom_model_data": 35
            },
            "model": "minecraft:act3/trollge/trollge-downslam-left-arm"
        },
		{
            "predicate": {
                "custom_model_data": 36
            },
            "model": "minecraft:act3/trollge/trollge-downslam-head"
        },
		{
            "predicate": {
                "custom_model_data": 41
            },
            "model": "minecraft:act3/trollge/trollge-standing-right-leg"
        },
		{
            "predicate": {
                "custom_model_data": 42
            },
            "model": "minecraft:act3/trollge/trollge-standing-left-leg"
        },
		{
            "predicate": {
                "custom_model_data": 43
            },
            "model": "minecraft:act3/trollge/trollge-downslamprep-body"
        },
		{
            "predicate": {
                "custom_model_data": 44
            },
            "model": "minecraft:act3/trollge/trollge-downslamprep-right-arm"
        },
		{
            "predicate": {
                "custom_model_data": 45
            },
            "model": "minecraft:act3/trollge/trollge-downslamprep-left-arm"
        },
		{
            "predicate": {
                "custom_model_data": 46
            },
            "model": "minecraft:act3/trollge/trollge-downslamprep-head"
        },
		{
            "predicate": {
                "custom_model_data": 51
            },
            "model": "minecraft:act3/trollge/trollge-downslam-right-leg"
        },
		{
            "predicate": {
                "custom_model_data": 52
            },
            "model": "minecraft:act3/trollge/trollge-downslam-left-leg"
        },
		{
            "predicate": {
                "custom_model_data": 53
            },
            "model": "minecraft:finale/trollge/trollge-stunned-body"
        },
		{
            "predicate": {
                "custom_model_data": 54
            },
            "model": "minecraft:finale/trollge/trollge-stunned-right-arm"
        },
		{
            "predicate": {
                "custom_model_data": 55
            },
            "model": "minecraft:finale/trollge/trollge-stunned-left-arm"
        },
		{
            "predicate": {
                "custom_model_data": 56
            },
            "model": "minecraft:finale/trollge/trollge-stunned-head"
        },
		{
            "predicate": {
                "custom_model_data": 61
            },
            "model": "minecraft:act3/trollge/trollge-standing-right-leg"
        },
		{
            "predicate": {
                "custom_model_data": 62
            },
            "model": "minecraft:act3/trollge/trollge-standing-left-leg"
        },
		{
            "predicate": {
                "custom_model_data": 63
            },
            "model": "minecraft:finale/trollge/trollge-standingup-body"
        },
		{
            "predicate": {
                "custom_model_data": 64
            },
            "model": "minecraft:finale/trollge/trollge-standingup-right-arm"
        },
		{
            "predicate": {
                "custom_model_data": 65
            },
            "model": "minecraft:finale/trollge/trollge-standingup-left-arm"
        },
		{
            "predicate": {
                "custom_model_data": 66
            },
            "model": "minecraft:finale/trollge/trollge-standingup-head"
        },
		{
            "predicate": {
                "custom_model_data": 67
            },
            "model": "minecraft:finale/trollge/trollge-standingup-right-arm-attack"
        },
		{
            "predicate": {
                "custom_model_data": 68
            },
            "model": "minecraft:finale/trollge/trollge-thunderstand-right-leg"
        },
		{
            "predicate": {
                "custom_model_data": 69
            },
            "model": "minecraft:finale/trollge/trollge-thunderstand-left-leg"
        },
		{
            "predicate": {
                "custom_model_data": 70
            },
            "model": "minecraft:misc/sniper-head-released"
        },
		{
            "predicate": {
                "custom_model_data": 71
            },
            "model": "minecraft:misc/toad-body"
        },
		{
            "predicate": {
                "custom_model_data": 72
            },
            "model": "minecraft:misc/toad-head"
        },
		{
            "predicate": {
                "custom_model_data": 73
            },
            "model": "minecraft:misc/goomba"
        },
		{
            "predicate": {
                "custom_model_data": 74
            },
            "model": "minecraft:misc/bird"
        },
		{
            "predicate": {
                "custom_model_data": 75
            },
            "model": "minecraft:misc/sniper-body"
        },
		{
            "predicate": {
                "custom_model_data": 76
            },
            "model": "minecraft:misc/sniper-head"
        },
		{
            "predicate": {
                "custom_model_data": 77
            },
            "model": "minecraft:misc/sniper-standing-body"
        },
		{
            "predicate": {
                "custom_model_data": 78
            },
            "model": "minecraft:misc/sniper-standing-head"
        },
		{
            "predicate": {
                "custom_model_data": 79
            },
            "model": "minecraft:misc/walter-body"
        },
		{
            "predicate": {
                "custom_model_data": 80
            },
            "model": "minecraft:misc/walter-head"
        },
		{
            "predicate": {
                "custom_model_data": 81
            },
            "model": "minecraft:misc/walter-pointed-gun"
        },
		{
            "predicate": {
                "custom_model_data": 82
            },
            "model": "minecraft:misc/walter-pointed"
        },
		{
            "predicate": {
                "custom_model_data": 83
            },
            "model": "minecraft:misc/rick-angry-legs"
        },
		{
            "predicate": {
                "custom_model_data": 84
            },
            "model": "minecraft:misc/rick-angry-body"
        },
		{
            "predicate": {
                "custom_model_data": 85
            },
            "model": "minecraft:misc/rick-angry-head"
        },
		{
            "predicate": {
                "custom_model_data": 86
            },
            "model": "minecraft:misc/rick-body"
        },
		{
            "predicate": {
                "custom_model_data": 87
            },
            "model": "minecraft:misc/rick-head"
        },
		{
            "predicate": {
                "custom_model_data": 88
            },
            "model": "minecraft:misc/smoke-body"
        },
		{
            "predicate": {
                "custom_model_data": 89
            },
            "model": "minecraft:misc/smoke-head"
        },
		{
            "predicate": {
                "custom_model_data": 90
            },
            "model": "minecraft:misc/zombie-body"
        },
		{
            "predicate": {
                "custom_model_data": 91
            },
            "model": "minecraft:misc/zombie-body-alt"
        },
		{
            "predicate": {
                "custom_model_data": 92
            },
            "model": "minecraft:misc/zombie-head"
        },
		{
            "predicate": {
                "custom_model_data": 93
            },
            "model": "minecraft:act3/fnaf/freddy-head"
        },
		{
            "predicate": {
                "custom_model_data": 100
            },
            "model": "minecraft:amogyou/red_standing"
        },
		{
            "predicate": {
                "custom_model_data": 101
            },
            "model": "minecraft:amogyou/red_left_phase_0"
        },
		{
            "predicate": {
                "custom_model_data": 102
            },
            "model": "minecraft:amogyou/red_left_phase_1"
        },
		{
            "predicate": {
                "custom_model_data": 103
            },
            "model": "minecraft:amogyou/red_right_phase_0"
        },
		{
            "predicate": {
                "custom_model_data": 104
            },
            "model": "minecraft:amogyou/red_right_phase_1"
        },
		{
            "predicate": {
                "custom_model_data": 105
            },
            "model": "minecraft:amogyou/red_corpse_phase_0"
        },
		{
            "predicate": {
                "custom_model_data": 106
            },
            "model": "minecraft:amogyou/red_corpse_phase_1"
        },
		{
            "predicate": {
                "custom_model_data": 110
            },
            "model": "minecraft:amogyou/orange_standing"
        },
		{
            "predicate": {
                "custom_model_data": 111
            },
            "model": "minecraft:amogyou/orange_left_phase_0"
        },
		{
            "predicate": {
                "custom_model_data": 112
            },
            "model": "minecraft:amogyou/orange_left_phase_1"
        },
		{
            "predicate": {
                "custom_model_data": 113
            },
            "model": "minecraft:amogyou/orange_right_phase_0"
        },
		{
            "predicate": {
                "custom_model_data": 114
            },
            "model": "minecraft:amogyou/orange_right_phase_1"
        },
		{
            "predicate": {
                "custom_model_data": 115
            },
            "model": "minecraft:amogyou/orange_corpse_phase_0"
        },
		{
            "predicate": {
                "custom_model_data": 116
            },
            "model": "minecraft:amogyou/orange_corpse_phase_1"
        },
		{
            "predicate": {
                "custom_model_data": 120
            },
            "model": "minecraft:amogyou/yellow_standing"
        },
		{
            "predicate": {
                "custom_model_data": 121
            },
            "model": "minecraft:amogyou/yellow_left_phase_0"
        },
		{
            "predicate": {
                "custom_model_data": 122
            },
            "model": "minecraft:amogyou/yellow_left_phase_1"
        },
		{
            "predicate": {
                "custom_model_data": 123
            },
            "model": "minecraft:amogyou/yellow_right_phase_0"
        },
		{
            "predicate": {
                "custom_model_data": 124
            },
            "model": "minecraft:amogyou/yellow_right_phase_1"
        },
		{
            "predicate": {
                "custom_model_data": 125
            },
            "model": "minecraft:amogyou/yellow_corpse_phase_0"
        },
		{
            "predicate": {
                "custom_model_data": 126
            },
            "model": "minecraft:amogyou/yellow_corpse_phase_1"
        },
		{
            "predicate": {
                "custom_model_data": 130
            },
            "model": "minecraft:amogyou/lime_standing"
        },
		{
            "predicate": {
                "custom_model_data": 131
            },
            "model": "minecraft:amogyou/lime_left_phase_0"
        },
		{
            "predicate": {
                "custom_model_data": 132
            },
            "model": "minecraft:amogyou/lime_left_phase_1"
        },
		{
            "predicate": {
                "custom_model_data": 133
            },
            "model": "minecraft:amogyou/lime_right_phase_0"
        },
		{
            "predicate": {
                "custom_model_data": 134
            },
            "model": "minecraft:amogyou/lime_right_phase_1"
        },
		{
            "predicate": {
                "custom_model_data": 135
            },
            "model": "minecraft:amogyou/lime_corpse_phase_0"
        },
		{
            "predicate": {
                "custom_model_data": 136
            },
            "model": "minecraft:amogyou/lime_corpse_phase_1"
        },
		{
            "predicate": {
                "custom_model_data": 140
            },
            "model": "minecraft:amogyou/green_standing"
        },
		{
            "predicate": {
                "custom_model_data": 141
            },
            "model": "minecraft:amogyou/green_left_phase_0"
        },
		{
            "predicate": {
                "custom_model_data": 142
            },
            "model": "minecraft:amogyou/green_left_phase_1"
        },
		{
            "predicate": {
                "custom_model_data": 143
            },
            "model": "minecraft:amogyou/green_right_phase_0"
        },
		{
            "predicate": {
                "custom_model_data": 144
            },
            "model": "minecraft:amogyou/green_right_phase_1"
        },
		{
            "predicate": {
                "custom_model_data": 145
            },
            "model": "minecraft:amogyou/green_corpse_phase_0"
        },
		{
            "predicate": {
                "custom_model_data": 146
            },
            "model": "minecraft:amogyou/green_corpse_phase_1"
        },
		{
            "predicate": {
                "custom_model_data": 150
            },
            "model": "minecraft:amogyou/aqua_standing"
        },
		{
            "predicate": {
                "custom_model_data": 151
            },
            "model": "minecraft:amogyou/aqua_left_phase_0"
        },
		{
            "predicate": {
                "custom_model_data": 152
            },
            "model": "minecraft:amogyou/aqua_left_phase_1"
        },
		{
            "predicate": {
                "custom_model_data": 153
            },
            "model": "minecraft:amogyou/aqua_right_phase_0"
        },
		{
            "predicate": {
                "custom_model_data": 154
            },
            "model": "minecraft:amogyou/aqua_right_phase_1"
        },
		{
            "predicate": {
                "custom_model_data": 155
            },
            "model": "minecraft:amogyou/aqua_corpse_phase_0"
        },
		{
            "predicate": {
                "custom_model_data": 156
            },
            "model": "minecraft:amogyou/aqua_corpse_phase_1"
        },
		{
            "predicate": {
                "custom_model_data": 160
            },
            "model": "minecraft:amogyou/pink_standing"
        },
		{
            "predicate": {
                "custom_model_data": 161
            },
            "model": "minecraft:amogyou/pink_left_phase_0"
        },
		{
            "predicate": {
                "custom_model_data": 162
            },
            "model": "minecraft:amogyou/pink_left_phase_1"
        },
		{
            "predicate": {
                "custom_model_data": 163
            },
            "model": "minecraft:amogyou/pink_right_phase_0"
        },
		{
            "predicate": {
                "custom_model_data": 164
            },
            "model": "minecraft:amogyou/pink_right_phase_1"
        },
		{
            "predicate": {
                "custom_model_data": 165
            },
            "model": "minecraft:amogyou/pink_corpse_phase_0"
        },
		{
            "predicate": {
                "custom_model_data": 166
            },
            "model": "minecraft:amogyou/pink_corpse_phase_1"
        },
		{
            "predicate": {
                "custom_model_data": 170
            },
            "model": "minecraft:amogyou/purple_standing"
        },
		{
            "predicate": {
                "custom_model_data": 171
            },
            "model": "minecraft:amogyou/purple_left_phase_0"
        },
		{
            "predicate": {
                "custom_model_data": 172
            },
            "model": "minecraft:amogyou/purple_left_phase_1"
        },
		{
            "predicate": {
                "custom_model_data": 173
            },
            "model": "minecraft:amogyou/purple_right_phase_0"
        },
		{
            "predicate": {
                "custom_model_data": 174
            },
            "model": "minecraft:amogyou/purple_right_phase_1"
        },
		{
            "predicate": {
                "custom_model_data": 175
            },
            "model": "minecraft:amogyou/purple_corpse_phase_0"
        },
		{
            "predicate": {
                "custom_model_data": 176
            },
            "model": "minecraft:amogyou/purple_corpse_phase_1"
        },
		{
            "predicate": {
                "custom_model_data": 180
            },
            "model": "minecraft:amogyou/white_standing"
        },
		{
            "predicate": {
                "custom_model_data": 181
            },
            "model": "minecraft:amogyou/white_left_phase_0"
        },
		{
            "predicate": {
                "custom_model_data": 182
            },
            "model": "minecraft:amogyou/white_left_phase_1"
        },
		{
            "predicate": {
                "custom_model_data": 183
            },
            "model": "minecraft:amogyou/white_right_phase_0"
        },
		{
            "predicate": {
                "custom_model_data": 184
            },
            "model": "minecraft:amogyou/white_right_phase_1"
        },
		{
            "predicate": {
                "custom_model_data": 185
            },
            "model": "minecraft:amogyou/white_corpse_phase_0"
        },
		{
            "predicate": {
                "custom_model_data": 186
            },
            "model": "minecraft:amogyou/white_corpse_phase_1"
        },
		{
            "predicate": {
                "custom_model_data": 190
            },
            "model": "minecraft:amogyou/blue_standing"
        },
		{
            "predicate": {
                "custom_model_data": 191
            },
            "model": "minecraft:amogyou/blue_left_phase_0"
        },
		{
            "predicate": {
                "custom_model_data": 192
            },
            "model": "minecraft:amogyou/blue_left_phase_1"
        },
		{
            "predicate": {
                "custom_model_data": 193
            },
            "model": "minecraft:amogyou/blue_right_phase_0"
        },
		{
            "predicate": {
                "custom_model_data": 194
            },
            "model": "minecraft:amogyou/blue_right_phase_1"
        },
		{
            "predicate": {
                "custom_model_data": 195
            },
            "model": "minecraft:amogyou/blue_corpse_phase_0"
        },
		{
            "predicate": {
                "custom_model_data": 196
            },
            "model": "minecraft:amogyou/blue_corpse_phase_1"
        },
		{
            "predicate": {
                "custom_model_data": 200
            },
            "model": "minecraft:amogyou/crewmate_player_model"
        },
		{
            "predicate": {
                "custom_model_data": 201
            },
            "model": "minecraft:amogyou/evil_black_standing"
        },
		{
            "predicate": {
                "custom_model_data": 202
            },
            "model": "minecraft:amogyou/gray_standing"
        },
		{
            "predicate": {
                "custom_model_data": 203
            },
            "model": "minecraft:amogyou/banana_standing"
        },
		{
            "predicate": {
                "custom_model_data": 204
            },
            "model": "minecraft:amogyou/maroon_standing"
        },
		{
            "predicate": {
                "custom_model_data": 205
            },
            "model": "minecraft:amogyou/brown_standing"
        },
		{
            "predicate": {
                "custom_model_data": 211
            },
            "model": "minecraft:finale/trollge/trollge-thunderfly-right-leg"
        },
		{
            "predicate": {
                "custom_model_data": 212
            },
            "model": "minecraft:finale/trollge/trollge-thunderfly-left-leg"
        },
		{
            "predicate": {
                "custom_model_data": 213
            },
            "model": "minecraft:finale/trollge/trollge-thunderfly-body"
        },
		{
            "predicate": {
                "custom_model_data": 214
            },
            "model": "minecraft:finale/trollge/trollge-thunderfly-right-arm"
        },
		{
            "predicate": {
                "custom_model_data": 215
            },
            "model": "minecraft:finale/trollge/trollge-thunderfly-left-arm"
        },
		{
            "predicate": {
                "custom_model_data": 216
            },
            "model": "minecraft:finale/trollge/trollge-thunderfly-head"
        },
		{
            "predicate": {
                "custom_model_data": 217
            },
            "model": "minecraft:finale/trollge/trollge-thunderfly-right-arm-up"
        },
		{
            "predicate": {
                "custom_model_data": 218
            },
            "model": "minecraft:finale/trollge/trollge-thunderfly-left-arm-up"
        },
		{
            "predicate": {
                "custom_model_data": 219
            },
            "model": "minecraft:finale/trollge/trollge-thunderfly-right-arm-attack"
        },
		{
            "predicate": {
                "custom_model_data": 221
            },
            "model": "minecraft:finale/trollge/trollge-chargefly-right-leg"
        },
		{
            "predicate": {
                "custom_model_data": 222
            },
            "model": "minecraft:finale/trollge/trollge-chargefly-left-leg"
        },
		{
            "predicate": {
                "custom_model_data": 223
            },
            "model": "minecraft:finale/trollge/trollge-chargefly-body"
        },
		{
            "predicate": {
                "custom_model_data": 224
            },
            "model": "minecraft:finale/trollge/trollge-chargefly-right-arm"
        },
		{
            "predicate": {
                "custom_model_data": 225
            },
            "model": "minecraft:finale/trollge/trollge-chargefly-left-arm"
        },
		{
            "predicate": {
                "custom_model_data": 226
            },
            "model": "minecraft:finale/trollge/trollge-chargefly-head"
        },
		{
            "predicate": {
                "custom_model_data": 231
            },
            "model": "minecraft:finale/trollge/trollge-stunnedfly-right-leg"
        },
		{
            "predicate": {
                "custom_model_data": 232
            },
            "model": "minecraft:finale/trollge/trollge-stunnedfly-left-leg"
        },
		{
            "predicate": {
                "custom_model_data": 233
            },
            "model": "minecraft:finale/trollge/trollge-stunnedfly-body"
        },
		{
            "predicate": {
                "custom_model_data": 234
            },
            "model": "minecraft:finale/trollge/trollge-stunnedfly-right-arm"
        },
		{
            "predicate": {
                "custom_model_data": 235
            },
            "model": "minecraft:finale/trollge/trollge-stunnedfly-left-arm"
        },
		{
            "predicate": {
                "custom_model_data": 236
            },
            "model": "minecraft:finale/trollge/trollge-stunnedfly-head"
        }
	]
}