{
    "parent": "minecraft:item/generated",
    "textures": {
        "layer0": "minecraft:item/diamond"
    },
    "overrides": [
		{
            "predicate": {
                "custom_model_data": 1
            },
            "model": "minecraft:fnf/boyfriend-idle-torso"
        },
		{
            "predicate": {
                "custom_model_data": 2
            },
            "model": "minecraft:fnf/boyfriend-idle-right-leg"
        },
		{
            "predicate": {
                "custom_model_data": 3
            },
            "model": "minecraft:fnf/boyfriend-idle-head"
        },
		{
            "predicate": {
                "custom_model_data": 4
            },
            "model": "minecraft:fnf/boyfriend-idle-left-leg"
        },
		{
            "predicate": {
                "custom_model_data": 5
            },
            "model": "minecraft:fnf/boyfriend-idle-left-arm"
        },
		{
            "predicate": {
                "custom_model_data": 6
            },
            "model": "minecraft:fnf/boyfriend-idle-right-arm"
        },
		{
            "predicate": {
                "custom_model_data": 10
            },
            "model": "minecraft:fnf/boyfriend-idle"
        },
		{
            "predicate": {
                "custom_model_data": 11
            },
            "model": "minecraft:fnf/boyfriend-left-torso"
        },
		{
            "predicate": {
                "custom_model_data": 12
            },
            "model": "minecraft:fnf/boyfriend-idle-right-leg"
        },
		{
            "predicate": {
                "custom_model_data": 13
            },
            "model": "minecraft:fnf/boyfriend-left-head"
        },
		{
            "predicate": {
                "custom_model_data": 14
            },
            "model": "minecraft:fnf/boyfriend-idle-left-leg"
        },
		{
            "predicate": {
                "custom_model_data": 15
            },
            "model": "minecraft:fnf/boyfriend-left-left-arm"
        },
		{
            "predicate": {
                "custom_model_data": 16
            },
            "model": "minecraft:fnf/boyfriend-left-right-arm"
        },
		{
            "predicate": {
                "custom_model_data": 21
            },
            "model": "minecraft:fnf/boyfriend-left-final-torso"
        },
		{
            "predicate": {
                "custom_model_data": 22
            },
            "model": "minecraft:fnf/boyfriend-left-final-right-leg"
        },
		{
            "predicate": {
                "custom_model_data": 23
            },
            "model": "minecraft:fnf/boyfriend-left-final-head"
        },
		{
            "predicate": {
                "custom_model_data": 24
            },
            "model": "minecraft:fnf/boyfriend-left-final-left-leg"
        },
		{
            "predicate": {
                "custom_model_data": 25
            },
            "model": "minecraft:fnf/boyfriend-left-final-left-arm"
        },
		{
            "predicate": {
                "custom_model_data": 26
            },
            "model": "minecraft:fnf/boyfriend-left-final-right-arm"
        },
		{
            "predicate": {
                "custom_model_data": 31
            },
            "model": "minecraft:fnf/boyfriend-down-torso"
        },
		{
            "predicate": {
                "custom_model_data": 32
            },
            "model": "minecraft:fnf/boyfriend-down-right-leg"
        },
		{
            "predicate": {
                "custom_model_data": 33
            },
            "model": "minecraft:fnf/boyfriend-down-head"
        },
		{
            "predicate": {
                "custom_model_data": 34
            },
            "model": "minecraft:fnf/boyfriend-down-left-leg"
        },
		{
            "predicate": {
                "custom_model_data": 35
            },
            "model": "minecraft:fnf/boyfriend-down-left-arm"
        },
		{
            "predicate": {
                "custom_model_data": 36
            },
            "model": "minecraft:fnf/boyfriend-down-right-arm"
        },
		{
            "predicate": {
                "custom_model_data": 41
            },
            "model": "minecraft:fnf/boyfriend-down-final-torso"
        },
		{
            "predicate": {
                "custom_model_data": 42
            },
            "model": "minecraft:fnf/boyfriend-down-final-right-leg"
        },
		{
            "predicate": {
                "custom_model_data": 43
            },
            "model": "minecraft:fnf/boyfriend-down-final-head"
        },
		{
            "predicate": {
                "custom_model_data": 44
            },
            "model": "minecraft:fnf/boyfriend-down-final-left-leg"
        },
		{
            "predicate": {
                "custom_model_data": 45
            },
            "model": "minecraft:fnf/boyfriend-down-final-left-arm"
        },
		{
            "predicate": {
                "custom_model_data": 46
            },
            "model": "minecraft:fnf/boyfriend-down-final-right-arm"
        },
		{
            "predicate": {
                "custom_model_data": 51
            },
            "model": "minecraft:fnf/boyfriend-idle-torso"
        },
		{
            "predicate": {
                "custom_model_data": 52
            },
            "model": "minecraft:fnf/boyfriend-idle-right-leg"
        },
		{
            "predicate": {
                "custom_model_data": 53
            },
            "model": "minecraft:fnf/boyfriend-up-head"
        },
		{
            "predicate": {
                "custom_model_data": 54
            },
            "model": "minecraft:fnf/boyfriend-idle-left-leg"
        },
		{
            "predicate": {
                "custom_model_data": 55
            },
            "model": "minecraft:fnf/boyfriend-up-left-arm"
        },
		{
            "predicate": {
                "custom_model_data": 56
            },
            "model": "minecraft:fnf/boyfriend-up-right-arm"
        },
		{
            "predicate": {
                "custom_model_data": 61
            },
            "model": "minecraft:fnf/boyfriend-idle-torso"
        },
		{
            "predicate": {
                "custom_model_data": 62
            },
            "model": "minecraft:fnf/boyfriend-idle-right-leg"
        },
		{
            "predicate": {
                "custom_model_data": 63
            },
            "model": "minecraft:fnf/boyfriend-up-final-head"
        },
		{
            "predicate": {
                "custom_model_data": 64
            },
            "model": "minecraft:fnf/boyfriend-idle-left-leg"
        },
		{
            "predicate": {
                "custom_model_data": 65
            },
            "model": "minecraft:fnf/boyfriend-up-final-left-arm"
        },
		{
            "predicate": {
                "custom_model_data": 66
            },
            "model": "minecraft:fnf/boyfriend-up-final-right-arm"
        },
		{
            "predicate": {
                "custom_model_data": 71
            },
            "model": "minecraft:fnf/boyfriend-right-torso"
        },
		{
            "predicate": {
                "custom_model_data": 72
            },
            "model": "minecraft:fnf/boyfriend-idle-right-leg"
        },
		{
            "predicate": {
                "custom_model_data": 73
            },
            "model": "minecraft:fnf/boyfriend-right-head"
        },
		{
            "predicate": {
                "custom_model_data": 74
            },
            "model": "minecraft:fnf/boyfriend-idle-left-leg"
        },
		{
            "predicate": {
                "custom_model_data": 75
            },
            "model": "minecraft:fnf/boyfriend-right-left-arm"
        },
		{
            "predicate": {
                "custom_model_data": 76
            },
            "model": "minecraft:fnf/boyfriend-right-right-arm"
        },
		{
            "predicate": {
                "custom_model_data": 81
            },
            "model": "minecraft:fnf/boyfriend-right-final-torso"
        },
		{
            "predicate": {
                "custom_model_data": 82
            },
            "model": "minecraft:fnf/boyfriend-idle-right-leg"
        },
		{
            "predicate": {
                "custom_model_data": 83
            },
            "model": "minecraft:fnf/boyfriend-right-final-head"
        },
		{
            "predicate": {
                "custom_model_data": 84
            },
            "model": "minecraft:fnf/boyfriend-idle-left-leg"
        },
		{
            "predicate": {
                "custom_model_data": 85
            },
            "model": "minecraft:fnf/boyfriend-right-final-left-arm"
        },
		{
            "predicate": {
                "custom_model_data": 86
            },
            "model": "minecraft:fnf/boyfriend-right-final-right-arm"
        }
	]
}