{
    "parent": "minecraft:item/generated",
    "textures": {
        "layer0": "minecraft:item/emerald"
    },
    "overrides": [
		{
            "predicate": {
                "custom_model_data": 1
            },
            "model": "minecraft:fnf/peeter100-idle-torso"
        },
		{
            "predicate": {
                "custom_model_data": 2
            },
            "model": "minecraft:fnf/peeter100-idle-left-leg"
        },
		{
            "predicate": {
                "custom_model_data": 3
            },
            "model": "minecraft:fnf/peeter100-idle-head"
        },
		{
            "predicate": {
                "custom_model_data": 4
            },
            "model": "minecraft:fnf/peeter100-idle-right-leg"
        },
		{
            "predicate": {
                "custom_model_data": 5
            },
            "model": "minecraft:fnf/peeter100-idle-right-arm"
        },
		{
            "predicate": {
                "custom_model_data": 6
            },
            "model": "minecraft:fnf/peeter100-idle-left-arm"
        },
		{
            "predicate": {
                "custom_model_data": 7
            },
            "model": "minecraft:fnf/peeter100-pose-crossed"
        },
		{
            "predicate": {
                "custom_model_data": 8
            },
            "model": "minecraft:finale/p100/peeter100-pose-headless"
        },
		{
            "predicate": {
                "custom_model_data": 9
            },
            "model": "minecraft:finale/p100/peeter100-pose-armless"
        },
		{
            "predicate": {
                "custom_model_data": 10
            },
            "model": "minecraft:finale/p100/peeter100-pose-point-arm"
        },
		{
            "predicate": {
                "custom_model_data": 11
            },
            "model": "minecraft:fnf/peeter100-left-torso"
        },
		{
            "predicate": {
                "custom_model_data": 12
            },
            "model": "minecraft:fnf/peeter100-idle-left-leg"
        },
		{
            "predicate": {
                "custom_model_data": 13
            },
            "model": "minecraft:fnf/peeter100-left-head"
        },
		{
            "predicate": {
                "custom_model_data": 14
            },
            "model": "minecraft:fnf/peeter100-idle-right-leg"
        },
		{
            "predicate": {
                "custom_model_data": 15
            },
            "model": "minecraft:fnf/peeter100-left-right-arm"
        },
		{
            "predicate": {
                "custom_model_data": 16
            },
            "model": "minecraft:fnf/peeter100-left-left-arm"
        },
		{
            "predicate": {
                "custom_model_data": 21
            },
            "model": "minecraft:fnf/peeter100-left-final-torso"
        },
		{
            "predicate": {
                "custom_model_data": 22
            },
            "model": "minecraft:fnf/peeter100-idle-left-leg"
        },
		{
            "predicate": {
                "custom_model_data": 23
            },
            "model": "minecraft:fnf/peeter100-left-final-head"
        },
		{
            "predicate": {
                "custom_model_data": 24
            },
            "model": "minecraft:fnf/peeter100-idle-right-leg"
        },
		{
            "predicate": {
                "custom_model_data": 25
            },
            "model": "minecraft:fnf/peeter100-left-final-right-arm"
        },
		{
            "predicate": {
                "custom_model_data": 26
            },
            "model": "minecraft:fnf/peeter100-left-final-left-arm"
        },
		{
            "predicate": {
                "custom_model_data": 31
            },
            "model": "minecraft:fnf/peeter100-down-torso"
        },
		{
            "predicate": {
                "custom_model_data": 32
            },
            "model": "minecraft:fnf/peeter100-idle-left-leg"
        },
		{
            "predicate": {
                "custom_model_data": 33
            },
            "model": "minecraft:fnf/peeter100-down-head"
        },
		{
            "predicate": {
                "custom_model_data": 34
            },
            "model": "minecraft:fnf/peeter100-idle-right-leg"
        },
		{
            "predicate": {
                "custom_model_data": 35
            },
            "model": "minecraft:fnf/peeter100-down-right-arm"
        },
		{
            "predicate": {
                "custom_model_data": 36
            },
            "model": "minecraft:fnf/peeter100-down-left-arm"
        },
		{
            "predicate": {
                "custom_model_data": 41
            },
            "model": "minecraft:fnf/peeter100-down-final-torso"
        },
		{
            "predicate": {
                "custom_model_data": 42
            },
            "model": "minecraft:fnf/peeter100-idle-left-leg"
        },
		{
            "predicate": {
                "custom_model_data": 43
            },
            "model": "minecraft:fnf/peeter100-down-final-head"
        },
		{
            "predicate": {
                "custom_model_data": 44
            },
            "model": "minecraft:fnf/peeter100-idle-right-leg"
        },
		{
            "predicate": {
                "custom_model_data": 45
            },
            "model": "minecraft:fnf/peeter100-down-final-right-arm"
        },
		{
            "predicate": {
                "custom_model_data": 46
            },
            "model": "minecraft:fnf/peeter100-down-final-left-arm"
        },
		{
            "predicate": {
                "custom_model_data": 51
            },
            "model": "minecraft:fnf/peeter100-idle-torso"
        },
		{
            "predicate": {
                "custom_model_data": 52
            },
            "model": "minecraft:fnf/peeter100-idle-left-leg"
        },
		{
            "predicate": {
                "custom_model_data": 53
            },
            "model": "minecraft:fnf/peeter100-up-head"
        },
		{
            "predicate": {
                "custom_model_data": 54
            },
            "model": "minecraft:fnf/peeter100-idle-right-leg"
        },
		{
            "predicate": {
                "custom_model_data": 55
            },
            "model": "minecraft:fnf/peeter100-up-right-arm"
        },
		{
            "predicate": {
                "custom_model_data": 56
            },
            "model": "minecraft:fnf/peeter100-up-left-arm"
        },
		{
            "predicate": {
                "custom_model_data": 61
            },
            "model": "minecraft:fnf/peeter100-idle-torso"
        },
		{
            "predicate": {
                "custom_model_data": 62
            },
            "model": "minecraft:fnf/peeter100-idle-left-leg"
        },
		{
            "predicate": {
                "custom_model_data": 63
            },
            "model": "minecraft:fnf/peeter100-up-final-head"
        },
		{
            "predicate": {
                "custom_model_data": 64
            },
            "model": "minecraft:fnf/peeter100-idle-right-leg"
        },
		{
            "predicate": {
                "custom_model_data": 65
            },
            "model": "minecraft:fnf/peeter100-up-final-right-arm"
        },
		{
            "predicate": {
                "custom_model_data": 66
            },
            "model": "minecraft:fnf/peeter100-up-final-left-arm"
        },
		{
            "predicate": {
                "custom_model_data": 71
            },
            "model": "minecraft:fnf/peeter100-right-torso"
        },
		{
            "predicate": {
                "custom_model_data": 72
            },
            "model": "minecraft:fnf/peeter100-idle-left-leg"
        },
		{
            "predicate": {
                "custom_model_data": 73
            },
            "model": "minecraft:fnf/peeter100-right-head"
        },
		{
            "predicate": {
                "custom_model_data": 74
            },
            "model": "minecraft:fnf/peeter100-idle-right-leg"
        },
		{
            "predicate": {
                "custom_model_data": 75
            },
            "model": "minecraft:fnf/peeter100-right-right-arm"
        },
		{
            "predicate": {
                "custom_model_data": 76
            },
            "model": "minecraft:fnf/peeter100-right-left-arm"
        },
		{
            "predicate": {
                "custom_model_data": 81
            },
            "model": "minecraft:fnf/peeter100-right-final-torso"
        },
		{
            "predicate": {
                "custom_model_data": 82
            },
            "model": "minecraft:fnf/peeter100-idle-left-leg"
        },
		{
            "predicate": {
                "custom_model_data": 83
            },
            "model": "minecraft:fnf/peeter100-right-final-head"
        },
		{
            "predicate": {
                "custom_model_data": 84
            },
            "model": "minecraft:fnf/peeter100-idle-right-leg"
        },
		{
            "predicate": {
                "custom_model_data": 85
            },
            "model": "minecraft:fnf/peeter100-right-final-right-arm"
        },
		{
            "predicate": {
                "custom_model_data": 86
            },
            "model": "minecraft:fnf/peeter100-right-final-left-arm"
        },
		{
            "predicate": {
                "custom_model_data": 91
            },
            "model": "minecraft:fnf/peeter100-idle-torso"
        },
		{
            "predicate": {
                "custom_model_data": 92
            },
            "model": "minecraft:fnf/peeter100-idle-left-leg"
        },
		{
            "predicate": {
                "custom_model_data": 93
            },
            "model": "minecraft:fnf/peeter100-idle-head"
        },
		{
            "predicate": {
                "custom_model_data": 94
            },
            "model": "minecraft:fnf/peeter100-idle-right-leg"
        },
		{
            "predicate": {
                "custom_model_data": 95
            },
            "model": "minecraft:fnf/peeter100-crossed-right-arm"
        },
		{
            "predicate": {
                "custom_model_data": 96
            },
            "model": "minecraft:fnf/peeter100-crossed-left-arm"
        },
		{
            "predicate": {
                "custom_model_data": 100
            },
            "model": "minecraft:finale/p100/peeter100-pose-proud"
        },
		{
            "predicate": {
                "custom_model_data": 101
            },
            "model": "minecraft:finale/p100/peeter100-pose-shocked"
        },
		{
            "predicate": {
                "custom_model_data": 102
            },
            "model": "minecraft:finale/p100/peeter100-pose-leaning-armless"
        },
		{
            "predicate": {
                "custom_model_data": 103
            },
            "model": "minecraft:finale/p100/peeter100-pose-idlefly-armless"
        },
		{
            "predicate": {
                "custom_model_data": 104
            },
            "model": "minecraft:finale/p100/peeter100-pose-idlefly-arms-up"
        },
		{
            "predicate": {
                "custom_model_data": 105
            },
            "model": "minecraft:finale/p100/peeter100-pose-idlefly-arms-down"
        },
		{
            "predicate": {
                "custom_model_data": 106
            },
            "model": "minecraft:finale/p100/peeter100-pose-idlefly-arms-attack"
        },
		{
            "predicate": {
                "custom_model_data": 107
            },
            "model": "minecraft:finale/p100/peeter100-pose-chargefly"
        },
		{
            "predicate": {
                "custom_model_data": 108
            },
            "model": "minecraft:finale/p100/peeter100-pose-chargefly-stun"
        }
	]
}