{
    "parent": "minecraft:item/generated",
    "textures": {
        "layer0": "minecraft:item/gold_ingot"
    },
    "overrides": [
        {
            "predicate": {
                "custom_model_data": 1
            },
            "model": "minecraft:item/social_credit"
        },
		{
            "predicate": {
                "custom_model_data": 2
            },
            "model": "minecraft:item/snowball"
        },
		{
            "predicate": {
                "custom_model_data": 3
            },
            "model": "minecraft:item/fries"
        },
		{
            "predicate": {
                "custom_model_data": 4
            },
            "model": "minecraft:item/chicken_nuggets"
        },
		{
            "predicate": {
                "custom_model_data": 5
            },
            "model": "minecraft:item/burger"
        },
		{
            "predicate": {
                "custom_model_data": 6
            },
            "model": "minecraft:item/soda"
        },
		{
            "predicate": {
                "custom_model_data": 7
            },
            "model": "minecraft:item/vodka"
        },
		{
            "predicate": {
                "custom_model_data": 11
            },
            "model": "minecraft:act3/sonic/shadow-body"
        },
		{
            "predicate": {
                "custom_model_data": 12
            },
            "model": "minecraft:act3/sonic/shadow-body-left-arm"
        },
		{
            "predicate": {
                "custom_model_data": 13
            },
            "model": "minecraft:act3/sonic/shadow-body-right-arm"
        },
		{
            "predicate": {
                "custom_model_data": 14
            },
            "model": "minecraft:act3/sonic/shadow-head"
        },
		{
            "predicate": {
                "custom_model_data": 15
            },
            "model": "minecraft:act3/sonic/shadow-head-quills-left"
        },
		{
            "predicate": {
                "custom_model_data": 16
            },
            "model": "minecraft:act3/sonic/shadow-head-quills-right"
        },
		{
            "predicate": {
                "custom_model_data": 17
            },
            "model": "minecraft:act3/sonic/shadow-body-right-arm-gun"
        },
		{
            "predicate": {
                "custom_model_data": 18
            },
            "model": "minecraft:act3/sonic/shadow-body-right-arm-gun-ready"
        },
		{
            "predicate": {
                "custom_model_data": 19
            },
            "model": "minecraft:act3/bald/bald_door"
        },
		{
            "predicate": {
                "custom_model_data": 20
            },
            "model": "minecraft:act3/bald/bald_door_double_left"
        },
		{
            "predicate": {
                "custom_model_data": 21
            },
            "model": "minecraft:act3/bald/bald_door_double_right"
        },
		{
            "predicate": {
                "custom_model_data": 22
            },
            "model": "minecraft:act3/bald/baldi_no_ruler"
        },
		{
            "predicate": {
                "custom_model_data": 23
            },
            "model": "minecraft:act3/bald/baldi_ruler_0"
        },
		{
            "predicate": {
                "custom_model_data": 24
            },
            "model": "minecraft:act3/bald/baldi_ruler_1"
        },
		{
            "predicate": {
                "custom_model_data": 25
            },
            "model": "minecraft:act3/bald/baldi_ruler_2"
        },
		{
            "predicate": {
                "custom_model_data": 26
            },
            "model": "minecraft:act3/bald/bald_principal"
        },
		{
            "predicate": {
                "custom_model_data": 27
            },
            "model": "minecraft:act3/bald/bald_playtime"
        },
		{
            "predicate": {
                "custom_model_data": 28
            },
            "model": "minecraft:act3/bald/bald_jumprope"
        },
		{
            "predicate": {
                "custom_model_data": 29
            },
            "model": "minecraft:act3/bald/bald_vase"
        },
		{
            "predicate": {
                "custom_model_data": 30
            },
            "model": "minecraft:act3/bald/bald_door_open"
        },
		{
            "predicate": {
                "custom_model_data": 31
            },
            "model": "minecraft:act3/bald/bald_bully"
        },
		{
            "predicate": {
                "custom_model_data": 32
            },
            "model": "minecraft:act3/bald/bald_door_faculty"
        },
		{
            "predicate": {
                "custom_model_data": 33
            },
            "model": "minecraft:act3/bald/bald_door_faculty_open"
        },
		{
            "predicate": {
                "custom_model_data": 40
            },
            "model": "minecraft:item/cooked_beef"
        },
		{
            "predicate": {
                "custom_model_data": 41
            },
            "model": "minecraft:item/carrot"
        },
		{
            "predicate": {
                "custom_model_data": 42
            },
            "model": "minecraft:item/beetroot"
        },
		{
            "predicate": {
                "custom_model_data": 43
            },
            "model": "minecraft:item/beetroot_soup"
        },
		{
            "predicate": {
                "custom_model_data": 44
            },
            "model": "minecraft:item/baked_potato"
        },
		{
            "predicate": {
                "custom_model_data": 45
            },
            "model": "minecraft:item/cooked_cod"
        },
		{
            "predicate": {
                "custom_model_data": 46
            },
            "model": "minecraft:item/cooked_salmon"
        },
		{
            "predicate": {
                "custom_model_data": 47
            },
            "model": "minecraft:item/cooked_chicken"
        },
		{
            "predicate": {
                "custom_model_data": 48
            },
            "model": "minecraft:item/apple"
        },
		{
            "predicate": {
                "custom_model_data": 49
            },
            "model": "minecraft:item/bread"
        },
		{
            "predicate": {
                "custom_model_data": 50
            },
            "model": "minecraft:item/mushroom_stew"
        },
		{
            "predicate": {
                "custom_model_data": 51
            },
            "model": "minecraft:act3/sonic/tails-standing-body"
        },
		{
            "predicate": {
                "custom_model_data": 52
            },
            "model": "minecraft:act3/sonic/tails-standing-body-left-arm"
        },
		{
            "predicate": {
                "custom_model_data": 53
            },
            "model": "minecraft:act3/sonic/tails-standing-body-right-arm"
        },
		{
            "predicate": {
                "custom_model_data": 54
            },
            "model": "minecraft:act3/sonic/tails-standing-body-tail1-anim"
        },
		{
            "predicate": {
                "custom_model_data": 55
            },
            "model": "minecraft:act3/sonic/tails-standing-body-tail2-anim"
        },
		{
            "predicate": {
                "custom_model_data": 56
            },
            "model": "minecraft:act3/sonic/tails-akimbo-body-left-arm"
        },
		{
            "predicate": {
                "custom_model_data": 57
            },
            "model": "minecraft:act3/sonic/tails-akimbo-body-right-arm"
        },
		{
            "predicate": {
                "custom_model_data": 59
            },
            "model": "minecraft:act3/sonic/tails-thinking-body-right-arm"
        },
		{
            "predicate": {
                "custom_model_data": 60
            },
            "model": "minecraft:act3/sonic/tails-standing-body-seperate"
        },
		{
            "predicate": {
                "custom_model_data": 61
            },
            "model": "minecraft:act3/sonic/tails-head"
        },
		{
            "predicate": {
                "custom_model_data": 62
            },
            "model": "minecraft:act3/sonic/tails-head-worried"
        },
		{
            "predicate": {
                "custom_model_data": 63
            },
            "model": "minecraft:act3/sonic/tails-head-worried-smile"
        },
		{
            "predicate": {
                "custom_model_data": 64
            },
            "model": "minecraft:act3/sonic/tails-head-thinking"
        },
		{
            "predicate": {
                "custom_model_data": 65
            },
            "model": "minecraft:act3/sonic/tails-head-happy"
        },
		{
            "predicate": {
                "custom_model_data": 66
            },
            "model": "minecraft:act3/sonic/tails-head-wgun"
        },
		{
            "predicate": {
                "custom_model_data": 67
            },
            "model": "minecraft:act3/sonic/tails-head-angry"
        },
		{
            "predicate": {
                "custom_model_data": 68
            },
            "model": "minecraft:act3/sonic/tails-head-annoyed"
        },
		{
            "predicate": {
                "custom_model_data": 71
            },
            "model": "minecraft:act3/sonic/tails-sitting-body-right-leg"
        },
		{
            "predicate": {
                "custom_model_data": 72
            },
            "model": "minecraft:act3/sonic/tails-sitting-body-left-leg"
        },
		{
            "predicate": {
                "custom_model_data": 73
            },
            "model": "minecraft:act3/sonic/tails-sitting-body-tail1-anim"
        },
		{
            "predicate": {
                "custom_model_data": 74
            },
            "model": "minecraft:act3/sonic/tails-sitting-body-tail2-anim"
        },
		{
            "predicate": {
                "custom_model_data": 75
            },
            "model": "minecraft:act3/sonic/tails-sitting-body-left-arm"
        },
		{
            "predicate": {
                "custom_model_data": 76
            },
            "model": "minecraft:act3/sonic/tails-sitting-body-right-arm"
        },
		{
            "predicate": {
                "custom_model_data": 77
            },
            "model": "minecraft:act3/sonic/tails-sitting-body-tablet"
        },
		{
            "predicate": {
                "custom_model_data": 78
            },
            "model": "minecraft:act3/sonic/tails-sitting-body-right-leg-bent"
        },
		{
            "predicate": {
                "custom_model_data": 79
            },
            "model": "minecraft:act3/sonic/tails-sitting-body-left-leg-bent"
        },
		{
            "predicate": {
                "custom_model_data": 81
            },
            "model": "minecraft:act3/sonic/tails-flying-body"
        },
		{
            "predicate": {
                "custom_model_data": 82
            },
            "model": "minecraft:act3/sonic/tails-flying-body-left-arm"
        },
		{
            "predicate": {
                "custom_model_data": 83
            },
            "model": "minecraft:act3/sonic/tails-flying-body-right-arm"
        },
		{
            "predicate": {
                "custom_model_data": 84
            },
            "model": "minecraft:act3/sonic/tails-flying-body-tailsanim"
        },
		{
            "predicate": {
                "custom_model_data": 85
            },
            "model": "minecraft:act3/sonic/tails-flying-body-left-arm-alt"
        },
		{
            "predicate": {
                "custom_model_data": 86
            },
            "model": "minecraft:act3/sonic/tails-flying-body-right-arm-alt-bracelet"
        },
		{
            "predicate": {
                "custom_model_data": 87
            },
            "model": "minecraft:act3/sonic/tails-flying-body-right-arm-bracelet"
        },
		{
            "predicate": {
                "custom_model_data": 88
            },
            "model": "minecraft:act3/sonic/tails-flying-body-right-arm-alt"
        },
		{
            "predicate": {
                "custom_model_data": 90
            },
            "model": "minecraft:act3/sonic/shadow-head-thinking"
        },
		{
            "predicate": {
                "custom_model_data": 91
            },
            "model": "minecraft:act3/sonic/shadow-body-left-arm-crossed"
        },
		{
            "predicate": {
                "custom_model_data": 92
            },
            "model": "minecraft:act3/sonic/shadow-body-right-arm-crossed"
        },
		{
            "predicate": {
                "custom_model_data": 93
            },
            "model": "minecraft:misc/jag-body"
        },
		{
            "predicate": {
                "custom_model_data": 94
            },
            "model": "minecraft:misc/jag-head"
        },
		{
            "predicate": {
                "custom_model_data": 95
            },
            "model": "minecraft:act3/sonic/tails-standing-body-walkcycle1"
        },
		{
            "predicate": {
                "custom_model_data": 96
            },
            "model": "minecraft:act3/sonic/tails-standing-body-walkcycle2"
        },
		{
            "predicate": {
                "custom_model_data": 97
            },
            "model": "minecraft:act3/sonic/tails-standing-body-right-arm-bracelet"
        },
		{
            "predicate": {
                "custom_model_data": 98
            },
            "model": "minecraft:act3/sonic/shadow-body-right-arm-gun-lowaim"
        },
		{
            "predicate": {
                "custom_model_data": 99
            },
            "model": "minecraft:finale/shaggy"
        },
		{
            "predicate": {
                "custom_model_data": 100
            },
            "model": "minecraft:act3/sonic/cshadow-body"
        },
		{
            "predicate": {
                "custom_model_data": 101
            },
            "model": "minecraft:act3/sonic/cshadow-body-left-arm-buildup"
        },
		{
            "predicate": {
                "custom_model_data": 102
            },
            "model": "minecraft:act3/sonic/cshadow-body-right-arm-buildup"
        },
		{
            "predicate": {
                "custom_model_data": 103
            },
            "model": "minecraft:act3/sonic/cshadow-body-left-arm-release"
        },
		{
            "predicate": {
                "custom_model_data": 104
            },
            "model": "minecraft:act3/sonic/cshadow-body-right-arm-release"
        },
		{
            "predicate": {
                "custom_model_data": 105
            },
            "model": "minecraft:act3/sonic/cshadow-head"
        },
		{
            "predicate": {
                "custom_model_data": 106
            },
            "model": "minecraft:act3/sonic/cshadow-head-quills-left"
        },
		{
            "predicate": {
                "custom_model_data": 107
            },
            "model": "minecraft:act3/sonic/cshadow-head-quills-right"
        },
		{
            "predicate": {
                "custom_model_data": 108
            },
            "model": "minecraft:act3/sonic/tails-wgun-body-left-arm"
        },
		{
            "predicate": {
                "custom_model_data": 109
            },
            "model": "minecraft:act3/sonic/tails-wgun-body-right-arm"
        }
	]
}