{
    "parent": "minecraft:item/generated",
    "textures": {
        "layer0": "minecraft:item/redstone"
    },
    "overrides": [
		{
            "predicate": {
                "custom_model_data": 1
            },
            "model": "minecraft:fnf/girlfriend-left-leg"
        },
		{
            "predicate": {
                "custom_model_data": 2
            },
            "model": "minecraft:fnf/girlfriend-right-leg"
        },
		{
            "predicate": {
                "custom_model_data": 3
            },
            "model": "minecraft:fnf/girlfriend-head-right"
        },
		{
            "predicate": {
                "custom_model_data": 4
            },
            "model": "minecraft:fnf/girlfriend-torso"
        },
		{
            "predicate": {
                "custom_model_data": 5
            },
            "model": "minecraft:fnf/girlfriend-right-arm"
        },
		{
            "predicate": {
                "custom_model_data": 6
            },
            "model": "minecraft:fnf/girlfriend-left-arm"
        },
		{
            "predicate": {
                "custom_model_data": 7
            },
            "model": "minecraft:fnf/girlfriend-left-arm-pointing"
        },
		{
            "predicate": {
                "custom_model_data": 8
            },
            "model": "minecraft:fnf/girlfriend-head-straight"
        },
		{
            "predicate": {
                "custom_model_data": 9
            },
            "model": "minecraft:fnf/girlfriend-head-left"
        },
		{
            "predicate": {
                "custom_model_data": 11
            },
            "model": "minecraft:fnf/arrow_left_empty"
        },
		{
            "predicate": {
                "custom_model_data": 12
            },
            "model": "minecraft:fnf/arrow_down_empty"
        },
		{
            "predicate": {
                "custom_model_data": 13
            },
            "model": "minecraft:fnf/arrow_up_empty"
        },
		{
            "predicate": {
                "custom_model_data": 14
            },
            "model": "minecraft:fnf/arrow_right_empty"
        },
		{
            "predicate": {
                "custom_model_data": 21
            },
            "model": "minecraft:fnf/arrow_left"
        },
		{
            "predicate": {
                "custom_model_data": 22
            },
            "model": "minecraft:fnf/arrow_down"
        },
		{
            "predicate": {
                "custom_model_data": 23
            },
            "model": "minecraft:fnf/arrow_up"
        },
		{
            "predicate": {
                "custom_model_data": 24
            },
            "model": "minecraft:fnf/arrow_right"
        },
		{
            "predicate": {
                "custom_model_data": 25
            },
            "model": "minecraft:fnf/arrow_fire"
        },
		{
            "predicate": {
                "custom_model_data": 31
            },
            "model": "minecraft:finale/healorb"
        }
	]
}