{
	"credit": "Made by Peeter100 for the TTT Project using Blockbench",
	"textures": {
		"0": "block/iron_block",
		"1": "block/black_concrete",
		"particle": "block/iron_block"
	},
	"elements": [
		{
			"name": "Base",
			"from": [3, 8, 1],
			"to": [13, 18, 16],
			"faces": {
				"north": {"uv": [3, 3, 13, 13], "texture": "#1"},
				"east": {"uv": [0, 0, 16, 16], "texture": "#0"},
				"south": {"uv": [0, 0, 16, 16], "texture": "#0"},
				"west": {"uv": [0, 0, 16, 16], "texture": "#0"},
				"up": {"uv": [0, 0, 16, 16], "rotation": 270, "texture": "#0"},
				"down": {"uv": [0, 0, 16, 16], "rotation": 90, "texture": "#0"}
			}
		},
		{
			"name": "1",
			"from": [2, 7, 0],
			"to": [3, 18, 2],
			"faces": {
				"north": {"uv": [0, 0, 1, 11], "texture": "#0"},
				"east": {"uv": [0, 0, 2, 11], "texture": "#0"},
				"south": {"uv": [1, 1, 2, 12], "texture": "#0"},
				"west": {"uv": [0, 5, 2, 16], "texture": "#0"},
				"up": {"uv": [0, 0, 1, 2], "texture": "#0"},
				"down": {"uv": [0, 0, 1, 2], "texture": "#0"}
			}
		},
		{
			"name": "2",
			"from": [2, 18, 0],
			"to": [13, 19, 2],
			"faces": {
				"north": {"uv": [0, 0, 11, 1], "texture": "#0"},
				"east": {"uv": [0, 0, 2, 1], "texture": "#0"},
				"south": {"uv": [1, 1, 12, 2], "texture": "#0"},
				"west": {"uv": [0, 0, 2, 1], "texture": "#0"},
				"up": {"uv": [0, 0, 11, 2], "texture": "#0"},
				"down": {"uv": [0, 0, 11, 2], "texture": "#0"}
			}
		},
		{
			"name": "3",
			"from": [13, 8, 0],
			"to": [14, 19, 2],
			"faces": {
				"north": {"uv": [0, 0, 1, 11], "texture": "#0"},
				"east": {"uv": [14, 0, 16, 11], "texture": "#0"},
				"south": {"uv": [0, 0, 1, 11], "texture": "#0"},
				"west": {"uv": [0, 0, 2, 11], "texture": "#0"},
				"up": {"uv": [0, 0, 1, 2], "texture": "#0"},
				"down": {"uv": [0, 0, 1, 2], "texture": "#0"}
			}
		},
		{
			"name": "4",
			"from": [3, 7, 0],
			"to": [14, 8, 2],
			"faces": {
				"north": {"uv": [0, 0, 11, 1], "texture": "#0"},
				"east": {"uv": [0, 0, 2, 1], "texture": "#0"},
				"south": {"uv": [0, 0, 11, 1], "texture": "#0"},
				"west": {"uv": [0, 0, 2, 1], "texture": "#0"},
				"up": {"uv": [0, 0, 11, 2], "texture": "#0"},
				"down": {"uv": [5, 0, 16, 2], "texture": "#0"}
			}
		},
		{
			"name": "Handle",
			"from": [7, 3, 8],
			"to": [9, 8, 10],
			"faces": {
				"north": {"uv": [0, 0, 16, 16], "texture": "#0"},
				"east": {"uv": [0, 0, 16, 16], "texture": "#0"},
				"south": {"uv": [0, 0, 16, 16], "texture": "#0"},
				"west": {"uv": [0, 0, 16, 16], "texture": "#0"},
				"up": {"uv": [0, 0, 16, 16], "texture": "#0"},
				"down": {"uv": [0, 0, 16, 16], "texture": "#0"}
			}
		}
	],
	"display": {
		"thirdperson_righthand": {
			"translation": [0, 1.75, 0.5]
		},
		"thirdperson_lefthand": {
			"translation": [0, 1.75, 0.5]
		},
		"firstperson_righthand": {
			"translation": [0, -3.5, 0]
		},
		"firstperson_lefthand": {
			"translation": [0, -3.5, 0]
		},
		"gui": {
			"rotation": [173.5, -19.25, 180],
			"translation": [0, -3.25, 0],
			"scale": [0.9, 0.9, 0.9]
		}
	},
	"groups": [
		0,
		{
			"name": "Rim",
			"origin": [8, 8, 8],
			"color": 0,
			"children": [1, 2, 3, 4]
		},
		5
	]
}