{
	"credit": "Made by Peeter100 for the TTT Project using Blockbench",
	"texture_size": [64, 32],
	"textures": {
		"particle": "#0"
	},
	"elements": [
		{
			"name": "Left Leg",
			"from": [3, -5, 5],
			"to": [7, 1, 9],
			"rotation": {"angle": 45, "axis": "x", "origin": [5, 0, 7]},
			"faces": {
				"north": {"uv": [6, 0, 7, 3], "texture": "#0"},
				"east": {"uv": [6, 0, 7, 3], "texture": "#0"},
				"south": {"uv": [6, 0, 7, 3], "texture": "#0"},
				"west": {"uv": [6, 0, 7, 3], "texture": "#0"},
				"up": {"uv": [7, 0, 8, 2], "texture": "#0"},
				"down": {"uv": [7, 0, 8, 2], "texture": "#0"}
			}
		},
		{
			"name": "Right Leg",
			"from": [9, -5, 5],
			"to": [13, 1, 9],
			"rotation": {"angle": -45, "axis": "x", "origin": [11, 0, 7]},
			"faces": {
				"north": {"uv": [6, 0, 7, 3], "texture": "#0"},
				"east": {"uv": [6, 0, 7, 3], "texture": "#0"},
				"south": {"uv": [6, 0, 7, 3], "texture": "#0"},
				"west": {"uv": [6, 0, 7, 3], "texture": "#0"},
				"up": {"uv": [7, 0, 8, 2], "texture": "#0"},
				"down": {"uv": [7, 0, 8, 2], "texture": "#0"}
			}
		},
		{
			"name": "Main",
			"from": [3, 0, 3],
			"to": [13, 18, 11],
			"faces": {
				"north": {"uv": [0, 0, 2.5, 9], "texture": "#0"},
				"east": {"uv": [6, 2.5, 8, 11.5], "texture": "#0"},
				"south": {"uv": [2.5, 0, 5, 9], "texture": "#0"},
				"west": {"uv": [6, 2.5, 8, 11.5], "texture": "#0"},
				"up": {"uv": [6, 11, 8, 16], "rotation": 90, "texture": "#0"},
				"down": {"uv": [6, 11, 8, 16], "rotation": 90, "texture": "#0"}
			}
		},
		{
			"name": "Backpack",
			"from": [4, 2.5, 11],
			"to": [12, 12.5, 14],
			"faces": {
				"east": {"uv": [0.75, 9, 1.5, 14], "texture": "#0"},
				"south": {"uv": [1.5, 9, 3.5, 14], "texture": "#0"},
				"west": {"uv": [0, 9, 0.75, 14], "texture": "#0"},
				"up": {"uv": [0, 14.5, 2.5, 16], "texture": "#0"},
				"down": {"uv": [0, 14, 2.5, 15.5], "texture": "#0"}
			}
		},
		{
			"name": "Glass",
			"from": [4, 9, 2],
			"to": [12, 14, 3],
			"faces": {
				"north": {"uv": [3.5, 9, 6, 12.5], "texture": "#0"},
				"east": {"uv": [3.5, 9.5, 3.75, 12], "texture": "#0"},
				"west": {"uv": [5.75, 9.5, 6, 12], "texture": "#0"},
				"up": {"uv": [3.5, 9, 6, 9.5], "texture": "#0"},
				"down": {"uv": [3.5, 12, 6, 12.5], "texture": "#0"}
			}
		},
		{
			"name": "Decoration",
			"from": [3, 18, 5],
			"to": [13, 28, 5],
			"faces": {
				"north": {"uv": [8, 0, 16, 16], "texture": "#0"},
				"south": {"uv": [8, 0, 16, 16], "texture": "#0"}
			}
		}
	],
	"display": {
		"thirdperson_righthand": {
			"rotation": [90, 0, 0],
			"translation": [-6, -3, 4]
		},
		"thirdperson_lefthand": {
			"rotation": [90, 0, 0],
			"translation": [-6, -3, 4]
		},
		"firstperson_righthand": {
			"scale": [0, 0, 0]
		},
		"firstperson_lefthand": {
			"scale": [0, 0, 0]
		},
		"head": {
			"translation": [0, -20.75, 1.5],
			"scale": [1.61, 1.61, 1.61]
		}
	},
	"groups": [
		{
			"name": "Legs",
			"origin": [0, 0, 0],
			"color": 0,
			"children": [0, 1]
		},
		{
			"name": "Body",
			"origin": [8, 8, 8],
			"color": 0,
			"children": [2, 3, 4, 5]
		}
	]
}