{
	"credit": "Made by Peeter100 for the TTT Project using Blockbench",
	"texture_size": [64, 32],
	"textures": {
		"particle": "#0"
	},
	"elements": [
		{
			"name": "Left Leg",
			"from": [3, -3, 4],
			"to": [7, 3, 8],
			"rotation": {"angle": 22.5, "axis": "x", "origin": [0, 0, 0]},
			"faces": {
				"north": {"uv": [6, 0, 7, 3], "texture": "#0"},
				"east": {"uv": [6, 0, 7, 3], "texture": "#0"},
				"south": {"uv": [6, 0, 7, 3], "texture": "#0"},
				"west": {"uv": [6, 0, 7, 3], "texture": "#0"},
				"up": {"uv": [7, 0, 8, 2], "texture": "#0"},
				"down": {"uv": [7, 0, 8, 2], "texture": "#0"}
			}
		},
		{
			"name": "Right Leg",
			"from": [9, -3, 4],
			"to": [13, 3, 8],
			"rotation": {"angle": 22.5, "axis": "x", "origin": [0, 0, 0]},
			"faces": {
				"north": {"uv": [6, 0, 7, 3], "texture": "#0"},
				"east": {"uv": [6, 0, 7, 3], "texture": "#0"},
				"south": {"uv": [6, 0, 7, 3], "texture": "#0"},
				"west": {"uv": [6, 0, 7, 3], "texture": "#0"},
				"up": {"uv": [7, 0, 8, 2], "texture": "#0"},
				"down": {"uv": [7, 0, 8, 2], "texture": "#0"}
			}
		},
		{
			"name": "Main",
			"from": [3, 0, 3],
			"to": [13, 11, 11],
			"faces": {
				"north": {"uv": [0, 0, 2.5, 9], "texture": "#0"},
				"east": {"uv": [6, 2.5, 8, 11.5], "texture": "#0"},
				"south": {"uv": [2.5, 0, 5, 9], "texture": "#0"},
				"west": {"uv": [6, 2.5, 8, 11.5], "texture": "#0"},
				"up": {"uv": [2.25, 13.5, 3.5, 16], "rotation": 90, "texture": "#0"},
				"down": {"uv": [6, 11, 8, 16], "rotation": 90, "texture": "#0"}
			}
		},
		{
			"name": "Backpack",
			"from": [4, 2, 11],
			"to": [12, 12, 14],
			"faces": {
				"north": {"uv": [1.5, 9, 3.5, 14], "texture": "#0"},
				"east": {"uv": [0.75, 9, 1.5, 14], "texture": "#0"},
				"south": {"uv": [1.5, 9, 3.5, 14], "texture": "#0"},
				"west": {"uv": [0, 9, 0.75, 14], "texture": "#0"},
				"up": {"uv": [0, 14.5, 2.5, 16], "texture": "#0"},
				"down": {"uv": [0, 14, 2.5, 15.5], "texture": "#0"}
			}
		},
		{
			"name": "Bone",
			"from": [7, 11, 6],
			"to": [9, 14, 8],
			"faces": {
				"north": {"uv": [3.5, 12.5, 4.5, 16], "texture": "#0"},
				"east": {"uv": [3.5, 12.5, 4.5, 16], "texture": "#0"},
				"south": {"uv": [3.5, 12.5, 4.5, 16], "texture": "#0"},
				"west": {"uv": [3.5, 12.5, 4.5, 16], "texture": "#0"},
				"up": {"uv": [3.5, 12.5, 4.5, 16], "texture": "#0"},
				"down": {"uv": [3.5, 12.5, 4.5, 16], "texture": "#0"}
			}
		},
		{
			"name": "Bone Top 1",
			"from": [13, 16, 6],
			"to": [14, 17, 8],
			"rotation": {"angle": 22.5, "axis": "z", "origin": [16, 0, 0]},
			"faces": {
				"north": {"uv": [3.5, 12.5, 4.5, 16], "texture": "#0"},
				"east": {"uv": [3.5, 12.5, 4.5, 16], "texture": "#0"},
				"south": {"uv": [3.5, 12.5, 4.5, 16], "texture": "#0"},
				"west": {"uv": [3.5, 12.5, 4.5, 16], "texture": "#0"},
				"up": {"uv": [3.5, 12.5, 4.5, 16], "texture": "#0"},
				"down": {"uv": [3.5, 12.5, 4.5, 16], "texture": "#0"}
			}
		},
		{
			"name": "Bone Top 2",
			"from": [2, 16, 6],
			"to": [3, 17, 8],
			"rotation": {"angle": -22.5, "axis": "z", "origin": [0, 0, 0]},
			"faces": {
				"north": {"uv": [3.5, 12.5, 4.5, 16], "texture": "#0"},
				"east": {"uv": [3.5, 12.5, 4.5, 16], "texture": "#0"},
				"south": {"uv": [3.5, 12.5, 4.5, 16], "texture": "#0"},
				"west": {"uv": [3.5, 12.5, 4.5, 16], "texture": "#0"},
				"up": {"uv": [3.5, 12.5, 4.5, 16], "texture": "#0"},
				"down": {"uv": [3.5, 12.5, 4.5, 16], "texture": "#0"}
			}
		}
	],
	"display": {
		"thirdperson_righthand": {
			"translation": [-6, 9, -7]
		},
		"thirdperson_lefthand": {
			"translation": [-6, 9, -7]
		},
		"firstperson_righthand": {
			"scale": [0, 0, 0]
		},
		"firstperson_lefthand": {
			"scale": [0, 0, 0]
		},
		"head": {
			"translation": [0, -20.75, 1.5],
			"scale": [1.61, 1.61, 1.61]
		}
	},
	"groups": [
		{
			"name": "Legs",
			"origin": [0, 0, 0],
			"color": 0,
			"children": [0, 1]
		},
		{
			"name": "Body",
			"origin": [8, 8, 8],
			"color": 0,
			"children": [2, 3]
		},
		{
			"name": "Bone",
			"origin": [8, 8, 8],
			"color": 0,
			"children": [4, 5, 6]
		}
	]
}