{
	"credit": "Made by Peeter100 for the TTT Project using Blockbench",
	"texture_size": [256, 256],
	"textures": {
		"0": "font/skeld",
		"1": "among/map_icon",
		"particle": "font/skeld"
	},
	"elements": [
		{
			"name": "Main",
			"from": [0, 0, 0],
			"to": [16, 16, 0],
			"faces": {
				"north": {"uv": [0, 0, 16, 16], "texture": "#0"},
				"south": {"uv": [0, 0, 16, 16], "texture": "#1"}
			}
		}
	],
	"gui_light": "front",
	"display": {
		"thirdperson_righthand": {
			"scale": [0, 0, 0]
		},
		"thirdperson_lefthand": {
			"scale": [0, 0, 0]
		},
		"firstperson_righthand": {
			"rotation": [0, 180, 0],
			"translation": [-9, 5.25, -3.75]
		},
		"firstperson_lefthand": {
			"rotation": [0, 180, 0],
			"translation": [-9, 5.25, -3.75]
		},
		"ground": {
			"scale": [0, 0, 0]
		}
	}
}