{
	"credit": "Made with Blockbench",
	"ambientocclusion": false,
	"textures": {
		"particle": "block/classic_pot",
		"flowerpot": "block/classic_pot",
		"dirt": "block/dirt",
		"cactus": "block/cactus_side",
		"cactus_top": "block/cactus_top"
	},
	"elements": [
		{
			"from": [5, 0, 5],
			"to": [6, 5, 11],
			"faces": {
				"north": {"uv": [10, 11, 11, 16], "texture": "#flowerpot"},
				"east": {"uv": [5, 11, 11, 16], "texture": "#flowerpot"},
				"south": {"uv": [5, 11, 6, 16], "texture": "#flowerpot"},
				"west": {"uv": [5, 11, 11, 16], "texture": "#flowerpot"},
				"up": {"uv": [4, 2, 5, 8], "texture": "#flowerpot"},
				"down": {"uv": [4, 2, 5, 8], "texture": "#flowerpot", "cullface": "down"}
			}
		},
		{
			"from": [10, 0, 5],
			"to": [11, 5, 11],
			"faces": {
				"north": {"uv": [5, 11, 6, 16], "texture": "#flowerpot"},
				"east": {"uv": [5, 11, 11, 16], "texture": "#flowerpot"},
				"south": {"uv": [10, 11, 11, 16], "texture": "#flowerpot"},
				"west": {"uv": [5, 11, 11, 16], "texture": "#flowerpot"},
				"up": {"uv": [11, 2, 12, 8], "texture": "#flowerpot"},
				"down": {"uv": [11, 2, 12, 8], "texture": "#flowerpot", "cullface": "down"}
			}
		},
		{
			"from": [6, 0, 5],
			"to": [10, 5, 6],
			"faces": {
				"north": {"uv": [6, 11, 10, 16], "texture": "#flowerpot"},
				"south": {"uv": [6, 11, 10, 16], "texture": "#flowerpot"},
				"up": {"uv": [6, 1, 10, 2], "texture": "#flowerpot"},
				"down": {"uv": [6, 1, 10, 2], "texture": "#flowerpot", "cullface": "down"}
			}
		},
		{
			"from": [6, 0, 10],
			"to": [10, 5, 11],
			"faces": {
				"north": {"uv": [6, 11, 10, 16], "texture": "#flowerpot"},
				"south": {"uv": [6, 11, 10, 16], "texture": "#flowerpot"},
				"up": {"uv": [6, 8, 10, 9], "texture": "#flowerpot"},
				"down": {"uv": [6, 8, 10, 9], "texture": "#flowerpot", "cullface": "down"}
			}
		},
		{
			"from": [11, 5, 4],
			"to": [12, 7, 12],
			"faces": {
				"north": {"uv": [4, 9, 5, 11], "texture": "#flowerpot"},
				"east": {"uv": [4, 9, 12, 11], "texture": "#flowerpot"},
				"south": {"uv": [11, 9, 12, 11], "texture": "#flowerpot"},
				"west": {"uv": [4, 9, 12, 11], "texture": "#flowerpot"},
				"up": {"uv": [4, 8, 12, 9], "rotation": 90, "texture": "#flowerpot"},
				"down": {"uv": [4, 8, 12, 9], "rotation": 90, "texture": "#flowerpot"}
			}
		},
		{
			"from": [4, 5, 4],
			"to": [5, 7, 12],
			"faces": {
				"north": {"uv": [4, 9, 5, 11], "texture": "#flowerpot"},
				"east": {"uv": [4, 9, 12, 11], "texture": "#flowerpot"},
				"south": {"uv": [11, 9, 12, 11], "texture": "#flowerpot"},
				"west": {"uv": [4, 9, 12, 11], "texture": "#flowerpot"},
				"up": {"uv": [4, 8, 12, 9], "rotation": 90, "texture": "#flowerpot"},
				"down": {"uv": [4, 8, 12, 9], "rotation": 90, "texture": "#flowerpot"}
			}
		},
		{
			"from": [5, 5, 11],
			"to": [11, 7, 12],
			"faces": {
				"north": {"uv": [5, 9, 11, 11], "texture": "#flowerpot"},
				"south": {"uv": [5, 9, 11, 11], "texture": "#flowerpot"},
				"up": {"uv": [5, 8, 11, 9], "texture": "#flowerpot"},
				"down": {"uv": [5, 8, 11, 9], "texture": "#flowerpot"}
			}
		},
		{
			"from": [5, 5, 4],
			"to": [11, 7, 5],
			"faces": {
				"north": {"uv": [5, 9, 11, 11], "texture": "#flowerpot"},
				"south": {"uv": [5, 9, 11, 11], "texture": "#flowerpot"},
				"up": {"uv": [5, 8, 11, 9], "texture": "#flowerpot"},
				"down": {"uv": [5, 8, 11, 9], "texture": "#flowerpot"}
			}
		},
		{
			"from": [5, 5, 5],
			"to": [11, 6, 11],
			"faces": {
				"up": {"uv": [5, 5, 11, 11], "texture": "#dirt"}
			}
		},
		{
			"from": [6, 0, 6],
			"to": [10, 5, 10],
			"faces": {
				"down": {"uv": [6, 12, 10, 16], "texture": "#flowerpot", "cullface": "down"}
			}
		},
		{
			"from": [6, 6, 6],
			"to": [10, 17, 10],
			"faces": {
				"north": {"uv": [6, 0, 10, 11], "texture": "#cactus"},
				"east": {"uv": [6, 0, 10, 11], "texture": "#cactus"},
				"south": {"uv": [6, 0, 10, 11], "texture": "#cactus"},
				"west": {"uv": [6, 0, 10, 11], "texture": "#cactus"},
				"up": {"uv": [6, 6, 10, 10], "texture": "#cactus_top", "cullface": "up"}
			}
		}
	]
}