{
  "variants":{
		"axis=x":[
		{ "model": "minecraft:block/birch_log", "x": 90, "y": 90 }
						
	],
		"axis=y":[
		{ "model": "minecraft:block/birch_log", "weight":100},
		{ "model": "minecraft:block/birch_log_mushroom1", "weight":10},
		{ "model": "minecraft:block/birch_log_mushroom2", "weight":10},
		{ "model": "minecraft:block/birch_log_mushroom3", "weight":10},
		{ "model": "minecraft:block/birch_log_mushroom4", "weight":10}
	],
		"axis=z": [
		{ "model": "minecraft:block/birch_log","x": 90 }
	]
  }
}