{
    "variants": {
        "": [
			{ "model": "block/grass" },
            { "model": "block/grass_variant1", "weight":100},
 			{ "model": "block/grass_variant2", "weight":10 },
 			{ "model": "block/grass_variant3", "weight":10 },
 			{ "model": "block/grass_variant4", "weight":10 },
 			{ "model": "block/grass_variant5", "weight":15 },
 			{ "model": "block/grass_variant6", "weight":100},
 			{ "model": "block/grass_variant7", "weight":100},
 			{ "model": "block/grass_variant8", "weight":100},
 			{ "model": "block/grass_variant9", "weight":50 },
 			{ "model": "block/grass_variant10", "weight":50},
 			{ "model": "block/grass_variant11", "weight":50},
 			{ "model": "block/grass_variant12", "weight":50 }
		]
    }
}