{
  "variants": {
    "": [
      {
      "model": "minecraft:block/potted_orange_tulip"
      },
      {
      "model": "minecraft:block/pots/classic/potted_orange_tulip"
      },
      {
      "model": "minecraft:block/pots/tall/potted_orange_tulip"
      },
      {
      "model": "minecraft:block/pots/thick/potted_orange_tulip"
      },
      {
      "model": "minecraft:block/pots/short/potted_orange_tulip"
      },
      {
      "model": "minecraft:block/pots/pot/potted_orange_tulip"
      }
    ]
  }
}