{
  "variants": {
    "": [
      {
      "model": "minecraft:block/potted_mangrove_propagule"
      },
      {
      "model": "minecraft:block/pots/classic/potted_mangrove_propagule"
      },
      {
      "model": "minecraft:block/pots/tall/potted_mangrove_propagule"
      },
      {
      "model": "minecraft:block/pots/thick/potted_mangrove_propagule"
      },
      {
      "model": "minecraft:block/pots/short/potted_mangrove_propagule"
      },
      {
      "model": "minecraft:block/pots/pot/potted_mangrove_propagule"
      }
    ]
  }
}