{
  "variants": {
    "": [
      {
      "model": "minecraft:block/potted_crimson_roots"
      },
      {
      "model": "minecraft:block/pots/classic/potted_crimson_roots"
      },
      {
      "model": "minecraft:block/pots/tall/potted_crimson_roots"
      },
      {
      "model": "minecraft:block/pots/thick/potted_crimson_roots"
      },
      {
      "model": "minecraft:block/pots/short/potted_crimson_roots"
      },
      {
      "model": "minecraft:block/pots/pot/potted_crimson_roots"
      }
    ]
  }
}