{
  "variants": {
    "": [
      {
      "model": "minecraft:block/potted_wither_rose"
      },
      {
      "model": "minecraft:block/pots/classic/potted_wither_rose"
      },
      {
      "model": "minecraft:block/pots/tall/potted_wither_rose"
      },
      {
      "model": "minecraft:block/pots/thick/potted_wither_rose"
      },
      {
      "model": "minecraft:block/pots/short/potted_wither_rose"
      },
      {
      "model": "minecraft:block/pots/pot/potted_wither_rose"
      }
    ]
  }
}