{
  "variants": {
    "": [
      {
      "model": "minecraft:block/potted_oxeye_daisy"
      },
      {
      "model": "minecraft:block/pots/classic/potted_oxeye_daisy"
      },
      {
      "model": "minecraft:block/pots/tall/potted_oxeye_daisy"
      },
      {
      "model": "minecraft:block/pots/thick/potted_oxeye_daisy"
      },
      {
      "model": "minecraft:block/pots/short/potted_oxeye_daisy"
      },
      {
      "model": "minecraft:block/pots/pot/potted_oxeye_daisy"
      }
    ]
  }
}