{
  "variants": {
    "": [
      {
      "model": "minecraft:block/potted_azalea_bush"
      },
      {
      "model": "minecraft:block/pots/classic/potted_azalea_bush"
      },
      {
      "model": "minecraft:block/pots/tall/potted_azalea_bush"
      },
      {
      "model": "minecraft:block/pots/thick/potted_azalea_bush"
      },
      {
      "model": "minecraft:block/pots/short/potted_azalea_bush"
      },
      {
      "model": "minecraft:block/pots/pot/potted_azalea_bush"
      }
    ]
  }
}