{
  "variants": {
    "": [
      {
      "model": "minecraft:block/potted_warped_fungus"
      },
      {
      "model": "minecraft:block/pots/classic/potted_warped_fungus"
      },
      {
      "model": "minecraft:block/pots/tall/potted_warped_fungus"
      },
      {
      "model": "minecraft:block/pots/thick/potted_warped_fungus"
      },
      {
      "model": "minecraft:block/pots/short/potted_warped_fungus"
      },
      {
      "model": "minecraft:block/pots/pot/potted_warped_fungus"
      }
    ]
  }
}