{
  "variants": {
    "": [
      {
      "model": "minecraft:block/potted_red_mushroom"
      },
      {
      "model": "minecraft:block/pots/classic/potted_red_mushroom"
      },
      {
      "model": "minecraft:block/pots/tall/potted_red_mushroom"
      },
      {
      "model": "minecraft:block/pots/thick/potted_red_mushroom"
      },
      {
      "model": "minecraft:block/pots/short/potted_red_mushroom"
      },
      {
      "model": "minecraft:block/pots/pot/potted_red_mushroom"
      }
    ]
  }
}