{
  "variants": {
    "": [
      {
      "model": "minecraft:block/potted_blue_orchid"
      },
      {
      "model": "minecraft:block/pots/classic/potted_blue_orchid"
      },
      {
      "model": "minecraft:block/pots/tall/potted_blue_orchid"
      },
      {
      "model": "minecraft:block/pots/thick/potted_blue_orchid"
      },
      {
      "model": "minecraft:block/pots/short/potted_blue_orchid"
      },
      {
      "model": "minecraft:block/pots/pot/potted_blue_orchid"
      }
    ]
  }
}