{
  "variants": {
    "": [
      {
      "model": "minecraft:block/potted_jungle_sapling"
      },
      {
      "model": "minecraft:block/pots/classic/potted_jungle_sapling"
      },
      {
      "model": "minecraft:block/pots/tall/potted_jungle_sapling"
      },
      {
      "model": "minecraft:block/pots/thick/potted_jungle_sapling"
      },
      {
      "model": "minecraft:block/pots/short/potted_jungle_sapling"
      },
      {
      "model": "minecraft:block/pots/pot/potted_jungle_sapling"
      }
    ]
  }
}