{
  "variants": {
    "": [
      {
      "model": "minecraft:block/potted_azure_bluet"
      },
      {
      "model": "minecraft:block/pots/classic/potted_azure_bluet"
      },
      {
      "model": "minecraft:block/pots/tall/potted_azure_bluet"
      },
      {
      "model": "minecraft:block/pots/thick/potted_azure_bluet"
      },
      {
      "model": "minecraft:block/pots/short/potted_azure_bluet"
      },
      {
      "model": "minecraft:block/pots/pot/potted_azure_bluet"
      }
    ]
  }
}