{
  "variants": {
    "": [
      {
      "model": "minecraft:block/potted_lily_of_the_valley"
      },
      {
      "model": "minecraft:block/pots/classic/potted_lily_of_the_valley"
      },
      {
      "model": "minecraft:block/pots/tall/potted_lily_of_the_valley"
      },
      {
      "model": "minecraft:block/pots/thick/potted_lily_of_the_valley"
      },
      {
      "model": "minecraft:block/pots/short/potted_lily_of_the_valley"
      },
      {
      "model": "minecraft:block/pots/pot/potted_lily_of_the_valley"
      }
    ]
  }
}