{
  "variants": {
    "half=lower": [
	{"model": "minecraft:block/tall_grass_bottom_variant1", "weight":100},
	{"model": "minecraft:block/tall_grass_bottom_variant2", "weight":50},
	{"model": "minecraft:block/tall_grass_bottom_variant3", "weight":50},
	{"model": "minecraft:block/tall_grass_bottom_variant4", "weight":50},
	{"model": "minecraft:block/tall_grass_bottom_variant5", "weight":100}
	],
    "half=upper": [
	{"model": "minecraft:block/tall_grass_top_variant1", "weight":100},
	{"model": "minecraft:block/tall_grass_top_variant2", "weight":50},
	{"model": "minecraft:block/tall_grass_top_variant3", "weight":50},
	{"model": "minecraft:block/tall_grass_top_variant4", "weight":50},
	{"model": "minecraft:block/tall_grass_top_variant5", "weight":100}
	]
  }
}