{
	"credit": "Made by Peeter100 for the TTT Project using Blockbench",
	"texture_size": [64, 64],
	"textures": {
		"0": "entity/player/trollge"
	},
	"elements": [
		{
			"name": "Left Leg",
			"from": [-1, 6, 7],
			"to": [1, 16, 9],
			"rotation": {"angle": -22.5, "axis": "z", "origin": [0, 0, 0]},
			"faces": {
				"north": {"uv": [5, 13, 6, 15.5], "texture": "#0"},
				"east": {"uv": [4, 13, 5, 15.5], "texture": "#0"},
				"south": {"uv": [7, 13, 8, 15.5], "texture": "#0"},
				"west": {"uv": [6, 13, 7, 15.5], "texture": "#0"},
				"up": {"uv": [6, 13, 5, 12], "texture": "#0"},
				"down": {"uv": [7, 12, 6, 13], "texture": "#0"}
			}
		},
		{
			"name": "Left Leg 2",
			"from": [1.25, -4, 7],
			"to": [3.25, 6, 9],
			"rotation": {"angle": 0, "axis": "z", "origin": [-3.5, 4.5, 8]},
			"faces": {
				"north": {"uv": [5, 13.5, 6, 16], "texture": "#0"},
				"east": {"uv": [4, 13.5, 5, 16], "texture": "#0"},
				"south": {"uv": [7, 13.5, 8, 16], "texture": "#0"},
				"west": {"uv": [6, 13.5, 7, 16], "texture": "#0"},
				"up": {"uv": [6, 13, 5, 12], "texture": "#0"},
				"down": {"uv": [7, 12, 6, 13], "texture": "#0"}
			}
		}
	],
	"display": {
		"thirdperson_righthand": {
			"rotation": [90, 0, 0],
			"translation": [-6, 0, 4.5],
			"scale": [1.5, 1.5, 1.5]
		},
		"thirdperson_lefthand": {
			"rotation": [90, 0, 0],
			"translation": [-6, 0, 4.5],
			"scale": [1.5, 1.5, 1.5]
		},
		"head": {
			"translation": [0, -17, -3.25],
			"scale": [2.4, 2.4, 2.4]
		}
	},
	"groups": [
		{
			"name": "LeftLeg",
			"origin": [-1.9, 12, 0],
			"color": 0,
			"children": [0, 1]
		}
	]
}