{
	"credit": "Made by Peeter100 for the TTT Project using Blockbench",
	"texture_size": [64, 64],
	"textures": {
		"0": "entity/player/trollge"
	},
	"elements": [
		{
			"name": "Right Arm",
			"from": [19, 13, 7],
			"to": [21, 23, 9],
			"rotation": {"angle": 22.5, "axis": "z", "origin": [16, 0, 0]},
			"faces": {
				"north": {"uv": [11, 5, 12, 7.5], "texture": "#0"},
				"east": {"uv": [10, 5, 11, 7.5], "texture": "#0"},
				"south": {"uv": [13, 5, 14, 7.5], "texture": "#0"},
				"west": {"uv": [12, 5, 13, 7.5], "texture": "#0"},
				"up": {"uv": [12, 5, 11, 4], "texture": "#0"},
				"down": {"uv": [13, 4, 12, 5], "texture": "#0"}
			}
		},
		{
			"name": "Right Arm 2",
			"from": [4.5, 13, 7],
			"to": [14.5, 15, 9],
			"rotation": {"angle": -22.5, "axis": "y", "origin": [14.5, 14, 8]},
			"faces": {
				"north": {"uv": [11, 5.5, 12, 8], "rotation": 270, "texture": "#0"},
				"east": {"uv": [12, 5, 11, 4], "rotation": 90, "texture": "#0"},
				"south": {"uv": [13, 5.5, 14, 8], "rotation": 90, "texture": "#0"},
				"west": {"uv": [13, 4, 12, 5], "rotation": 90, "texture": "#0"},
				"up": {"uv": [12, 5.5, 13, 8], "rotation": 90, "texture": "#0"},
				"down": {"uv": [10, 5.5, 11, 8], "rotation": 90, "texture": "#0"}
			}
		},
		{
			"name": "Wing",
			"from": [11, 4, 9.1],
			"to": [20, 24, 9.1],
			"rotation": {"angle": 22.5, "axis": "z", "origin": [16, 0, 0]},
			"faces": {
				"north": {"uv": [0, 16, 2.25, 11], "rotation": 180, "texture": "#0"},
				"east": {"uv": [0, 0, 0.5, 2.75], "texture": "#missing"},
				"south": {"uv": [13.75, 16, 16, 11], "rotation": 180, "texture": "#0"},
				"west": {"uv": [0, 0, 0.5, 2.75], "texture": "#missing"},
				"up": {"uv": [0, 0, 2, 0.5], "texture": "#missing"},
				"down": {"uv": [0, 0, 2, 0.5], "texture": "#missing"}
			}
		}
	],
	"display": {
		"thirdperson_righthand": {
			"rotation": [135, 0, 0],
			"translation": [-6, 17, 8.5],
			"scale": [1.5, 1.5, 1.5]
		},
		"thirdperson_lefthand": {
			"rotation": [135, 0, 0],
			"translation": [-6, 17, 8.5],
			"scale": [1.5, 1.5, 1.5]
		},
		"head": {
			"translation": [0, -18.25, -11.5],
			"scale": [2.4, 2.4, 2.4]
		}
	},
	"groups": [
		{
			"name": "RightArm",
			"origin": [5, 22, 0],
			"color": 0,
			"children": [0, 1, 2]
		}
	]
}