{
	"credit": "Made by Peeter100 for the TTT Project using Blockbench",
	"texture_size": [64, 64],
	"textures": {
		"0": "entity/player/trollge"
	},
	"elements": [
		{
			"name": "Right Arm",
			"from": [11, 21, -1],
			"to": [13, 23, 9],
			"rotation": {"angle": 0, "axis": "x", "origin": [11, 22, 9]},
			"faces": {
				"north": {"uv": [13, 4, 12, 5], "rotation": 180, "texture": "#0"},
				"east": {"uv": [10, 5, 11, 7.5], "rotation": 270, "texture": "#0"},
				"south": {"uv": [12, 5, 11, 4], "texture": "#0"},
				"west": {"uv": [12, 5, 13, 7.5], "rotation": 90, "texture": "#0"},
				"up": {"uv": [11, 5, 12, 7.5], "rotation": 180, "texture": "#0"},
				"down": {"uv": [13, 5, 14, 7.5], "texture": "#0"}
			}
		},
		{
			"name": "Right Arm 2",
			"from": [11, 21, -11],
			"to": [13, 23, -1],
			"rotation": {"angle": 0, "axis": "x", "origin": [11, 22, 9]},
			"faces": {
				"north": {"uv": [13, 4, 12, 5], "rotation": 180, "texture": "#0"},
				"east": {"uv": [10, 5.5, 11, 8], "rotation": 270, "texture": "#0"},
				"south": {"uv": [12, 5, 11, 4], "texture": "#0"},
				"west": {"uv": [12, 5.5, 13, 8], "rotation": 90, "texture": "#0"},
				"up": {"uv": [11, 5.5, 12, 8], "rotation": 180, "texture": "#0"},
				"down": {"uv": [13, 5.5, 14, 8], "texture": "#0"}
			}
		},
		{
			"name": "Wing",
			"from": [11.1, 14.5, -10.5],
			"to": [11.1, 23.5, 9.5],
			"rotation": {"angle": 0, "axis": "x", "origin": [11, 22, 9]},
			"faces": {
				"north": {"uv": [0, 0, 2, 0.5], "rotation": 270, "texture": "#missing"},
				"east": {"uv": [13.75, 16, 16, 11], "rotation": 90, "texture": "#0"},
				"south": {"uv": [0, 0, 2, 0.5], "rotation": 270, "texture": "#missing"},
				"west": {"uv": [0, 16, 2.25, 11], "rotation": 270, "texture": "#0"},
				"up": {"uv": [0, 0, 0.5, 2.75], "rotation": 180, "texture": "#missing"},
				"down": {"uv": [0, 0, 0.5, 2.75], "texture": "#missing"}
			}
		}
	],
	"display": {
		"thirdperson_righthand": {
			"rotation": [90, 0, 0],
			"translation": [-6, 9.5, -9],
			"scale": [1.5, 1.5, 1.5]
		},
		"thirdperson_lefthand": {
			"rotation": [90, 0, 0],
			"translation": [-6, 9.5, -9],
			"scale": [1.5, 1.5, 1.5]
		},
		"head": {
			"translation": [0, -17, -3.25],
			"scale": [2.4, 2.4, 2.4]
		}
	},
	"groups": [
		{
			"name": "RightArm",
			"origin": [5, 22, 0],
			"color": 0,
			"children": [0, 1, 2]
		}
	]
}