{
	"credit": "Made by Peeter100 for the TTT Project using Blockbench",
	"texture_size": [64, 64],
	"textures": {
		"0": "entity/player/trollge"
	},
	"elements": [
		{
			"name": "Left Arm",
			"from": [-5, 13, 7],
			"to": [-3, 23, 9],
			"rotation": {"angle": -22.5, "axis": "z", "origin": [0, 0, 0]},
			"faces": {
				"north": {"uv": [9, 13, 10, 15.5], "texture": "#0"},
				"east": {"uv": [8, 13, 9, 15.5], "texture": "#0"},
				"south": {"uv": [11, 13, 12, 15.5], "texture": "#0"},
				"west": {"uv": [10, 13, 11, 15.5], "texture": "#0"},
				"up": {"uv": [10, 13, 9, 12], "texture": "#0"},
				"down": {"uv": [11, 12, 10, 13], "texture": "#0"}
			}
		},
		{
			"name": "Left Arm 2",
			"from": [1.5, 13, 7],
			"to": [11.5, 15, 9],
			"rotation": {"angle": 45, "axis": "y", "origin": [1.5, 14, 8]},
			"faces": {
				"north": {"uv": [9, 13.5, 10, 16], "rotation": 90, "texture": "#0"},
				"east": {"uv": [11, 12, 10, 13], "rotation": 270, "texture": "#0"},
				"south": {"uv": [11, 13.5, 12, 16], "rotation": 270, "texture": "#0"},
				"west": {"uv": [10, 13, 9, 12], "rotation": 270, "texture": "#0"},
				"up": {"uv": [8, 13.5, 9, 16], "rotation": 270, "texture": "#0"},
				"down": {"uv": [10, 13.5, 11, 16], "rotation": 270, "texture": "#0"}
			}
		},
		{
			"name": "Wing",
			"from": [-4, 4, 9.1],
			"to": [5, 24, 9.1],
			"rotation": {"angle": -22.5, "axis": "z", "origin": [0, 0, 0]},
			"faces": {
				"north": {"uv": [13.75, 16, 16, 11], "rotation": 180, "texture": "#0"},
				"east": {"uv": [0, 0, 0.5, 2.75], "texture": "#missing"},
				"south": {"uv": [0, 16, 2.25, 11], "rotation": 180, "texture": "#0"},
				"west": {"uv": [0, 0, 0.5, 2.75], "texture": "#missing"},
				"up": {"uv": [0, 0, 2, 0.5], "texture": "#missing"},
				"down": {"uv": [0, 0, 2, 0.5], "texture": "#missing"}
			}
		}
	],
	"display": {
		"thirdperson_righthand": {
			"rotation": [150, 0, 0],
			"translation": [-6, 20.5, 12.5],
			"scale": [1.5, 1.5, 1.5]
		},
		"thirdperson_lefthand": {
			"rotation": [150, 0, 0],
			"translation": [-6, 20.5, 12.5],
			"scale": [1.5, 1.5, 1.5]
		},
		"head": {
			"translation": [0, -18.25, -11.25],
			"scale": [2.4, 2.4, 2.4]
		}
	},
	"groups": [
		{
			"name": "LeftArm",
			"origin": [-5, 22, 0],
			"color": 0,
			"children": [0, 1, 2]
		}
	]
}