{
	"credit": "Made by Peeter100 for the TTT Project using Blockbench",
	"texture_size": [64, 64],
	"textures": {
		"0": "entity/player/trollge"
	},
	"elements": [
		{
			"name": "Body",
			"from": [5, 8, 6],
			"to": [11, 23, 10],
			"faces": {
				"north": {"uv": [5.25, 5, 6.75, 8], "texture": "#0"},
				"east": {"uv": [4, 5, 5, 8], "texture": "#0"},
				"south": {"uv": [8.25, 5, 9.75, 8], "texture": "#0"},
				"west": {"uv": [7, 5, 8, 8], "texture": "#0"},
				"up": {"uv": [7, 5, 5, 4], "texture": "#0"},
				"down": {"uv": [9, 4, 7, 5], "texture": "#0"}
			}
		}
	],
	"display": {
		"thirdperson_righthand": {
			"rotation": [90, 0, 0],
			"translation": [-6, 0, 12],
			"scale": [1.5, 1.5, 1.5]
		},
		"thirdperson_lefthand": {
			"rotation": [90, 0, 0],
			"translation": [-6, 0, 12],
			"scale": [1.5, 1.5, 1.5]
		},
		"head": {
			"translation": [0, -4.75, -3.25],
			"scale": [2.4, 2.4, 2.4]
		}
	},
	"groups": [
		{
			"name": "Body",
			"origin": [0, 24, 0],
			"color": 0,
			"children": [0]
		}
	]
}