{
	"credit": "Made with Blockbench",
	"ambientocclusion": false,
	"textures": {
		"particle": "block/tall_pot",
		"flowerpot": "block/tall_pot",
		"cactus_top": "block/cactus_top",
		"cactus": "block/cactus_side"
	},
	"elements": [
		{
			"from": [5, 0, 5],
			"to": [6, 10, 11],
			"faces": {
				"north": {"uv": [10, 6, 11, 16], "texture": "#flowerpot"},
				"east": {"uv": [5, 6, 11, 16], "texture": "#flowerpot"},
				"south": {"uv": [5, 6, 6, 16], "texture": "#flowerpot"},
				"west": {"uv": [5, 6, 11, 16], "texture": "#flowerpot"},
				"up": {"uv": [5, 0, 6, 6], "texture": "#flowerpot"},
				"down": {"uv": [5, 0, 6, 6], "texture": "#flowerpot", "cullface": "down"}
			}
		},
		{
			"from": [10, 0, 5],
			"to": [11, 10, 11],
			"faces": {
				"north": {"uv": [5, 6, 6, 16], "texture": "#flowerpot"},
				"east": {"uv": [5, 6, 11, 16], "texture": "#flowerpot"},
				"south": {"uv": [10, 6, 11, 16], "texture": "#flowerpot"},
				"west": {"uv": [5, 6, 11, 16], "texture": "#flowerpot"},
				"up": {"uv": [10, 0, 11, 6], "texture": "#flowerpot"},
				"down": {"uv": [10, 0, 11, 6], "texture": "#flowerpot", "cullface": "down"}
			}
		},
		{
			"from": [6, 0, 5],
			"to": [10, 10, 6],
			"faces": {
				"north": {"uv": [6, 6, 10, 16], "texture": "#flowerpot"},
				"south": {"uv": [6, 6, 10, 16], "texture": "#flowerpot"},
				"up": {"uv": [6, 0, 10, 1], "texture": "#flowerpot"},
				"down": {"uv": [6, 5, 10, 6], "texture": "#flowerpot", "cullface": "down"}
			}
		},
		{
			"from": [6, 0, 10],
			"to": [10, 10, 11],
			"faces": {
				"north": {"uv": [6, 6, 10, 16], "texture": "#flowerpot"},
				"south": {"uv": [6, 6, 10, 16], "texture": "#flowerpot"},
				"up": {"uv": [6, 5, 10, 6], "texture": "#flowerpot"},
				"down": {"uv": [6, 0, 10, 1], "texture": "#flowerpot", "cullface": "down"}
			}
		},
		{
			"from": [6, 8, 6],
			"to": [10, 19, 10],
			"faces": {
				"north": {"uv": [6, 0, 10, 11], "texture": "#cactus"},
				"east": {"uv": [6, 0, 10, 11], "texture": "#cactus"},
				"south": {"uv": [6, 0, 10, 11], "texture": "#cactus"},
				"west": {"uv": [6, 0, 10, 11], "texture": "#cactus"},
				"up": {"uv": [6, 6, 10, 10], "texture": "#cactus_top", "cullface": "up"}
			}
		}
	]
}