{
	"credit": "Made with Blockbench",
	"texture_size": [32, 32],
	"textures": {
		"0": "item/monster_horn",
		"particle": "monster_horn"
	},
	"elements": [
		{
			"from": [7.3, 11, 7.3],
			"to": [7.7, 16.2, 7.7],
			"faces": {
				"north": {"uv": [1, 3, 1.5, 5.5], "texture": "#0"},
				"east": {"uv": [1.5, 3, 2, 5.5], "texture": "#0"},
				"south": {"uv": [3, 1.5, 3.5, 4], "texture": "#0"},
				"west": {"uv": [2, 3, 2.5, 5.5], "texture": "#0"},
				"up": {"uv": [10, 4.5, 9.5, 4], "texture": "#0"},
				"down": {"uv": [10, 4.5, 9.5, 5], "texture": "#0"}
			}
		},
		{
			"from": [6.9, 8, 6.9],
			"to": [8.1, 11, 8.1],
			"faces": {
				"north": {"uv": [3, 9, 3.5, 10.5], "texture": "#0"},
				"east": {"uv": [3.5, 9, 4, 10.5], "texture": "#0"},
				"south": {"uv": [4, 9, 4.5, 10.5], "texture": "#0"},
				"west": {"uv": [9, 4, 9.5, 5.5], "texture": "#0"},
				"up": {"uv": [10, 5.5, 9.5, 5], "texture": "#0"},
				"down": {"uv": [10, 5.5, 9.5, 6], "texture": "#0"}
			}
		},
		{
			"from": [6.8, 6, 6.8],
			"to": [8.2, 8, 8.2],
			"faces": {
				"north": {"uv": [8.5, 4, 9, 5], "texture": "#0"},
				"east": {"uv": [7.5, 9, 8, 10], "texture": "#0"},
				"south": {"uv": [8, 9, 8.5, 10], "texture": "#0"},
				"west": {"uv": [8.5, 9, 9, 10], "texture": "#0"},
				"up": {"uv": [10, 6.5, 9.5, 6], "texture": "#0"},
				"down": {"uv": [10, 6.5, 9.5, 7], "texture": "#0"}
			}
		},
		{
			"from": [6.7, 3, 6.7],
			"to": [8.3, 6, 8.3],
			"faces": {
				"north": {"uv": [0, 0, 1, 1.5], "texture": "#0"},
				"east": {"uv": [1, 0, 2, 1.5], "texture": "#0"},
				"south": {"uv": [0, 1.5, 1, 3], "texture": "#0"},
				"west": {"uv": [1, 1.5, 2, 3], "texture": "#0"},
				"up": {"uv": [4, 5, 3, 4], "texture": "#0"},
				"down": {"uv": [1, 4.5, 0, 5.5], "texture": "#0"}
			}
		},
		{
			"from": [7, 11, 7],
			"to": [8, 13.6, 8],
			"faces": {
				"north": {"uv": [4.5, 9, 5, 10.5], "texture": "#0"},
				"east": {"uv": [5, 9, 5.5, 10.5], "texture": "#0"},
				"south": {"uv": [5.5, 9, 6, 10.5], "texture": "#0"},
				"west": {"uv": [9, 5.5, 9.5, 7], "texture": "#0"},
				"up": {"uv": [10, 7.5, 9.5, 7], "texture": "#0"},
				"down": {"uv": [10, 7.5, 9.5, 8], "texture": "#0"}
			}
		},
		{
			"from": [6.6, 1.5, 6.6],
			"to": [8.4, 3, 8.4],
			"faces": {
				"north": {"uv": [4.5, 0, 5.5, 1], "texture": "#0"},
				"east": {"uv": [4.5, 1, 5.5, 2], "texture": "#0"},
				"south": {"uv": [4.5, 2, 5.5, 3], "texture": "#0"},
				"west": {"uv": [4.5, 3, 5.5, 4], "texture": "#0"},
				"up": {"uv": [5.5, 5, 4.5, 4], "texture": "#0"},
				"down": {"uv": [4, 5, 3, 6], "texture": "#0"}
			}
		},
		{
			"from": [6.7, 0, 6.7],
			"to": [8.3, 1.5, 8.3],
			"faces": {
				"north": {"uv": [4, 5, 5, 6], "texture": "#0"},
				"east": {"uv": [5, 5, 6, 6], "texture": "#0"},
				"south": {"uv": [0, 5.5, 1, 6.5], "texture": "#0"},
				"west": {"uv": [5.5, 0, 6.5, 1], "texture": "#0"},
				"up": {"uv": [2, 6.5, 1, 5.5], "texture": "#0"},
				"down": {"uv": [6.5, 1, 5.5, 2], "texture": "#0"}
			}
		},
		{
			"from": [6.6, -1.5, 6.6],
			"to": [8.4, 0, 8.4],
			"faces": {
				"north": {"uv": [2, 5.5, 3, 6.5], "texture": "#0"},
				"east": {"uv": [5.5, 2, 6.5, 3], "texture": "#0"},
				"south": {"uv": [5.5, 3, 6.5, 4], "texture": "#0"},
				"west": {"uv": [5.5, 4, 6.5, 5], "texture": "#0"},
				"up": {"uv": [4, 7, 3, 6], "texture": "#0"},
				"down": {"uv": [5, 6, 4, 7], "texture": "#0"}
			}
		},
		{
			"from": [6.7, -3, 6.7],
			"to": [8.3, -1.5, 8.3],
			"faces": {
				"north": {"uv": [5, 6, 6, 7], "texture": "#0"},
				"east": {"uv": [6, 5, 7, 6], "texture": "#0"},
				"south": {"uv": [6, 6, 7, 7], "texture": "#0"},
				"west": {"uv": [0, 6.5, 1, 7.5], "texture": "#0"},
				"up": {"uv": [7.5, 1, 6.5, 0], "texture": "#0"},
				"down": {"uv": [2, 6.5, 1, 7.5], "texture": "#0"}
			}
		},
		{
			"from": [6.6, -4.5, 6.6],
			"to": [8.4, -3, 8.4],
			"faces": {
				"north": {"uv": [6.5, 1, 7.5, 2], "texture": "#0"},
				"east": {"uv": [2, 6.5, 3, 7.5], "texture": "#0"},
				"south": {"uv": [6.5, 2, 7.5, 3], "texture": "#0"},
				"west": {"uv": [6.5, 3, 7.5, 4], "texture": "#0"},
				"up": {"uv": [7.5, 5, 6.5, 4], "texture": "#0"},
				"down": {"uv": [4, 7, 3, 8], "texture": "#0"}
			}
		},
		{
			"from": [6.7, -6, 6.7],
			"to": [8.3, -4.5, 8.3],
			"faces": {
				"north": {"uv": [4, 7, 5, 8], "texture": "#0"},
				"east": {"uv": [5, 7, 6, 8], "texture": "#0"},
				"south": {"uv": [7, 5, 8, 6], "texture": "#0"},
				"west": {"uv": [6, 7, 7, 8], "texture": "#0"},
				"up": {"uv": [8, 7, 7, 6], "texture": "#0"},
				"down": {"uv": [8, 7, 7, 8], "texture": "#0"}
			}
		},
		{
			"from": [6.6, -7.5, 6.6],
			"to": [8.4, -6, 8.4],
			"faces": {
				"north": {"uv": [0, 7.5, 1, 8.5], "texture": "#0"},
				"east": {"uv": [7.5, 0, 8.5, 1], "texture": "#0"},
				"south": {"uv": [1, 7.5, 2, 8.5], "texture": "#0"},
				"west": {"uv": [7.5, 1, 8.5, 2], "texture": "#0"},
				"up": {"uv": [3, 8.5, 2, 7.5], "texture": "#0"},
				"down": {"uv": [8.5, 2, 7.5, 3], "texture": "#0"}
			}
		},
		{
			"from": [6.7, -9, 6.7],
			"to": [8.3, -7.5, 8.3],
			"faces": {
				"north": {"uv": [7.5, 3, 8.5, 4], "texture": "#0"},
				"east": {"uv": [7.5, 4, 8.5, 5], "texture": "#0"},
				"south": {"uv": [3, 8, 4, 9], "texture": "#0"},
				"west": {"uv": [4, 8, 5, 9], "texture": "#0"},
				"up": {"uv": [6, 9, 5, 8], "texture": "#0"},
				"down": {"uv": [9, 5, 8, 6], "texture": "#0"}
			}
		},
		{
			"from": [6.6, -11.5, 6.6],
			"to": [8.4, -9, 8.4],
			"faces": {
				"north": {"uv": [2, 0, 3, 1.5], "texture": "#0"},
				"east": {"uv": [2, 1.5, 3, 3], "texture": "#0"},
				"south": {"uv": [0, 3, 1, 4.5], "texture": "#0"},
				"west": {"uv": [3, 0, 4, 1.5], "texture": "#0"},
				"up": {"uv": [7, 9, 6, 8], "texture": "#0"},
				"down": {"uv": [9, 6, 8, 7], "texture": "#0"}
			}
		},
		{
			"from": [6.7, -11.6, 6.7],
			"to": [8.3, -11.5, 8.3],
			"faces": {
				"north": {"uv": [9, 8.5, 10, 9], "texture": "#0"},
				"east": {"uv": [9, 9, 10, 9.5], "texture": "#0"},
				"south": {"uv": [0, 9.5, 1, 10], "texture": "#0"},
				"west": {"uv": [9.5, 0, 10.5, 0.5], "texture": "#0"},
				"up": {"uv": [8, 9, 7, 8], "texture": "#0"},
				"down": {"uv": [9, 7, 8, 8], "texture": "#0"}
			}
		},
		{
			"from": [6.6, 4, 6.6],
			"to": [8.4, 5.5, 8.4],
			"faces": {
				"north": {"uv": [8, 8, 9, 9], "texture": "#0"},
				"east": {"uv": [0, 8.5, 1, 9.5], "texture": "#0"},
				"south": {"uv": [8.5, 0, 9.5, 1], "texture": "#0"},
				"west": {"uv": [1, 8.5, 2, 9.5], "texture": "#0"},
				"up": {"uv": [9.5, 2, 8.5, 1], "texture": "#0"},
				"down": {"uv": [3, 8.5, 2, 9.5], "texture": "#0"}
			}
		},
		{
			"from": [6.7, 6.5, 6.7],
			"to": [8.3, 7.7, 8.3],
			"faces": {
				"north": {"uv": [9.5, 0.5, 10.5, 1], "texture": "#0"},
				"east": {"uv": [1, 9.5, 2, 10], "texture": "#0"},
				"south": {"uv": [9.5, 1, 10.5, 1.5], "texture": "#0"},
				"west": {"uv": [9.5, 1.5, 10.5, 2], "texture": "#0"},
				"up": {"uv": [9.5, 3, 8.5, 2], "texture": "#0"},
				"down": {"uv": [9.5, 3, 8.5, 4], "texture": "#0"}
			}
		},
		{
			"from": [6.8, 8.6, 6.8],
			"to": [8.2, 10.1, 8.2],
			"faces": {
				"north": {"uv": [2, 9.5, 2.5, 10.5], "texture": "#0"},
				"east": {"uv": [9.5, 2, 10, 3], "texture": "#0"},
				"south": {"uv": [2.5, 9.5, 3, 10.5], "texture": "#0"},
				"west": {"uv": [9.5, 3, 10, 4], "texture": "#0"},
				"up": {"uv": [10, 8.5, 9.5, 8], "texture": "#0"},
				"down": {"uv": [9.5, 9.5, 9, 10], "texture": "#0"}
			}
		},
		{
			"from": [7.1, 11, 7.1],
			"to": [7.9, 14.4, 7.9],
			"faces": {
				"north": {"uv": [6, 9, 6.5, 10.5], "texture": "#0"},
				"east": {"uv": [6.5, 9, 7, 10.5], "texture": "#0"},
				"south": {"uv": [7, 9, 7.5, 10.5], "texture": "#0"},
				"west": {"uv": [9, 7, 9.5, 8.5], "texture": "#0"},
				"up": {"uv": [10, 10, 9.5, 9.5], "texture": "#0"},
				"down": {"uv": [0.5, 10, 0, 10.5], "texture": "#0"}
			}
		},
		{
			"from": [7.2, 11, 7.2],
			"to": [7.8, 15.6, 7.8],
			"faces": {
				"north": {"uv": [2.5, 3, 3, 5.5], "texture": "#0"},
				"east": {"uv": [3.5, 1.5, 4, 4], "texture": "#0"},
				"south": {"uv": [4, 0, 4.5, 2.5], "texture": "#0"},
				"west": {"uv": [4, 2.5, 4.5, 5], "texture": "#0"},
				"up": {"uv": [1, 10.5, 0.5, 10], "texture": "#0"},
				"down": {"uv": [1.5, 10, 1, 10.5], "texture": "#0"}
			}
		}
	],
	"display": {
		"thirdperson_righthand": {
			"translation": [0.75, 13.5, 2.25],
			"scale": [1.5, 1.5, 1.5]
		},
		"thirdperson_lefthand": {
			"rotation": [0, -5, -84],
			"translation": [7.5, -0.75, 1.5],
			"scale": [1.5, 1.5, 1.5]
		},
		"firstperson_righthand": {
			"rotation": [-41, 0, 0],
			"translation": [-2, 10.5, -0.75]
		},
		"firstperson_lefthand": {
			"rotation": [0, 0, -82],
			"translation": [-3, 3.5, 3]
		},
		"ground": {
			"rotation": [90, 0, 0],
			"translation": [0, 0, 10],
			"scale": [1.5, 1.5, 1.5]
		},
		"gui": {
			"rotation": [0, 0, 42],
			"translation": [-2.5, 3.5, 0],
			"scale": [0.69, 0.69, 0.69]
		},
		"head": {
			"rotation": [73, 0, 0],
			"translation": [0, -16, 9.5],
			"scale": [1.5, 1.5, 1.5]
		},
		"fixed": {
			"translation": [1.5, 11.75, -1],
			"scale": [2, 2, 2]
		}
	},
	"groups": [
		{
			"name": "group",
			"origin": [8, 8, 8],
			"color": 0,
			"children": [0, 1, 2, 3, 4, 5, 6, 7, 8, 9, 10, 11, 12, 13, 14, 15, 16, 17, 18, 19]
		}
	]
}