{
	"credit": "Made with Blockbench",
	"ambientocclusion": false,
	"textures": {
		"particle": "block/thick_pot",
		"flowerpot": "block/thick_pot",
		"dirt": "block/dirt",
		"bamboo": "block/bamboo_stalk",
		"leaf": "block/bamboo_singleleaf"
	},
	"elements": [
		{
			"from": [4, 0, 4],
			"to": [5, 7, 12],
			"faces": {
				"north": {"uv": [4, 9, 5, 16], "texture": "#flowerpot"},
				"east": {"uv": [4, 9, 12, 16], "texture": "#flowerpot"},
				"south": {"uv": [11, 9, 12, 16], "texture": "#flowerpot"},
				"west": {"uv": [4, 9, 12, 16], "texture": "#flowerpot"},
				"up": {"uv": [4, 8, 12, 9], "rotation": 90, "texture": "#flowerpot"},
				"down": {"uv": [4, 8, 12, 9], "rotation": 90, "texture": "#flowerpot", "cullface": "down"}
			}
		},
		{
			"from": [11, 0, 4],
			"to": [12, 7, 12],
			"faces": {
				"north": {"uv": [4, 9, 5, 16], "texture": "#flowerpot"},
				"east": {"uv": [4, 9, 12, 16], "texture": "#flowerpot"},
				"south": {"uv": [11, 9, 12, 16], "texture": "#flowerpot"},
				"west": {"uv": [4, 9, 12, 16], "texture": "#flowerpot"},
				"up": {"uv": [4, 8, 12, 9], "rotation": 90, "texture": "#flowerpot"},
				"down": {"uv": [4, 8, 12, 9], "rotation": 90, "texture": "#flowerpot", "cullface": "down"}
			}
		},
		{
			"from": [5, 0, 4],
			"to": [11, 7, 5],
			"faces": {
				"north": {"uv": [5, 9, 11, 16], "texture": "#flowerpot"},
				"south": {"uv": [5, 9, 11, 16], "texture": "#flowerpot"},
				"up": {"uv": [5, 8, 11, 9], "texture": "#flowerpot"},
				"down": {"uv": [5, 8, 11, 9], "texture": "#flowerpot", "cullface": "down"}
			}
		},
		{
			"from": [5, 0, 11],
			"to": [11, 7, 12],
			"faces": {
				"north": {"uv": [5, 9, 11, 16], "texture": "#flowerpot"},
				"south": {"uv": [5, 9, 11, 16], "texture": "#flowerpot"},
				"up": {"uv": [5, 8, 11, 9], "texture": "#flowerpot"},
				"down": {"uv": [5, 8, 11, 9], "texture": "#flowerpot", "cullface": "down"}
			}
		},
		{
			"from": [5, 0, 5],
			"to": [11, 5, 11],
			"faces": {
				"up": {"uv": [6, 6, 10, 10], "texture": "#dirt"},
				"down": {"uv": [5, 10, 11, 16], "texture": "#flowerpot", "cullface": "down"}
			}
		},
		{
			"from": [7, 3, 7],
			"to": [9, 19, 9],
			"faces": {
				"north": {"uv": [6, 0, 8, 16], "texture": "#bamboo"},
				"east": {"uv": [6, 0, 8, 16], "texture": "#bamboo"},
				"south": {"uv": [6, 0, 8, 16], "texture": "#bamboo"},
				"west": {"uv": [6, 0, 8, 16], "texture": "#bamboo"},
				"up": {"uv": [13, 0, 15, 2], "texture": "#bamboo", "cullface": "up"}
			}
		},
		{
			"from": [0, 5, 8],
			"to": [16, 21, 8],
			"shade": false,
			"faces": {
				"north": {"uv": [0, 0, 16, 16], "texture": "#leaf"},
				"south": {"uv": [16, 0, 0, 16], "texture": "#leaf"}
			}
		}
	]
}