{
	"credit": "Made with Blockbench",
	"parent": "block/block",
	"display": {
		"head": {
			"scale": [4, 4, 4]
		}
	},
	"elements": [
		{
			"name": "Stator Front",
			"from": [6, 6, 7.9],
			"to": [10, 10, 7.9],
			"faces": {
				"north": {"uv": [0, 0, 16, 16], "texture": "#1"},
				"south": {"uv": [0, 0, 4, 4], "texture": "#1"}
			}
		},
		{
			"name": "Rotor",
			"from": [-16, -16, 8],
			"to": [32, 32, 8],
			"faces": {
				"north": {"uv": [0, 0, 16, 16], "texture": "#2"},
				"south": {"uv": [16, 0, 0, 16], "texture": "#2"}
			}
		},
		{
			"name": "Stator Back",
			"from": [6.5, 6.5, 8],
			"to": [9.5, 9.5, 14],
			"faces": {
				"north": {"uv": [0, 0, 2, 2], "texture": "#0"},
				"east": {"uv": [0, 0, 16, 8], "texture": "#0"},
				"south": {"uv": [0, 0, 8, 8], "texture": "#0"},
				"west": {"uv": [0, 0, 16, 8], "texture": "#0"},
				"up": {"uv": [0, 0, 16, 8], "rotation": 90, "texture": "#0"},
				"down": {"uv": [0, 0, 16, 8], "rotation": 90, "texture": "#0"}
			}
		}
	]
}