{
	"credit": "Made by Peeter100 for the TTT Project using Blockbench",
	"texture_size": [512, 512],
	"textures": {
		"0": "entity/baldi/playtime_animated",
		"particle": "entity/baldi/playtime_animated"
	},
	"elements": [
		{
			"name": "2D Texture",
			"from": [-9, -10, 0],
			"to": [23, 22, 0],
			"faces": {
				"north": {"uv": [0, 0, 16, 16], "texture": "#0"},
				"south": {"uv": [16, 0, 0, 16], "texture": "#0"}
			}
		}
	],
	"display": {
		"thirdperson_righthand": {
			"rotation": [90, 0, 0],
			"translation": [-5, -9.25, 3.5],
			"scale": [0.9, 0.9, 0.9]
		},
		"thirdperson_lefthand": {
			"rotation": [90, 0, 0],
			"translation": [-7, -9.25, 3.5],
			"scale": [0.9, 0.9, 0.9]
		}
	}
}