{
	"credit": "Made by Peeter100 for the TTT Project using Blockbench",
	"texture_size": [256, 256],
	"textures": {
		"0": "block/baldi_wall",
		"1": "block/baldi_door_double",
		"particle": "block/baldi_wall"
	},
	"elements": [
		{
			"name": "L Cube 1",
			"from": [20, 0, 0],
			"to": [24, 8, 8],
			"faces": {
				"north": {"uv": [0, 0, 8, 16], "texture": "#0"},
				"east": {"uv": [0, 0, 16, 16], "texture": "#0"},
				"west": {"uv": [0, 0, 16, 16], "texture": "#0"}
			}
		},
		{
			"name": "L Cube 2",
			"from": [20, 8, 0],
			"to": [24, 16, 8],
			"faces": {
				"north": {"uv": [0, 0, 8, 16], "texture": "#0"},
				"east": {"uv": [0, 0, 16, 16], "texture": "#0"},
				"west": {"uv": [0, 0, 16, 16], "texture": "#0"}
			}
		},
		{
			"name": "L Cube 3",
			"from": [20, 16, 0],
			"to": [24, 20, 8],
			"faces": {
				"north": {"uv": [0, 8, 8, 16], "texture": "#0"},
				"east": {"uv": [0, 0, 16, 16], "texture": "#0"},
				"west": {"uv": [0, 0, 16, 16], "texture": "#0"}
			}
		},
		{
			"name": "R Cube 1",
			"from": [-8, 0, 0],
			"to": [-4, 8, 8],
			"faces": {
				"north": {"uv": [8, 0, 16, 16], "texture": "#0"},
				"east": {"uv": [0, 0, 16, 16], "texture": "#0"},
				"west": {"uv": [0, 0, 16, 16], "texture": "#0"}
			}
		},
		{
			"name": "R Cube 2",
			"from": [-8, 8, 0],
			"to": [-4, 16, 8],
			"faces": {
				"north": {"uv": [8, 0, 16, 16], "texture": "#0"},
				"east": {"uv": [0, 0, 16, 16], "texture": "#0"},
				"west": {"uv": [0, 0, 16, 16], "texture": "#0"}
			}
		},
		{
			"name": "R Cube 3",
			"from": [-8, 16, 0],
			"to": [-4, 20, 8],
			"faces": {
				"north": {"uv": [8, 8, 16, 16], "texture": "#0"},
				"east": {"uv": [0, 0, 16, 16], "texture": "#0"},
				"west": {"uv": [0, 0, 16, 16], "texture": "#0"}
			}
		},
		{
			"name": "Connection 1",
			"from": [8, 20, 0],
			"to": [16, 24, 8],
			"faces": {
				"north": {"uv": [0, 0, 16, 8], "texture": "#0"},
				"down": {"uv": [0, 0, 16, 16], "texture": "#0"}
			}
		},
		{
			"name": "Connection 2",
			"from": [0, 20, 0],
			"to": [8, 24, 8],
			"faces": {
				"north": {"uv": [0, 0, 16, 8], "texture": "#0"},
				"down": {"uv": [0, 0, 16, 16], "texture": "#0"}
			}
		},
		{
			"name": "Connection 3",
			"from": [-8, 20, 0],
			"to": [0, 24, 8],
			"faces": {
				"north": {"uv": [0, 0, 16, 8], "texture": "#0"},
				"down": {"uv": [0, 0, 16, 16], "texture": "#0"}
			}
		},
		{
			"name": "Connection 4",
			"from": [16, 20, 0],
			"to": [24, 24, 8],
			"faces": {
				"north": {"uv": [0, 0, 16, 8], "texture": "#0"},
				"down": {"uv": [0, 0, 16, 16], "texture": "#0"}
			}
		},
		{
			"name": "Double Doors",
			"from": [-4, 0, 0],
			"to": [20, 20, 0],
			"faces": {
				"north": {"uv": [1.9375, 2.875, 14.0625, 16], "texture": "#1"}
			}
		}
	],
	"display": {
		"thirdperson_righthand": {
			"rotation": [90, 0, 0],
			"translation": [-6, -10, 4],
			"scale": [2, 2, 2]
		},
		"thirdperson_lefthand": {
			"rotation": [90, 0, 0],
			"translation": [-6, -12, -4],
			"scale": [2, 2, 2]
		}
	}
}