{
	"credit": "Made by Peeter100 for the TTT Project using Blockbench",
	"texture_size": [256, 512],
	"textures": {
		"0": "entity/baldi/principall",
		"particle": "entity/baldi/principall"
	},
	"elements": [
		{
			"name": "2D Texture",
			"from": [0, -10, 0],
			"to": [16, 22, 0],
			"faces": {
				"north": {"uv": [0, 0, 16, 16], "texture": "#0"},
				"south": {"uv": [16, 0, 0, 16], "texture": "#0"}
			}
		}
	],
	"display": {
		"thirdperson_righthand": {
			"rotation": [90, 0, 0],
			"translation": [-4, -13.25, 12.5],
			"scale": [1.4, 1.4, 1.4]
		},
		"thirdperson_lefthand": {
			"rotation": [90, 0, 0],
			"translation": [-7.75, -10.75, 7.5],
			"scale": [1.1, 1.1, 1.1]
		}
	}
}