{
	"credit": "Made by Peeter100 for the TTT Project using Blockbench",
	"texture_size": [256, 256],
	"textures": {
		"0": "entity/baldi/bully",
		"particle": "entity/baldi/bully"
	},
	"elements": [
		{
			"name": "Bully",
			"from": [-8, -10, 0],
			"to": [24, 22, 0],
			"faces": {
				"north": {"uv": [0, 0, 16, 16], "texture": "#0"},
				"south": {"uv": [16, 0, 0, 16], "texture": "#0"}
			}
		}
	],
	"display": {
		"thirdperson_righthand": {
			"rotation": [90, 0, 0],
			"translation": [-8, -10, 8],
			"scale": [2, 2, 2]
		},
		"thirdperson_lefthand": {
			"rotation": [90, 0, 0],
			"translation": [10, -10, 4],
			"scale": [2, 2, 2]
		}
	}
}