{
	"credit": "Made by Peeter100 for the TTT Project using Blockbench",
	"texture_size": [256, 256],
	"textures": {
		"1": "block/baldi_door_faculty",
		"particle": "block/baldi_wall"
	},
	"elements": [
		{
			"name": "Door",
			"from": [2, 0, 0],
			"to": [14, 24, 8],
			"faces": {
				"north": {"uv": [4.9375, 2.125, 11, 16], "texture": "#1"},
				"south": {"uv": [4.9375, 2.125, 11, 16], "texture": "#1"}
			}
		}
	],
	"display": {
		"thirdperson_righthand": {
			"rotation": [90, 0, 0],
			"translation": [-6, -10, -12],
			"scale": [2, 2, 2]
		},
		"thirdperson_lefthand": {
			"rotation": [90, 0, 0],
			"translation": [10, -10, 4],
			"scale": [2, 2, 2]
		}
	}
}