{
	"credit": "Made by Peeter100 for the TTT Project using Blockbench",
	"texture_size": [256, 256],
	"textures": {
		"0": "entity/baldi/baldi_ruler_0",
		"particle": "entity/baldi/baldi_ruler_0"
	},
	"elements": [
		{
			"name": "2D Texture",
			"from": [0, -10, 0],
			"to": [16, 22, 0],
			"faces": {
				"north": {"uv": [3.5, 0, 11.375, 15.875], "texture": "#0"},
				"south": {"uv": [11.375, 0, 3.5, 15.875], "texture": "#0"}
			}
		}
	],
	"display": {
		"thirdperson_righthand": {
			"rotation": [90, 0, 0],
			"translation": [-6.25, -14, 15],
			"scale": [1.5, 1.5, 1.5]
		},
		"thirdperson_lefthand": {
			"rotation": [90, 0, 0],
			"translation": [-5.75, -11.75, 10.5],
			"scale": [1.25, 1.25, 1.25]
		}
	}
}