{
	"credit": "Made by Peeter100 for the TTT Project using Blockbench",
	"texture_size": [256, 256],
	"textures": {
		"1": "block/baldi_door_double",
		"particle": "block/baldi_wall"
	},
	"elements": [
		{
			"name": "Double Doors",
			"from": [-4, 0, 0],
			"to": [8, 24, 8],
			"faces": {
				"north": {"uv": [8, 2.875, 14.0625, 16], "texture": "#1"},
				"south": {"uv": [14.0625, 2.875, 8, 16], "texture": "#1"}
			}
		}
	],
	"display": {
		"thirdperson_righthand": {
			"rotation": [90, 0, 0],
			"translation": [10, -10, -12],
			"scale": [2, 2, 2]
		},
		"thirdperson_lefthand": {
			"rotation": [90, 0, 0],
			"translation": [-22, -10, 4],
			"scale": [2, 2, 2]
		}
	}
}