{
	"credit": "Made by Peeter100 for the TTT Project using Blockbench",
	"texture_size": [256, 256],
	"textures": {
		"0": "entity/baldi/baldi_no_ruler",
		"particle": "entity/baldi/baldi_no_ruler"
	},
	"elements": [
		{
			"name": "2D Texture",
			"from": [0, -10, 0],
			"to": [16, 22, 0],
			"faces": {
				"north": {"uv": [4.625, 1.3125, 11.75, 15.8125], "texture": "#0"},
				"south": {"uv": [11.75, 1.3125, 4.625, 15.8125], "texture": "#0"}
			}
		}
	],
	"display": {
		"thirdperson_righthand": {
			"rotation": [90, 0, 0],
			"translation": [-6, -13.5, 14],
			"scale": [1.45, 1.45, 1.45]
		},
		"thirdperson_lefthand": {
			"rotation": [90, 0, 0],
			"translation": [-6, -11.75, 9.5],
			"scale": [1.2, 1.2, 1.2]
		}
	}
}