{
	"credit": "Made by Peeter100 for the TTT Project using Blockbench",
	"texture_size": [32, 32],
	"textures": {
		"0": "item/vase_model",
		"particle": "item/vase_model"
	},
	"elements": [
		{
			"name": "Base",
			"from": [4, 0, 4],
			"to": [12, 8, 12],
			"faces": {
				"north": {"uv": [0, 0, 8, 8], "texture": "#0"},
				"east": {"uv": [8, 0, 16, 8], "texture": "#0"},
				"south": {"uv": [8, 0, 16, 8], "texture": "#0"},
				"west": {"uv": [8, 0, 16, 8], "texture": "#0"},
				"up": {"uv": [8, 0, 16, 8], "texture": "#0"},
				"down": {"uv": [8, 0, 16, 8], "texture": "#0"}
			}
		},
		{
			"name": "Rim",
			"from": [6, 7, 6],
			"to": [10, 9, 10],
			"faces": {
				"north": {"uv": [10, 0, 14, 1], "texture": "#0"},
				"east": {"uv": [10, 0, 14, 1], "texture": "#0"},
				"south": {"uv": [10, 0, 14, 1], "texture": "#0"},
				"west": {"uv": [10, 0, 14, 1], "texture": "#0"}
			}
		},
		{
			"name": "Top",
			"from": [5, 9, 5],
			"to": [11, 10, 11],
			"faces": {
				"north": {"uv": [9, 0, 15, 0.5], "texture": "#0"},
				"east": {"uv": [9, 0, 15, 0.5], "texture": "#0"},
				"south": {"uv": [9, 0, 15, 0.5], "texture": "#0"},
				"west": {"uv": [9, 0, 15, 0.5], "texture": "#0"},
				"up": {"uv": [0, 8, 8, 16], "texture": "#0"},
				"down": {"uv": [9, 1, 15, 7], "texture": "#0"}
			}
		}
	],
	"display": {
		"thirdperson_righthand": {
			"rotation": [90, 0, 0],
			"translation": [-6, -2, -4]
		},
		"thirdperson_lefthand": {
			"rotation": [90, 0, 0],
			"translation": [-6, -2, -4]
		}
	}
}