{
	"credit": "Made with Blockbench",
	"texture_size": [64, 64],
	"textures": {
		"0": "item/horse_killer",
		"particle": "horse_killer"
	},
	"elements": [
		{
			"from": [5.3, -0.9, 6],
			"to": [6, -0.2, 7],
			"rotation": {"angle": -22.5, "axis": "z", "origin": [0, 0, 0]},
			"faces": {
				"north": {"uv": [5.5, 7.25, 5.75, 7.5], "texture": "#0"},
				"east": {"uv": [5.75, 7.25, 6, 7.5], "texture": "#0"},
				"south": {"uv": [6, 7.25, 6.25, 7.5], "texture": "#0"},
				"west": {"uv": [6.25, 7.25, 6.5, 7.5], "texture": "#0"},
				"up": {"uv": [7.5, 6.5, 7.25, 6.25], "texture": "#0"},
				"down": {"uv": [6.75, 7.25, 6.5, 7.5], "texture": "#0"}
			}
		},
		{
			"from": [7, -14.2, 5.8],
			"to": [9, -12.2, 7.2],
			"faces": {
				"north": {"uv": [3, 5.5, 3.5, 6], "texture": "#0"},
				"east": {"uv": [4.25, 4.5, 4.5, 5], "texture": "#0"},
				"south": {"uv": [3.5, 5.5, 4, 6], "texture": "#0"},
				"west": {"uv": [3.5, 6.25, 3.75, 6.75], "texture": "#0"},
				"up": {"uv": [7, 3.75, 6.5, 3.5], "texture": "#0"},
				"down": {"uv": [6, 6.5, 5.5, 6.75], "texture": "#0"}
			}
		},
		{
			"from": [7.5, -12.2, 6],
			"to": [8.5, -5.2, 7],
			"faces": {
				"north": {"uv": [5.25, 1, 5.5, 2.75], "texture": "#0"},
				"east": {"uv": [5.25, 5, 5.5, 6.75], "texture": "#0"},
				"south": {"uv": [1, 5.5, 1.25, 7.25], "texture": "#0"},
				"west": {"uv": [5.5, 1, 5.75, 2.75], "texture": "#0"},
				"up": {"uv": [5.25, 7.25, 5, 7], "texture": "#0"},
				"down": {"uv": [7.25, 6.5, 7, 6.75], "texture": "#0"}
			}
		},
		{
			"from": [7, -4.7, 5.9],
			"to": [7.6, 14.827, 7.1],
			"faces": {
				"north": {"uv": [0, 0, 1, 5], "texture": "#0"},
				"east": {"uv": [4.5, 0, 4.75, 5], "texture": "#0"},
				"south": {"uv": [1, 0, 2, 5], "texture": "#0"},
				"west": {"uv": [2, 4.5, 2.25, 9.5], "texture": "#0"},
				"up": {"uv": [6.25, 4, 5.25, 3.75], "texture": "#0"},
				"down": {"uv": [5, 5.5, 4, 5.75], "texture": "#0"}
			}
		},
		{
			"from": [5.5, -5.2, 5.8],
			"to": [7, -3.5, 7.2],
			"faces": {
				"north": {"uv": [5.5, 5, 6, 5.5], "texture": "#0"},
				"east": {"uv": [5, 6.5, 5.25, 7], "texture": "#0"},
				"south": {"uv": [5.5, 5.5, 6, 6], "texture": "#0"},
				"west": {"uv": [6.5, 5.5, 6.75, 6], "texture": "#0"},
				"up": {"uv": [6.5, 6.75, 6, 6.5], "texture": "#0"},
				"down": {"uv": [7, 6, 6.5, 6.25], "texture": "#0"}
			}
		},
		{
			"from": [3.1, -6.9, 5.9],
			"to": [3.9, -4.4, 7.1],
			"rotation": {"angle": 22.5, "axis": "z", "origin": [0, 0, 0]},
			"faces": {
				"north": {"uv": [6.5, 6.25, 6.75, 6.75], "texture": "#0"},
				"east": {"uv": [6.75, 0, 7, 0.5], "texture": "#0"},
				"south": {"uv": [6.75, 0.5, 7, 1], "texture": "#0"},
				"west": {"uv": [6.75, 1, 7, 1.5], "texture": "#0"},
				"up": {"uv": [7, 7.25, 6.75, 7], "texture": "#0"},
				"down": {"uv": [7.25, 6.75, 7, 7], "texture": "#0"}
			}
		},
		{
			"from": [9.7, 9.3, 6],
			"to": [12.2, 11, 7],
			"rotation": {"angle": 22.5, "axis": "z", "origin": [0, 0, 0]},
			"faces": {
				"north": {"uv": [5.25, 2.75, 6, 3.25], "texture": "#0"},
				"east": {"uv": [6.75, 1.5, 7, 2], "texture": "#0"},
				"south": {"uv": [5.25, 3.25, 6, 3.75], "texture": "#0"},
				"west": {"uv": [6.75, 2, 7, 2.5], "texture": "#0"},
				"up": {"uv": [7, 5, 6.25, 4.75], "texture": "#0"},
				"down": {"uv": [7.25, 3.25, 6.5, 3.5], "texture": "#0"}
			}
		},
		{
			"from": [-6.446, 12.3, 6],
			"to": [-2.346, 13.2, 7],
			"rotation": {"angle": -45, "axis": "z", "origin": [0, 0, 0]},
			"faces": {
				"north": {"uv": [5.75, 1, 6.75, 1.25], "texture": "#0"},
				"east": {"uv": [7, 7, 7.25, 7.25], "texture": "#0"},
				"south": {"uv": [5.75, 1.25, 6.75, 1.5], "texture": "#0"},
				"west": {"uv": [0.25, 7.25, 0.5, 7.5], "texture": "#0"},
				"up": {"uv": [6.75, 1.75, 5.75, 1.5], "texture": "#0"},
				"down": {"uv": [6.75, 1.75, 5.75, 2], "texture": "#0"}
			}
		},
		{
			"from": [10.3, 7.9, 6],
			"to": [11.6, 9.3, 7],
			"rotation": {"angle": 22.5, "axis": "z", "origin": [0, 0, 0]},
			"faces": {
				"north": {"uv": [7.25, 0.25, 7.5, 0.5], "texture": "#0"},
				"east": {"uv": [0.5, 7.25, 0.75, 7.5], "texture": "#0"},
				"south": {"uv": [7.25, 0.5, 7.5, 0.75], "texture": "#0"},
				"west": {"uv": [7.25, 0.75, 7.5, 1], "texture": "#0"},
				"up": {"uv": [1.25, 7.5, 1, 7.25], "texture": "#0"},
				"down": {"uv": [7.5, 1, 7.25, 1.25], "texture": "#0"}
			}
		},
		{
			"from": [9.6, 4.9, 6],
			"to": [10.5, 9.1, 7],
			"rotation": {"angle": 22.5, "axis": "z", "origin": [0, 0, 0]},
			"faces": {
				"north": {"uv": [5, 5.5, 5.25, 6.5], "texture": "#0"},
				"east": {"uv": [4, 5.75, 4.25, 6.75], "texture": "#0"},
				"south": {"uv": [5.75, 4, 6, 5], "texture": "#0"},
				"west": {"uv": [4.25, 5.75, 4.5, 6.75], "texture": "#0"},
				"up": {"uv": [1.75, 7.5, 1.5, 7.25], "texture": "#0"},
				"down": {"uv": [2, 7.25, 1.75, 7.5], "texture": "#0"}
			}
		},
		{
			"from": [10.5, 13.1, 5.8],
			"to": [12.3, 14.827, 7.2],
			"rotation": {"angle": 0, "axis": "z", "origin": [-0.6, 0, 0]},
			"faces": {
				"north": {"uv": [5.75, 2, 6.25, 2.5], "texture": "#0"},
				"east": {"uv": [4.5, 5.75, 5, 6.25], "texture": "#0"},
				"south": {"uv": [0, 6, 0.5, 6.5], "texture": "#0"},
				"west": {"uv": [0.5, 6, 1, 6.5], "texture": "#0"},
				"up": {"uv": [1.75, 6.5, 1.25, 6], "texture": "#0"},
				"down": {"uv": [2.75, 6, 2.25, 6.5], "texture": "#0"}
			}
		},
		{
			"from": [15.654, 0.1, 5.8],
			"to": [18.354, 1.5, 7.2],
			"rotation": {"angle": 45, "axis": "z", "origin": [-0.6, 0, 0]},
			"faces": {
				"north": {"uv": [5.75, 2.5, 6.75, 2.75], "texture": "#0"},
				"east": {"uv": [6.75, 2.5, 7.25, 2.75], "texture": "#0"},
				"south": {"uv": [2.75, 6, 3.75, 6.25], "texture": "#0"},
				"west": {"uv": [3, 6.75, 3.5, 7], "texture": "#0"},
				"up": {"uv": [3.25, 5, 2.25, 4.5], "texture": "#0"},
				"down": {"uv": [4.25, 4.5, 3.25, 5], "texture": "#0"}
			}
		},
		{
			"from": [5, 12.1, 5.8],
			"to": [5.9, 16.3, 7.2],
			"rotation": {"angle": -22.5, "axis": "z", "origin": [-0.6, 0, 0]},
			"faces": {
				"north": {"uv": [1.75, 6, 2, 7], "texture": "#0"},
				"east": {"uv": [4.75, 0, 5.25, 1], "texture": "#0"},
				"south": {"uv": [6, 2.75, 6.25, 3.75], "texture": "#0"},
				"west": {"uv": [4.75, 1, 5.25, 2], "texture": "#0"},
				"up": {"uv": [3.75, 7.25, 3.5, 6.75], "texture": "#0"},
				"down": {"uv": [4.25, 6.75, 4, 7.25], "texture": "#0"}
			}
		},
		{
			"from": [-1.96, 18.9, 5.8],
			"to": [-0.7, 19.6, 7.2],
			"rotation": {"angle": -45, "axis": "z", "origin": [-0.6, 0, 0]},
			"faces": {
				"north": {"uv": [7.25, 2, 7.5, 2.25], "texture": "#0"},
				"east": {"uv": [4.25, 6.75, 4.75, 7], "texture": "#0"},
				"south": {"uv": [7.25, 2.25, 7.5, 2.5], "texture": "#0"},
				"west": {"uv": [6.75, 4.25, 7.25, 4.5], "texture": "#0"},
				"up": {"uv": [5, 7.25, 4.75, 6.75], "texture": "#0"},
				"down": {"uv": [5.5, 6.75, 5.25, 7.25], "texture": "#0"}
			}
		},
		{
			"from": [10.2, 9.5, 5.8],
			"to": [10.9, 10.027, 7.2],
			"rotation": {"angle": 0, "axis": "y", "origin": [-0.9, -3.1, 0]},
			"faces": {
				"north": {"uv": [3, 7.25, 3.25, 7.5], "texture": "#0"},
				"east": {"uv": [6.25, 6.75, 6.75, 7], "texture": "#0"},
				"south": {"uv": [3.25, 7.25, 3.5, 7.5], "texture": "#0"},
				"west": {"uv": [6.75, 6.25, 7.25, 6.5], "texture": "#0"},
				"up": {"uv": [7, 7, 6.75, 6.5], "texture": "#0"},
				"down": {"uv": [0.25, 7, 0, 7.5], "texture": "#0"}
			}
		},
		{
			"from": [-2.26, 15.8, 5.8],
			"to": [-1, 16.5, 7.2],
			"rotation": {"angle": -45, "axis": "z", "origin": [-0.9, -3.1, 0]},
			"faces": {
				"north": {"uv": [7.25, 3.25, 7.5, 3.5], "texture": "#0"},
				"east": {"uv": [7, 0, 7.5, 0.25], "texture": "#0"},
				"south": {"uv": [3.5, 7.25, 3.75, 7.5], "texture": "#0"},
				"west": {"uv": [0.25, 7, 0.75, 7.25], "texture": "#0"},
				"up": {"uv": [7.25, 0.75, 7, 0.25], "texture": "#0"},
				"down": {"uv": [1, 7, 0.75, 7.5], "texture": "#0"}
			}
		},
		{
			"from": [4.7, 9.9, 5.8],
			"to": [5.6, 13.2, 7.2],
			"rotation": {"angle": -22.5, "axis": "z", "origin": [-0.9, -3.1, 0]},
			"faces": {
				"north": {"uv": [3.75, 6, 4, 7], "texture": "#0"},
				"east": {"uv": [4.75, 2, 5.25, 3], "texture": "#0"},
				"south": {"uv": [6, 4, 6.25, 5], "texture": "#0"},
				"west": {"uv": [4.75, 3, 5.25, 4], "texture": "#0"},
				"up": {"uv": [7.25, 1.25, 7, 0.75], "texture": "#0"},
				"down": {"uv": [1.5, 7, 1.25, 7.5], "texture": "#0"}
			}
		},
		{
			"from": [14.154, -3, 5.8],
			"to": [18.054, -2, 7.2],
			"rotation": {"angle": 45, "axis": "z", "origin": [-0.9, -3.1, 0]},
			"faces": {
				"north": {"uv": [6, 5, 7, 5.25], "texture": "#0"},
				"east": {"uv": [7, 1.25, 7.5, 1.5], "texture": "#0"},
				"south": {"uv": [6, 5.25, 7, 5.5], "texture": "#0"},
				"west": {"uv": [1.5, 7, 2, 7.25], "texture": "#0"},
				"up": {"uv": [5.75, 4.5, 4.75, 4], "texture": "#0"},
				"down": {"uv": [5.75, 4.5, 4.75, 5], "texture": "#0"}
			}
		},
		{
			"from": [10.5, 10, 5.8],
			"to": [12, 11.727, 7.2],
			"rotation": {"angle": 0, "axis": "y", "origin": [-0.9, -3.1, 0]},
			"faces": {
				"north": {"uv": [5.5, 6, 6, 6.5], "texture": "#0"},
				"east": {"uv": [6, 5.5, 6.5, 6], "texture": "#0"},
				"south": {"uv": [6, 6, 6.5, 6.5], "texture": "#0"},
				"west": {"uv": [6.25, 0, 6.75, 0.5], "texture": "#0"},
				"up": {"uv": [6.75, 1, 6.25, 0.5], "texture": "#0"},
				"down": {"uv": [6.75, 2, 6.25, 2.5], "texture": "#0"}
			}
		},
		{
			"from": [9.8, 6.2, 5.7],
			"to": [10.5, 6.727, 7.3],
			"rotation": {"angle": 0, "axis": "y", "origin": [-1.3, -6.4, 0]},
			"faces": {
				"north": {"uv": [7.25, 3.75, 7.5, 4], "texture": "#0"},
				"east": {"uv": [7, 1.5, 7.5, 1.75], "texture": "#0"},
				"south": {"uv": [4, 7.25, 4.25, 7.5], "texture": "#0"},
				"west": {"uv": [7, 1.75, 7.5, 2], "texture": "#0"},
				"up": {"uv": [7.25, 2.5, 7, 2], "texture": "#0"},
				"down": {"uv": [2.5, 7, 2.25, 7.5], "texture": "#0"}
			}
		},
		{
			"from": [-2.66, 12.5, 5.8],
			"to": [-1.4, 13.2, 7.2],
			"rotation": {"angle": -45, "axis": "z", "origin": [-1.3, -6.4, 0]},
			"faces": {
				"north": {"uv": [7.25, 4, 7.5, 4.25], "texture": "#0"},
				"east": {"uv": [7, 2.75, 7.5, 3], "texture": "#0"},
				"south": {"uv": [7.25, 4.25, 7.5, 4.5], "texture": "#0"},
				"west": {"uv": [3, 7, 3.5, 7.25], "texture": "#0"},
				"up": {"uv": [2.75, 7.5, 2.5, 7], "texture": "#0"},
				"down": {"uv": [4, 7, 3.75, 7.5], "texture": "#0"}
			}
		},
		{
			"from": [4.3, 8.3, 5.8],
			"to": [5.2, 9.9, 7.2],
			"rotation": {"angle": -22.5, "axis": "z", "origin": [-1.3, -6.4, 0]},
			"faces": {
				"north": {"uv": [2.75, 6.25, 3, 7.25], "texture": "#0"},
				"east": {"uv": [0, 5, 0.5, 6], "texture": "#0"},
				"south": {"uv": [6.25, 2.75, 6.5, 3.75], "texture": "#0"},
				"west": {"uv": [0.5, 5, 1, 6], "texture": "#0"},
				"up": {"uv": [4.5, 7.5, 4.25, 7], "texture": "#0"},
				"down": {"uv": [4.75, 7, 4.5, 7.5], "texture": "#0"}
			}
		},
		{
			"from": [15.154, -6.3, 5.8],
			"to": [17.654, -5.3, 7.2],
			"rotation": {"angle": 45, "axis": "z", "origin": [-1.3, -6.4, 0]},
			"faces": {
				"north": {"uv": [6.25, 3.75, 7.25, 4], "texture": "#0"},
				"east": {"uv": [7, 3, 7.5, 3.25], "texture": "#0"},
				"south": {"uv": [6.25, 4, 7.25, 4.25], "texture": "#0"},
				"west": {"uv": [7, 3.5, 7.5, 3.75], "texture": "#0"},
				"up": {"uv": [2, 5.5, 1, 5], "texture": "#0"},
				"down": {"uv": [3.25, 5, 2.25, 5.5], "texture": "#0"}
			}
		},
		{
			"from": [10.5, 6.7, 5.8],
			"to": [11.6, 8.427, 7.2],
			"rotation": {"angle": 0, "axis": "y", "origin": [-1.3, -6.4, 0]},
			"faces": {
				"north": {"uv": [3, 6.25, 3.5, 6.75], "texture": "#0"},
				"east": {"uv": [6.25, 4.25, 6.75, 4.75], "texture": "#0"},
				"south": {"uv": [4.5, 6.25, 5, 6.75], "texture": "#0"},
				"west": {"uv": [0, 6.5, 0.5, 7], "texture": "#0"},
				"up": {"uv": [1, 7, 0.5, 6.5], "texture": "#0"},
				"down": {"uv": [1.75, 6.5, 1.25, 7], "texture": "#0"}
			}
		},
		{
			"from": [7.6, -3.5, 5.7],
			"to": [10.5, 14.827, 7.3],
			"faces": {
				"north": {"uv": [2, 0, 2.75, 4.5], "texture": "#0"},
				"east": {"uv": [3.5, 0, 4, 4.5], "texture": "#0"},
				"south": {"uv": [2.75, 0, 3.5, 4.5], "texture": "#0"},
				"west": {"uv": [4, 0, 4.5, 4.5], "texture": "#0"},
				"up": {"uv": [2, 6, 1.25, 5.5], "texture": "#0"},
				"down": {"uv": [3, 5.5, 2.25, 6], "texture": "#0"}
			}
		},
		{
			"from": [7, -5.2, 5.7],
			"to": [10.6, -3.473, 7.3],
			"faces": {
				"north": {"uv": [3.25, 5, 4.25, 5.5], "texture": "#0"},
				"east": {"uv": [2.25, 6.5, 2.75, 7], "texture": "#0"},
				"south": {"uv": [4.25, 5, 5.25, 5.5], "texture": "#0"},
				"west": {"uv": [6.5, 2.75, 7, 3.25], "texture": "#0"},
				"up": {"uv": [6.25, 0.5, 5.25, 0], "texture": "#0"},
				"down": {"uv": [6.25, 0.5, 5.25, 1], "texture": "#0"}
			}
		},
		{
			"from": [3.6, -4.4, 6],
			"to": [5.1, -3.9, 7],
			"rotation": {"angle": 22.5, "axis": "z", "origin": [0, 0, 0]},
			"faces": {
				"north": {"uv": [7, 4.75, 7.5, 5], "texture": "#0"},
				"east": {"uv": [7.25, 4.5, 7.5, 4.75], "texture": "#0"},
				"south": {"uv": [7, 5, 7.5, 5.25], "texture": "#0"},
				"west": {"uv": [4.75, 7.25, 5, 7.5], "texture": "#0"},
				"up": {"uv": [7.5, 5.5, 7, 5.25], "texture": "#0"},
				"down": {"uv": [6, 7, 5.5, 7.25], "texture": "#0"}
			}
		},
		{
			"from": [1.2, -6, 6],
			"to": [3, -5.5, 7],
			"rotation": {"angle": 45, "axis": "z", "origin": [0, 0, 0]},
			"faces": {
				"north": {"uv": [7, 5.5, 7.5, 5.75], "texture": "#0"},
				"east": {"uv": [5, 7.25, 5.25, 7.5], "texture": "#0"},
				"south": {"uv": [7, 5.75, 7.5, 6], "texture": "#0"},
				"west": {"uv": [5.25, 7.25, 5.5, 7.5], "texture": "#0"},
				"up": {"uv": [7.5, 6.25, 7, 6], "texture": "#0"},
				"down": {"uv": [6.75, 7, 6.25, 7.25], "texture": "#0"}
			}
		}
	],
	"display": {
		"thirdperson_righthand": {
			"rotation": [0, -90, 0],
			"translation": [-1.75, 13.75, 1.5]
		},
		"thirdperson_lefthand": {
			"rotation": [180, 94, -7],
			"translation": [0, -17.75, 2.75]
		},
		"firstperson_righthand": {
			"rotation": [0, -90, 0],
			"translation": [0, 12, 0]
		},
		"firstperson_lefthand": {
			"rotation": [0, 90, 163],
			"translation": [2.5, -10, 4]
		},
		"ground": {
			"rotation": [90, 0, 0],
			"translation": [0, 0, 8]
		},
		"gui": {
			"rotation": [0, 0, 44],
			"translation": [-2.5, 3, 0],
			"scale": [0.61, 0.61, 0.61]
		},
		"fixed": {
			"rotation": [180, 0, 0],
			"translation": [0, -12.75, -4.25],
			"scale": [2.2, 2.2, 2.2]
		}
	},
	"groups": [
		{
			"name": "group",
			"origin": [8, 8, 8],
			"color": 0,
			"children": [0, 1, 2, 3, 4, 5, 6, 7, 8, 9, 10, 11, 12, 13, 14, 15, 16, 17, 18, 19, 20, 21, 22, 23, 24, 25, 26, 27]
		}
	]
}