{
	"credit": "Made with Blockbench",
	"texture_size": [32, 32],
	"textures": {
		"0": "item/behelit",
		"particle": "behelit"
	},
	"elements": [
		{
			"from": [5, 0, 6],
			"to": [9, 5, 10],
			"faces": {
				"north": {"uv": [0, 0, 4, 6], "texture": "#0"},
				"east": {"uv": [4, 0, 8, 6], "texture": "#0"},
				"south": {"uv": [0, 6, 4, 12], "texture": "#0"},
				"west": {"uv": [4, 6, 8, 12], "texture": "#0"},
				"up": {"uv": [12, 4, 8, 0], "texture": "#0"},
				"down": {"uv": [12, 4, 8, 8], "texture": "#0"}
			}
		}
	],
	"display": {
		"thirdperson_righthand": {
			"rotation": [0, -140, 0],
			"translation": [-1, 3.25, 0.5],
			"scale": [0.5, 0.5, 0.5]
		},
		"thirdperson_lefthand": {
			"rotation": [70, 0, 0],
			"translation": [-6, -0.25, 8],
			"scale": [0.25, 0.25, 0.25]
		},
		"firstperson_righthand": {
			"rotation": [-52, 165, -6],
			"translation": [-5.25, 8.25, -0.75]
		},
		"firstperson_lefthand": {
			"rotation": [-36, 173, 180],
			"translation": [3.25, 0.5, 0.75],
			"scale": [0.62, 0.62, 0.62]
		},
		"ground": {
			"rotation": [90, 0, 0],
			"translation": [0, 0, 5.25]
		},
		"gui": {
			"rotation": [-21, -162, -31],
			"translation": [-4.5, 5.5, 0],
			"scale": [1.25, 1.25, 1.25]
		},
		"head": {
			"translation": [0.5, -11.5, -4.5],
			"scale": [0.5, 0.5, 0.5]
		},
		"fixed": {
			"translation": [1.75, 12, -2.25],
			"scale": [2, 2, 2]
		}
	},
	"groups": [
		{
			"name": "group",
			"origin": [8, 8, 8],
			"color": 0,
			"children": [0]
		}
	]
}