{
	"credit": "Made by Peeter100 for the TTT Project using Blockbench",
	"texture_size": [64, 64],
	"textures": {
		"0": "entity/player/freddy"
	},
	"elements": [
		{
			"name": "Head",
			"from": [4, 23, -5],
			"to": [12, 31, 3],
			"rotation": {"angle": 22.5, "axis": "x", "origin": [0, 0, 0]},
			"faces": {
				"north": {"uv": [2, 2, 4, 4], "texture": "#0"},
				"east": {"uv": [0, 2, 2, 4], "texture": "#0"},
				"south": {"uv": [6, 2, 8, 4], "texture": "#0"},
				"west": {"uv": [4, 2, 6, 4], "texture": "#0"},
				"up": {"uv": [4, 2, 2, 0], "texture": "#0"},
				"down": {"uv": [6, 0, 4, 2], "texture": "#0"}
			}
		},
		{
			"name": "Hat Layer",
			"from": [3.5, 22.5, -5.5],
			"to": [12.5, 31.5, 3.5],
			"rotation": {"angle": 22.5, "axis": "x", "origin": [0, 0, 0]},
			"faces": {
				"north": {"uv": [10, 2, 12, 4], "texture": "#0"},
				"east": {"uv": [8, 2, 10, 4], "texture": "#0"},
				"south": {"uv": [14, 2, 16, 4], "texture": "#0"},
				"west": {"uv": [12, 2, 14, 4], "texture": "#0"},
				"up": {"uv": [12, 2, 10, 0], "texture": "#0"},
				"down": {"uv": [14, 0, 12, 2], "texture": "#0"}
			}
		},
		{
			"name": "Body",
			"from": [4, 10, 6],
			"to": [12, 22, 10],
			"faces": {
				"north": {"uv": [5, 5, 7, 8], "texture": "#0"},
				"east": {"uv": [4, 5, 5, 8], "texture": "#0"},
				"south": {"uv": [8, 5, 10, 8], "texture": "#0"},
				"west": {"uv": [7, 5, 8, 8], "texture": "#0"},
				"up": {"uv": [7, 5, 5, 4], "texture": "#0"},
				"down": {"uv": [9, 4, 7, 5], "texture": "#0"}
			}
		},
		{
			"name": "Body Layer",
			"from": [3.75, 9.75, 5.75],
			"to": [12.25, 22.25, 10.25],
			"faces": {
				"north": {"uv": [5, 9, 7, 12], "texture": "#0"},
				"east": {"uv": [4, 9, 5, 12], "texture": "#0"},
				"south": {"uv": [8, 9, 10, 12], "texture": "#0"},
				"west": {"uv": [7, 9, 8, 12], "texture": "#0"},
				"up": {"uv": [7, 9, 5, 8], "texture": "#0"},
				"down": {"uv": [9, 8, 7, 9], "texture": "#0"}
			}
		},
		{
			"name": "Right Arm",
			"from": [12, 18, -2],
			"to": [16, 22, 10],
			"faces": {
				"north": {"uv": [13, 4, 12, 5], "rotation": 180, "texture": "#0"},
				"east": {"uv": [10, 5, 11, 8], "rotation": 270, "texture": "#0"},
				"south": {"uv": [12, 5, 11, 4], "texture": "#0"},
				"west": {"uv": [12, 5, 13, 8], "rotation": 90, "texture": "#0"},
				"up": {"uv": [11, 5, 12, 8], "rotation": 180, "texture": "#0"},
				"down": {"uv": [13, 5, 14, 8], "texture": "#0"}
			}
		},
		{
			"name": "Left Arm",
			"from": [0, 6, 13],
			"to": [4, 18, 17],
			"rotation": {"angle": -22.5, "axis": "x", "origin": [0, 0, 0]},
			"faces": {
				"north": {"uv": [9, 13, 10, 16], "texture": "#0"},
				"east": {"uv": [8, 13, 9, 16], "texture": "#0"},
				"south": {"uv": [11, 13, 12, 16], "texture": "#0"},
				"west": {"uv": [10, 13, 11, 16], "texture": "#0"},
				"up": {"uv": [10, 13, 9, 12], "texture": "#0"},
				"down": {"uv": [11, 12, 10, 13], "texture": "#0"}
			}
		},
		{
			"name": "Right Leg",
			"from": [7.9, 4, 6],
			"to": [11.9, 10, 10],
			"faces": {
				"north": {"uv": [1, 5, 2, 6.5], "texture": "#0"},
				"east": {"uv": [0, 5, 1, 6.5], "texture": "#0"},
				"south": {"uv": [3, 5, 4, 6.5], "texture": "#0"},
				"west": {"uv": [2, 5, 3, 6.5], "texture": "#0"},
				"up": {"uv": [2, 5, 1, 4], "texture": "#0"},
				"down": {"uv": [3, 4, 2, 5], "texture": "#0"}
			}
		},
		{
			"name": "Right Leg 2",
			"from": [7.9, -4, 7.25],
			"to": [11.9, 2, 11.25],
			"rotation": {"angle": -22.5, "axis": "x", "origin": [0, 0, 0]},
			"faces": {
				"north": {"uv": [1, 6.5, 2, 8], "texture": "#0"},
				"east": {"uv": [0, 6.5, 1, 8], "texture": "#0"},
				"south": {"uv": [3, 6.5, 4, 8], "texture": "#0"},
				"west": {"uv": [2, 6.5, 3, 8], "texture": "#0"},
				"up": {"uv": [2, 5, 1, 4], "texture": "#0"},
				"down": {"uv": [3, 4, 2, 5], "texture": "#0"}
			}
		},
		{
			"name": "Left Leg",
			"from": [4.1, 4, 6],
			"to": [8.1, 10, 10],
			"faces": {
				"north": {"uv": [5, 13, 6, 14.5], "texture": "#0"},
				"east": {"uv": [4, 13, 5, 14.5], "texture": "#0"},
				"south": {"uv": [7, 13, 8, 14.5], "texture": "#0"},
				"west": {"uv": [6, 13, 7, 14.5], "texture": "#0"},
				"up": {"uv": [6, 13, 5, 12], "texture": "#0"},
				"down": {"uv": [7, 12, 6, 13], "texture": "#0"}
			}
		},
		{
			"name": "Left Leg 2",
			"from": [4.1, -4, 7.25],
			"to": [8.1, 2, 11.25],
			"rotation": {"angle": -22.5, "axis": "x", "origin": [0, 0, 0]},
			"faces": {
				"north": {"uv": [5, 14.5, 6, 16], "texture": "#0"},
				"east": {"uv": [4, 14.5, 5, 16], "texture": "#0"},
				"south": {"uv": [7, 14.5, 8, 16], "texture": "#0"},
				"west": {"uv": [6, 14.5, 7, 16], "texture": "#0"},
				"up": {"uv": [6, 13, 5, 12], "texture": "#0"},
				"down": {"uv": [7, 12, 6, 13], "texture": "#0"}
			}
		}
	],
	"display": {
		"thirdperson_righthand": {
			"rotation": [64, 0, 0],
			"translation": [-6, 0, 2]
		},
		"thirdperson_lefthand": {
			"rotation": [64, 0, 0],
			"translation": [-6, 0, 2]
		}
	},
	"groups": [
		{
			"name": "Head",
			"origin": [0, 24, 0],
			"color": 0,
			"children": [0, 1]
		},
		{
			"name": "Body",
			"origin": [0, 24, 0],
			"color": 0,
			"children": [2, 3]
		},
		{
			"name": "RightArm",
			"origin": [5, 22, 0],
			"color": 0,
			"children": [4]
		},
		{
			"name": "LeftArm",
			"origin": [-5, 22, 0],
			"color": 0,
			"children": [5]
		},
		{
			"name": "RightLeg",
			"origin": [1.9, 12, 0],
			"color": 0,
			"children": [6, 7]
		},
		{
			"name": "LeftLeg",
			"origin": [-1.9, 12, 0],
			"color": 0,
			"children": [8, 9]
		}
	]
}