{
	"credit": "Made by Peeter100 for the TTT Project using Blockbench",
	"texture_size": [64, 64],
	"textures": {
		"0": "entity/player/withered_freddy"
	},
	"elements": [
		{
			"name": "Head",
			"from": [4, 23, 4],
			"to": [12, 31, 12],
			"rotation": {"angle": 22.5, "axis": "z", "origin": [8, 23, 8]},
			"faces": {
				"north": {"uv": [2, 2, 4, 4], "texture": "#0"},
				"east": {"uv": [0, 2, 2, 4], "texture": "#0"},
				"south": {"uv": [6, 2, 8, 4], "texture": "#0"},
				"west": {"uv": [4, 2, 6, 4], "texture": "#0"},
				"up": {"uv": [4, 2, 2, 0], "texture": "#0"},
				"down": {"uv": [6, 0, 4, 2], "texture": "#0"}
			}
		},
		{
			"name": "Hat Layer",
			"from": [3.75, 22.75, 3.75],
			"to": [12.25, 31.25, 12.25],
			"rotation": {"angle": 22.5, "axis": "z", "origin": [8, 23, 8]},
			"faces": {
				"north": {"uv": [10, 2, 12, 4], "texture": "#0"},
				"east": {"uv": [8, 2, 10, 4], "texture": "#0"},
				"south": {"uv": [14, 2, 16, 4], "texture": "#0"},
				"west": {"uv": [12, 2, 14, 4], "texture": "#0"},
				"up": {"uv": [12, 2, 10, 0], "texture": "#0"},
				"down": {"uv": [14, 0, 12, 2], "texture": "#0"}
			}
		},
		{
			"name": "Body",
			"from": [4, 11, 6],
			"to": [12, 23, 10],
			"faces": {
				"north": {"uv": [5, 5, 7, 8], "texture": "#0"},
				"east": {"uv": [4, 5, 5, 8], "texture": "#0"},
				"south": {"uv": [8, 5, 10, 8], "texture": "#0"},
				"west": {"uv": [7, 5, 8, 8], "texture": "#0"},
				"up": {"uv": [7, 5, 5, 4], "texture": "#0"},
				"down": {"uv": [9, 4, 7, 5], "texture": "#0"}
			}
		},
		{
			"name": "Body Layer",
			"from": [3.75, 10.75, 5.75],
			"to": [12.25, 23.25, 10.25],
			"faces": {
				"north": {"uv": [5, 9, 7, 12], "texture": "#0"},
				"east": {"uv": [4, 9, 5, 12], "texture": "#0"},
				"south": {"uv": [8, 9, 10, 12], "texture": "#0"},
				"west": {"uv": [7, 9, 8, 12], "texture": "#0"},
				"up": {"uv": [7, 9, 5, 8], "texture": "#0"},
				"down": {"uv": [9, 8, 7, 9], "texture": "#0"}
			}
		},
		{
			"name": "Right Arm",
			"from": [12, 19, 4],
			"to": [16, 23, 8],
			"rotation": {"angle": -22.5, "axis": "y", "origin": [12, 23, 8]},
			"faces": {
				"north": {"uv": [13, 4, 12, 5], "rotation": 180, "texture": "#0"},
				"east": {"uv": [10, 5, 11, 6], "rotation": 270, "texture": "#0"},
				"south": {"uv": [12, 5, 11, 4], "texture": "#0"},
				"west": {"uv": [12, 5, 13, 6], "rotation": 90, "texture": "#0"},
				"up": {"uv": [11, 5, 12, 6], "rotation": 180, "texture": "#0"},
				"down": {"uv": [13, 5, 14, 6], "texture": "#0"}
			}
		},
		{
			"name": "Right Arm 2",
			"from": [13, 19, 0],
			"to": [17, 31, 4],
			"rotation": {"angle": 22.5, "axis": "z", "origin": [12, 23, 8]},
			"faces": {
				"north": {"uv": [13, 5, 14, 8], "rotation": 180, "texture": "#0"},
				"east": {"uv": [10, 5, 11, 8], "rotation": 180, "texture": "#0"},
				"south": {"uv": [11, 5, 12, 8], "rotation": 180, "texture": "#0"},
				"west": {"uv": [12, 5, 13, 8], "rotation": 180, "texture": "#0"},
				"up": {"uv": [13, 4, 12, 5], "texture": "#0"},
				"down": {"uv": [12, 5, 11, 4], "texture": "#0"}
			}
		},
		{
			"name": "Left Arm",
			"from": [-9, 20, 6],
			"to": [3, 24, 10],
			"rotation": {"angle": 22.5, "axis": "z", "origin": [4, 23, 8]},
			"faces": {
				"north": {"uv": [9, 13, 10, 16], "rotation": 270, "texture": "#0"},
				"east": {"uv": [10, 13, 9, 12], "rotation": 90, "texture": "#0"},
				"south": {"uv": [11, 13, 12, 16], "rotation": 90, "texture": "#0"},
				"west": {"uv": [11, 12, 10, 13], "rotation": 90, "texture": "#0"},
				"up": {"uv": [10, 13, 11, 16], "rotation": 90, "texture": "#0"},
				"down": {"uv": [8, 13, 9, 16], "rotation": 90, "texture": "#0"}
			}
		},
		{
			"name": "Right Leg",
			"from": [8, 7, 6],
			"to": [12, 11, 10],
			"rotation": {"angle": 45, "axis": "z", "origin": [9.9, 11, 8]},
			"faces": {
				"north": {"uv": [2, 5, 3, 6], "texture": "#0"},
				"east": {"uv": [1, 5, 2, 6], "texture": "#0"},
				"south": {"uv": [0, 5, 1, 6], "texture": "#0"},
				"west": {"uv": [3, 5, 4, 6], "texture": "#0"},
				"up": {"uv": [2, 5, 1, 4], "rotation": 90, "texture": "#0"},
				"down": {"uv": [3, 4, 2, 5], "rotation": 270, "texture": "#0"}
			}
		},
		{
			"name": "Right Leg 2",
			"from": [9.5, -1, 6],
			"to": [13.5, 7, 10],
			"rotation": {"angle": 22.5, "axis": "z", "origin": [9.9, 11, 8]},
			"faces": {
				"north": {"uv": [2, 6, 3, 8], "texture": "#0"},
				"east": {"uv": [1, 6, 2, 8], "texture": "#0"},
				"south": {"uv": [0, 6, 1, 8], "texture": "#0"},
				"west": {"uv": [3, 6, 4, 8], "texture": "#0"},
				"up": {"uv": [2, 5, 1, 4], "rotation": 90, "texture": "#0"},
				"down": {"uv": [3, 4, 2, 5], "rotation": 270, "texture": "#0"}
			}
		},
		{
			"name": "Left Leg",
			"from": [4.1, -1, 6],
			"to": [8.1, 11, 10],
			"faces": {
				"north": {"uv": [5, 13, 6, 16], "texture": "#0"},
				"east": {"uv": [4, 13, 5, 16], "texture": "#0"},
				"south": {"uv": [7, 13, 8, 16], "texture": "#0"},
				"west": {"uv": [6, 13, 7, 16], "texture": "#0"},
				"up": {"uv": [6, 13, 5, 12], "texture": "#0"},
				"down": {"uv": [7, 12, 6, 13], "texture": "#0"}
			}
		},
		{
			"name": "Left Leg Layer",
			"from": [3.85, -1.25, 5.75],
			"to": [8.35, 11.25, 10.25],
			"faces": {
				"north": {"uv": [1, 13, 2, 16], "texture": "#0"},
				"east": {"uv": [0, 13, 1, 16], "texture": "#0"},
				"south": {"uv": [3, 13, 4, 16], "texture": "#0"},
				"west": {"uv": [2, 13, 3, 16], "texture": "#0"},
				"up": {"uv": [2, 13, 1, 12], "texture": "#0"},
				"down": {"uv": [3, 12, 2, 13], "texture": "#0"}
			}
		}
	],
	"display": {
		"thirdperson_righthand": {
			"rotation": [90, 0, -25],
			"translation": [-6, -2, -2.75],
			"scale": [1.05, 1.05, 1.05]
		},
		"thirdperson_lefthand": {
			"rotation": [90, 0, 25],
			"translation": [-6, -2, -2.75],
			"scale": [1.05, 1.05, 1.05]
		}
	},
	"groups": [
		{
			"name": "Head",
			"origin": [0, 24, 0],
			"color": 0,
			"children": [0, 1]
		},
		{
			"name": "Body",
			"origin": [0, 24, 0],
			"color": 0,
			"children": [2, 3]
		},
		{
			"name": "RightArm",
			"origin": [5, 22, 0],
			"color": 0,
			"children": [4, 5]
		},
		{
			"name": "LeftArm",
			"origin": [-5, 22, 0],
			"color": 0,
			"children": [6]
		},
		{
			"name": "RightLeg",
			"origin": [1.9, 12, 0],
			"color": 0,
			"children": [7, 8]
		},
		{
			"name": "LeftLeg",
			"origin": [-1.9, 12, 0],
			"color": 0,
			"children": [9, 10]
		}
	]
}