{
	"credit": "Made with Blockbench",
	"textures": {
		"0": "item/moon_sword",
		"particle": "item/moon_sword"
	},
	"elements": [
		{
			"from": [7, 0, 7],
			"to": [9, 2, 9],
			"rotation": {"angle": 0, "axis": "y", "origin": [0, 0, 16]},
			"faces": {
				"north": {"uv": [0, 0, 1, 1], "texture": "#0"},
				"east": {"uv": [1, 0, 0, 1], "texture": "#0"},
				"south": {"uv": [0, 0, 1, 1], "texture": "#0"},
				"west": {"uv": [1, 0, 0, 1], "texture": "#0"},
				"up": {"uv": [1, 1, 2, 0], "rotation": 180, "texture": "#0"},
				"down": {"uv": [0, 2, 1, 1], "texture": "#0"}
			}
		},
		{
			"from": [7, 8, 7],
			"to": [9, 10, 9],
			"rotation": {"angle": 0, "axis": "y", "origin": [0, 0, 16]},
			"faces": {
				"north": {"uv": [3.5, 3, 4.5, 4], "texture": "#0"},
				"east": {"uv": [4.5, 3, 3.5, 4], "texture": "#0"},
				"south": {"uv": [3.5, 3, 4.5, 4], "texture": "#0"},
				"west": {"uv": [4.5, 3, 3.5, 4], "texture": "#0"},
				"up": {"uv": [4.5, 4, 3.5, 5], "texture": "#0"},
				"down": {"uv": [4.5, 5, 5.5, 4], "rotation": 90, "texture": "#0"}
			}
		},
		{
			"from": [8, 10, 6.5],
			"to": [8, 31, 9.5],
			"rotation": {"angle": 0, "axis": "y", "origin": [0, 0, 16]},
			"faces": {
				"north": {"uv": [12.75, 0, 11.5, 8.25], "texture": "#0"},
				"east": {"uv": [12.75, 0, 11.5, 8.25], "texture": "#0"},
				"south": {"uv": [12.75, 0, 11.5, 8.25], "texture": "#0"},
				"west": {"uv": [11.5, 0, 12.75, 8.25], "texture": "#0"},
				"up": {"uv": [12.75, 0, 11.5, 8.25], "texture": "#0"},
				"down": {"uv": [12.75, 0, 11.5, 8.25], "texture": "#0"}
			}
		},
		{
			"from": [8, 7.4, 2.5],
			"to": [8, 10.9, 6.5],
			"faces": {
				"north": {"uv": [8.75, 0, 10.75, 1.75], "texture": "#0"},
				"east": {"uv": [8.75, 0, 10.75, 1.75], "texture": "#0"},
				"south": {"uv": [8.75, 0, 10.75, 1.75], "texture": "#0"},
				"west": {"uv": [10.75, 0, 8.75, 1.75], "texture": "#0"},
				"up": {"uv": [8.75, 0, 10.75, 1.75], "texture": "#0"},
				"down": {"uv": [8.75, 0, 10.75, 1.75], "texture": "#0"}
			}
		},
		{
			"from": [8, 7.4, 9.5],
			"to": [8, 10.9, 13.5],
			"rotation": {"angle": 0, "axis": "y", "origin": [0, 0, 16]},
			"faces": {
				"north": {"uv": [10.75, 0, 8.75, 1.75], "texture": "#0"},
				"east": {"uv": [10.75, 0, 8.75, 1.75], "texture": "#0"},
				"south": {"uv": [10.75, 0, 8.75, 1.75], "texture": "#0"},
				"west": {"uv": [8.75, 0, 10.75, 1.75], "texture": "#0"},
				"up": {"uv": [8.75, 1.75, 10.75, 0], "texture": "#0"},
				"down": {"uv": [8.75, 1.75, 10.75, 0], "texture": "#0"}
			}
		},
		{
			"from": [7.3, 10, 7],
			"to": [8.8, 11, 9],
			"rotation": {"angle": 0, "axis": "y", "origin": [0, 0, 16]},
			"faces": {
				"north": {"uv": [1, 2, 0, 2.5], "texture": "#0"},
				"east": {"uv": [1, 2, 0, 2.5], "texture": "#0"},
				"south": {"uv": [1, 2, 0, 2.5], "texture": "#0"},
				"west": {"uv": [1, 2, 0, 2.5], "texture": "#0"},
				"up": {"uv": [0, 3.5, 1, 2.5], "texture": "#0"},
				"down": {"uv": [1, 3.5, 2, 2.5], "texture": "#0"}
			}
		},
		{
			"from": [7.3, 7, 7],
			"to": [8.8, 8, 9],
			"rotation": {"angle": 0, "axis": "x", "origin": [8.05, 8.25, 8.75]},
			"faces": {
				"north": {"uv": [1, 2, 0, 2.5], "rotation": 180, "texture": "#0"},
				"east": {"uv": [1, 2, 0, 2.5], "rotation": 180, "texture": "#0"},
				"south": {"uv": [1, 2, 0, 2.5], "rotation": 180, "texture": "#0"},
				"west": {"uv": [1, 2, 0, 2.5], "rotation": 180, "texture": "#0"},
				"up": {"uv": [1, 3.5, 2, 2.5], "texture": "#0"},
				"down": {"uv": [0, 3.5, 1, 2.5], "texture": "#0"}
			}
		},
		{
			"from": [7.3, 8, 9],
			"to": [8.8, 10, 10],
			"rotation": {"angle": 0, "axis": "x", "origin": [8.05, 9.25, 7.75]},
			"faces": {
				"north": {"uv": [1, 3.5, 2, 2.5], "rotation": 180, "texture": "#0"},
				"east": {"uv": [1, 2, 0, 2.5], "rotation": 270, "texture": "#0"},
				"south": {"uv": [0, 3.5, 1, 2.5], "texture": "#0"},
				"west": {"uv": [1, 2, 0, 2.5], "rotation": 90, "texture": "#0"},
				"up": {"uv": [1, 2, 0, 2.5], "rotation": 180, "texture": "#0"},
				"down": {"uv": [1, 2, 0, 2.5], "texture": "#0"}
			}
		},
		{
			"from": [7.3, 8, 6],
			"to": [8.8, 10, 7],
			"rotation": {"angle": 0, "axis": "x", "origin": [8.05, 9.25, 8.25]},
			"faces": {
				"north": {"uv": [1, 3.5, 0, 2.5], "texture": "#0"},
				"east": {"uv": [1, 2.5, 0, 2], "rotation": 270, "texture": "#0"},
				"south": {"uv": [2, 3.5, 1, 2.5], "rotation": 180, "texture": "#0"},
				"west": {"uv": [1, 2.5, 0, 2], "rotation": 90, "texture": "#0"},
				"up": {"uv": [1, 2.5, 0, 2], "rotation": 180, "texture": "#0"},
				"down": {"uv": [1, 2.5, 0, 2], "texture": "#0"}
			}
		},
		{
			"from": [7.5, 2, 7.5],
			"to": [8.5, 8, 8.5],
			"rotation": {"angle": 0, "axis": "y", "origin": [0, 0, 16]},
			"faces": {
				"north": {"uv": [2.25, 1, 2.75, 4], "texture": "#0"},
				"east": {"uv": [2.75, 1, 2.25, 4], "texture": "#0"},
				"south": {"uv": [2.25, 1, 2.75, 4], "texture": "#0"},
				"west": {"uv": [2.75, 1, 2.25, 4], "texture": "#0"},
				"up": {"uv": [2.25, 4, 2.75, 1], "texture": "#0"},
				"down": {"uv": [2.25, 4, 2.75, 1], "texture": "#0"}
			}
		}
	],
	"display": {
		"thirdperson_righthand": {
			"translation": [0, 0, 1.5],
			"scale": [0.9, 0.9, 0.9]
		},
		"thirdperson_lefthand": {
			"translation": [0, 0, 1.5],
			"scale": [0.9, 0.9, 0.9]
		},
		"firstperson_righthand": {
			"scale": [0.73, 0.73, 0.73]
		},
		"firstperson_lefthand": {
			"scale": [0.73, 0.73, 0.73]
		},
		"ground": {
			"rotation": [90, 90, 0],
			"translation": [0, -2, -4.25]
		},
		"gui": {
			"rotation": [113.72, 35.41, -127.15],
			"translation": [-2.75, -3, 0],
			"scale": [0.73, 0.73, 0.731]
		},
		"head": {
			"rotation": [-143.75, 0, 0],
			"translation": [0, 16.25, -6.75]
		},
		"fixed": {
			"rotation": [-90, 45, 90],
			"translation": [3.75, -3.25, -1.5],
			"scale": [1.8, 1.8, 1.8]
		}
	}
}