{
	"credit": "Made with Blockbench",
	"textures": {
		"0": "item/moon_bow_1",
		"particle": "item/moon_bow_1"
	},
	"elements": [
		{
			"from": [7, 10.4, 4],
			"to": [9, 12.4, 6],
			"rotation": {"angle": 0, "axis": "y", "origin": [0, 0, 16]},
			"faces": {
				"north": {"uv": [1, 1, 2, 2], "texture": "#0"},
				"east": {"uv": [1, 0, 0, 1], "texture": "#0"},
				"south": {"uv": [0, 0, 1, 1], "texture": "#0"},
				"west": {"uv": [1, 0, 0, 1], "texture": "#0"},
				"up": {"uv": [1, 1, 2, 0], "rotation": 180, "texture": "#0"},
				"down": {"uv": [0, 2, 1, 1], "texture": "#0"}
			}
		},
		{
			"from": [7, 13.4, 7],
			"to": [9, 14.4, 9],
			"rotation": {"angle": 0, "axis": "y", "origin": [0, 0, 16]},
			"faces": {
				"north": {"uv": [1, 2, 0, 2.5], "texture": "#0"},
				"east": {"uv": [1, 2, 0, 2.5], "texture": "#0"},
				"south": {"uv": [1, 2, 0, 2.5], "texture": "#0"},
				"west": {"uv": [1, 2, 0, 2.5], "texture": "#0"},
				"up": {"uv": [0, 3.5, 1, 2.5], "texture": "#0"},
				"down": {"uv": [1, 3.5, 2, 2.5], "texture": "#0"}
			}
		},
		{
			"from": [8, -3.6, 11],
			"to": [8, 26.4, 17],
			"rotation": {"angle": 0, "axis": "y", "origin": [0, 0, 16]},
			"faces": {
				"north": {"uv": [4.75, 4, 6.25, 11.5], "texture": "#0"},
				"east": {"uv": [6.25, 4, 4.75, 11.5], "texture": "#0"},
				"south": {"uv": [4.75, 4, 6.25, 11.5], "texture": "#0"},
				"west": {"uv": [4.75, 4, 6.25, 11.5], "texture": "#0"},
				"up": {"uv": [4.75, 4, 6.25, 11.5], "texture": "#0"},
				"down": {"uv": [4.75, 4, 6.25, 11.5], "texture": "#0"}
			}
		},
		{
			"from": [7, 8.4, 7],
			"to": [9, 9.4, 9],
			"rotation": {"angle": 0, "axis": "y", "origin": [0, 16, 16]},
			"faces": {
				"north": {"uv": [1, 2.5, 0, 2], "texture": "#0"},
				"east": {"uv": [1, 2.5, 0, 2], "texture": "#0"},
				"south": {"uv": [1, 2.5, 0, 2], "texture": "#0"},
				"west": {"uv": [1, 2.5, 0, 2], "texture": "#0"},
				"up": {"uv": [1, 2.5, 2, 3.5], "texture": "#0"},
				"down": {"uv": [0, 2.5, 1, 3.5], "texture": "#0"}
			}
		},
		{
			"from": [6, 9.4, 6],
			"to": [10, 13.4, 10],
			"rotation": {"angle": 0, "axis": "y", "origin": [0, 0, 16]},
			"faces": {
				"north": {"uv": [8.75, 0, 10.75, 2], "texture": "#0"},
				"east": {"uv": [6.75, 0, 4.75, 2], "texture": "#0"},
				"south": {"uv": [8.75, 0, 10.75, 2], "texture": "#0"},
				"west": {"uv": [6.75, 0, 4.75, 2], "texture": "#0"},
				"up": {"uv": [6.75, 2, 8.75, 0], "rotation": 90, "texture": "#0"},
				"down": {"uv": [8.75, 2, 6.75, 4], "texture": "#0"}
			}
		},
		{
			"from": [7.5, 10.9, 7.5],
			"to": [8.5, 18.9, 8.5],
			"rotation": {"angle": 0, "axis": "y", "origin": [0, 0, 16]},
			"faces": {
				"north": {"uv": [2.25, 0, 2.75, 4], "texture": "#0"},
				"east": {"uv": [2.75, 0, 2.25, 4], "texture": "#0"},
				"south": {"uv": [2.25, 0, 2.75, 4], "texture": "#0"},
				"west": {"uv": [2.75, 0, 2.25, 4], "texture": "#0"},
				"up": {"uv": [2.25, 4, 2.75, 0], "texture": "#0"},
				"down": {"uv": [2.25, 4, 2.75, 0], "texture": "#0"}
			}
		},
		{
			"from": [8, 13.4, 2.2],
			"to": [8, 31, 15.7],
			"rotation": {"angle": 0, "axis": "y", "origin": [0, 0, 16]},
			"faces": {
				"north": {"uv": [11.5, 0, 16, 7], "texture": "#0"},
				"east": {"uv": [16, 0, 11.5, 7], "texture": "#0"},
				"south": {"uv": [11.5, 0, 16, 7], "texture": "#0"},
				"west": {"uv": [11.5, 0, 16, 7], "texture": "#0"},
				"up": {"uv": [11.5, 0, 16, 7], "texture": "#0"},
				"down": {"uv": [11.5, 0, 16, 7], "texture": "#0"}
			}
		},
		{
			"from": [7.5, 17.22843, 10.53553],
			"to": [8.5, 26.22843, 11.53553],
			"rotation": {"angle": 45, "axis": "x", "origin": [8, 21.72843, 11.03553]},
			"faces": {
				"north": {"uv": [2.75, 0, 3.25, 4.5], "texture": "#0"},
				"east": {"uv": [3.25, 0, 2.75, 4.5], "texture": "#0"},
				"south": {"uv": [2.75, 0, 3.25, 4.5], "texture": "#0"},
				"west": {"uv": [3.25, 0, 2.75, 4.5], "texture": "#0"},
				"up": {"uv": [3.25, 4.25, 2.75, 4.5], "texture": "#0"},
				"down": {"uv": [3.25, 0, 2.75, 4.5], "texture": "#0"}
			}
		},
		{
			"from": [7.75, 24.16231, 12.55152],
			"to": [8.25, 26.16231, 13.05152],
			"rotation": {"angle": 45, "axis": "x", "origin": [8, 22.86231, 14.35152]},
			"faces": {
				"north": {"uv": [3.25, 1.25, 3.5, 2.25], "texture": "#0"},
				"east": {"uv": [3.25, 1.25, 3.5, 2.25], "texture": "#0"},
				"south": {"uv": [3.25, 1.25, 3.5, 2.25], "texture": "#0"},
				"west": {"uv": [3.25, 1.25, 3.5, 2.25], "texture": "#0"},
				"up": {"uv": [3.25, 1.25, 3.5, 1.5], "texture": "#0"},
				"down": {"uv": [3.25, 1.25, 3.5, 2.25], "texture": "#0"}
			}
		},
		{
			"from": [7.5, 28.03718, 4.74086],
			"to": [8.5, 29.03718, 7.74086],
			"rotation": {"angle": 45, "axis": "x", "origin": [8, 19.76218, 6.24086]},
			"faces": {
				"north": {"uv": [5.25, 2, 4.75, 2.25], "rotation": 180, "texture": "#0"},
				"east": {"uv": [5.25, 2, 4.75, 3.5], "rotation": 90, "texture": "#0"},
				"south": {"uv": [5.25, 3.25, 4.75, 3.5], "texture": "#0"},
				"west": {"uv": [5.25, 2, 4.75, 3.5], "rotation": 270, "texture": "#0"},
				"up": {"uv": [5.25, 2, 5, 3.5], "texture": "#0"},
				"down": {"uv": [5, 2, 4.75, 3.5], "rotation": 180, "texture": "#0"}
			}
		},
		{
			"from": [7.5, 28.03718, 4.74086],
			"to": [8.5, 29.03718, 7.74086],
			"rotation": {"angle": 45, "axis": "x", "origin": [8, 19.76218, 6.24086]},
			"faces": {
				"north": {"uv": [5.25, 2, 4.75, 2.25], "rotation": 180, "texture": "#0"},
				"east": {"uv": [5.25, 2, 4.75, 3.5], "rotation": 90, "texture": "#0"},
				"south": {"uv": [5.25, 3.25, 4.75, 3.5], "texture": "#0"},
				"west": {"uv": [5.25, 2, 4.75, 3.5], "rotation": 270, "texture": "#0"},
				"up": {"uv": [5.25, 2, 5, 3.5], "texture": "#0"},
				"down": {"uv": [5, 2, 4.75, 3.5], "rotation": 180, "texture": "#0"}
			}
		},
		{
			"from": [8, 13.4, 2.2],
			"to": [8, 31, 15.7],
			"rotation": {"angle": 0, "axis": "y", "origin": [0, 0, 16]},
			"faces": {
				"north": {"uv": [11.5, 0, 16, 7], "texture": "#0"},
				"east": {"uv": [16, 0, 11.5, 7], "texture": "#0"},
				"south": {"uv": [11.5, 0, 16, 7], "texture": "#0"},
				"west": {"uv": [11.5, 0, 16, 7], "texture": "#0"},
				"up": {"uv": [11.5, 0, 16, 7], "texture": "#0"},
				"down": {"uv": [11.5, 0, 16, 7], "texture": "#0"}
			}
		},
		{
			"from": [7.5, 17.22843, 10.53553],
			"to": [8.5, 26.22843, 11.53553],
			"rotation": {"angle": 45, "axis": "x", "origin": [8, 21.72843, 11.03553]},
			"faces": {
				"north": {"uv": [2.75, 0, 3.25, 4.5], "texture": "#0"},
				"east": {"uv": [3.25, 0, 2.75, 4.5], "texture": "#0"},
				"south": {"uv": [2.75, 0, 3.25, 4.5], "texture": "#0"},
				"west": {"uv": [3.25, 0, 2.75, 4.5], "texture": "#0"},
				"up": {"uv": [3.25, 4.25, 2.75, 4.5], "texture": "#0"},
				"down": {"uv": [3.25, 0, 2.75, 4.5], "texture": "#0"}
			}
		},
		{
			"from": [7.75, 24.16231, 12.55152],
			"to": [8.25, 26.16231, 13.05152],
			"rotation": {"angle": 45, "axis": "x", "origin": [8, 22.86231, 14.35152]},
			"faces": {
				"north": {"uv": [3.25, 1.25, 3.5, 2.25], "texture": "#0"},
				"east": {"uv": [3.25, 1.25, 3.5, 2.25], "texture": "#0"},
				"south": {"uv": [3.25, 1.25, 3.5, 2.25], "texture": "#0"},
				"west": {"uv": [3.25, 1.25, 3.5, 2.25], "texture": "#0"},
				"up": {"uv": [3.25, 1.25, 3.5, 1.5], "texture": "#0"},
				"down": {"uv": [3.25, 1.25, 3.5, 2.25], "texture": "#0"}
			}
		},
		{
			"from": [7.5, -6.23718, 4.74086],
			"to": [8.5, -5.23718, 7.74086],
			"rotation": {"angle": -45, "axis": "x", "origin": [8, 3.03782, 6.24086]},
			"faces": {
				"north": {"uv": [5.25, 2.25, 4.75, 2], "rotation": 180, "texture": "#0"},
				"east": {"uv": [4.75, 2, 5.25, 3.5], "rotation": 90, "texture": "#0"},
				"south": {"uv": [5.25, 3.5, 4.75, 3.25], "texture": "#0"},
				"west": {"uv": [4.75, 2, 5.25, 3.5], "rotation": 270, "texture": "#0"},
				"up": {"uv": [5, 3.5, 4.75, 2], "rotation": 180, "texture": "#0"},
				"down": {"uv": [5.25, 3.5, 5, 2], "texture": "#0"}
			}
		},
		{
			"from": [8, -8.2, 2.2],
			"to": [8, 9.4, 15.7],
			"rotation": {"angle": 0, "axis": "y", "origin": [0, 22.8, 16]},
			"faces": {
				"north": {"uv": [11.5, 7, 16, 0], "texture": "#0"},
				"east": {"uv": [16, 7, 11.5, 0], "texture": "#0"},
				"south": {"uv": [11.5, 7, 16, 0], "texture": "#0"},
				"west": {"uv": [11.5, 7, 16, 0], "texture": "#0"},
				"up": {"uv": [11.5, 7, 16, 0], "texture": "#0"},
				"down": {"uv": [11.5, 7, 16, 0], "texture": "#0"}
			}
		},
		{
			"from": [7.5, -3.42843, 10.53553],
			"to": [8.5, 5.57157, 11.53553],
			"rotation": {"angle": -45, "axis": "x", "origin": [8, 1.07157, 11.03553]},
			"faces": {
				"north": {"uv": [2.75, 4.5, 3.25, 0], "texture": "#0"},
				"east": {"uv": [3.25, 4.5, 2.75, 0], "texture": "#0"},
				"south": {"uv": [2.75, 4.5, 3.25, 0], "texture": "#0"},
				"west": {"uv": [3.25, 4.5, 2.75, 0], "texture": "#0"},
				"up": {"uv": [3.25, 4.5, 2.75, 0], "texture": "#0"},
				"down": {"uv": [3.25, 4.5, 2.75, 4.25], "texture": "#0"}
			}
		},
		{
			"from": [7.75, -3.36231, 12.55152],
			"to": [8.25, -1.36231, 13.05152],
			"rotation": {"angle": -45, "axis": "x", "origin": [8, -0.06231, 14.35152]},
			"faces": {
				"north": {"uv": [3.25, 2.25, 3.5, 1.25], "texture": "#0"},
				"east": {"uv": [3.25, 2.25, 3.5, 1.25], "texture": "#0"},
				"south": {"uv": [3.25, 2.25, 3.5, 1.25], "texture": "#0"},
				"west": {"uv": [3.25, 2.25, 3.5, 1.25], "texture": "#0"},
				"up": {"uv": [3.25, 2.25, 3.5, 1.25], "texture": "#0"},
				"down": {"uv": [3.25, 1.5, 3.5, 1.25], "texture": "#0"}
			}
		},
		{
			"from": [7.5, 3.9, 7.5],
			"to": [8.5, 11.9, 8.5],
			"rotation": {"angle": 0, "axis": "y", "origin": [0, 22.8, 16]},
			"faces": {
				"north": {"uv": [2.25, 4, 2.75, 0], "texture": "#0"},
				"east": {"uv": [2.75, 4, 2.25, 0], "texture": "#0"},
				"south": {"uv": [2.25, 4, 2.75, 0], "texture": "#0"},
				"west": {"uv": [2.75, 4, 2.25, 0], "texture": "#0"},
				"up": {"uv": [2.25, 0, 2.75, 4], "texture": "#0"},
				"down": {"uv": [2.25, 0, 2.75, 4], "texture": "#0"}
			}
		},
		{
			"from": [7.92843, 10.25685, -8.65],
			"to": [7.92843, 12.65685, -6.35],
			"rotation": {"angle": 0, "axis": "y", "origin": [8.82843, 4.65685, 5.15]},
			"faces": {
				"north": {"uv": [13.25, 8, 15.25, 9.75], "texture": "#0"},
				"east": {"uv": [13.25, 8, 15, 9.75], "texture": "#0"},
				"south": {"uv": [13.25, 8, 15.25, 9.75], "texture": "#0"},
				"west": {"uv": [15, 8, 13.25, 9.75], "texture": "#0"},
				"up": {"uv": [13.25, 8, 15.25, 9.75], "rotation": 270, "texture": "#0"},
				"down": {"uv": [13.25, 8, 15.25, 9.75], "rotation": 90, "texture": "#0"}
			}
		},
		{
			"from": [7.62843, 11.15685, -8.85],
			"to": [8.22843, 11.75685, -4.65],
			"rotation": {"angle": 0, "axis": "y", "origin": [8.82843, 4.65685, 5.15]},
			"faces": {
				"north": {"uv": [14.5, 8.5, 14.75, 8.75], "texture": "#0"},
				"east": {"uv": [15, 8.5, 14.5, 8.75], "texture": "#0"},
				"south": {"uv": [14.5, 8.5, 15, 8.75], "texture": "#0"},
				"west": {"uv": [14.5, 8.5, 15, 8.75], "texture": "#0"},
				"up": {"uv": [15, 8.5, 14.5, 8.75], "rotation": 270, "texture": "#0"},
				"down": {"uv": [15, 8.5, 14.5, 8.75], "rotation": 90, "texture": "#0"}
			}
		},
		{
			"from": [6.67843, 11.45685, -8.65],
			"to": [9.07843, 11.45685, -6.35],
			"rotation": {"angle": 0, "axis": "y", "origin": [24.27843, 5.15685, 5.25]},
			"faces": {
				"north": {"uv": [13.25, 8, 15.25, 9.75], "rotation": 90, "texture": "#0"},
				"east": {"uv": [13.25, 8, 15.25, 9.75], "texture": "#0"},
				"south": {"uv": [13.25, 8, 15.25, 9.75], "rotation": 270, "texture": "#0"},
				"west": {"uv": [13.25, 8, 15.25, 9.75], "rotation": 180, "texture": "#0"},
				"up": {"uv": [13.25, 8, 15, 9.75], "rotation": 270, "texture": "#0"},
				"down": {"uv": [15, 8, 13.25, 9.75], "rotation": 270, "texture": "#0"}
			}
		},
		{
			"from": [7.52843, 10.95685, -6.35],
			"to": [8.52843, 11.95685, 15.65],
			"rotation": {"angle": 0, "axis": "y", "origin": [3.82843, 4.65685, 5.25]},
			"faces": {
				"north": {"uv": [0.25, 15.5, 0, 16], "texture": "#0"},
				"east": {"uv": [9.5, 16, 0, 15.5], "texture": "#0"},
				"south": {"uv": [9.5, 15.5, 9.25, 16], "texture": "#0"},
				"west": {"uv": [0, 15.5, 9.5, 16], "texture": "#0"},
				"up": {"uv": [9.5, 15.5, 0, 16], "rotation": 270, "texture": "#0"},
				"down": {"uv": [9.5, 15.5, 0, 16], "rotation": 90, "texture": "#0"}
			}
		},
		{
			"from": [7.92843, 10.25685, 14.35],
			"to": [7.92843, 12.65685, 16.65],
			"rotation": {"angle": -45, "axis": "z", "origin": [7.90343, 11.45685, 15.5]},
			"faces": {
				"north": {"uv": [11, 8, 13, 9.75], "texture": "#0"},
				"east": {"uv": [11, 8, 12.75, 9.75], "texture": "#0"},
				"south": {"uv": [11, 8, 13, 9.75], "texture": "#0"},
				"west": {"uv": [12.75, 8, 11, 9.75], "texture": "#0"},
				"up": {"uv": [11, 8, 13, 9.75], "rotation": 270, "texture": "#0"},
				"down": {"uv": [11, 8, 13, 9.75], "rotation": 90, "texture": "#0"}
			}
		},
		{
			"from": [6.67843, 11.45685, 14.35],
			"to": [9.07843, 11.45685, 16.65],
			"rotation": {"angle": -45, "axis": "z", "origin": [7.90343, 11.45685, 15.5]},
			"faces": {
				"north": {"uv": [11, 8, 13, 9.75], "rotation": 90, "texture": "#0"},
				"east": {"uv": [11, 8, 13, 9.75], "texture": "#0"},
				"south": {"uv": [11, 8, 13, 9.75], "rotation": 270, "texture": "#0"},
				"west": {"uv": [11, 8, 13, 9.75], "rotation": 180, "texture": "#0"},
				"up": {"uv": [11, 8, 12.75, 9.75], "rotation": 270, "texture": "#0"},
				"down": {"uv": [12.75, 8, 11, 9.75], "rotation": 270, "texture": "#0"}
			}
		}
	],
	"display": {
		"thirdperson_righthand": {
			"rotation": [-6.72, -1.1, 49.45],
			"translation": [0, -1, 1.5],
			"scale": [0.73, 0.73, 0.73]
		},
		"thirdperson_lefthand": {
			"rotation": [-5.97, 7.85, 77.1],
			"translation": [0, -1, 1.5],
			"scale": [0.73, 0.73, 0.73]
		},
		"firstperson_righthand": {
			"rotation": [33.81, 12.32, 60.91],
			"translation": [-1.25, 0, 0],
			"scale": [0.73, 0.73, 0.73]
		},
		"firstperson_lefthand": {
			"rotation": [29.87, 5.15, 103.36],
			"translation": [-2.75, 1, 0],
			"scale": [0.73, 0.73, 0.73]
		},
		"ground": {
			"rotation": [90, 90, 0],
			"translation": [0, -2, -4.25]
		},
		"gui": {
			"rotation": [113.72, 35.41, -127.15],
			"translation": [-2.5, -0.75, 0],
			"scale": [0.73, 0.73, 0.731]
		},
		"head": {
			"rotation": [-143.75, 0, 0],
			"translation": [0, 16.25, -6.75]
		},
		"fixed": {
			"rotation": [-90, 45, 90],
			"translation": [3.75, -3.25, -1.5]
		}
	}
}