{
	"credit": "Made with Blockbench",
	"textures": {
		"0": "item/moon_pickaxe",
		"particle": "item/moon_pickaxe"
	},
	"elements": [
		{
			"from": [7, 0, 7],
			"to": [9, 2, 9],
			"rotation": {"angle": 0, "axis": "y", "origin": [0, 0, 16]},
			"faces": {
				"north": {"uv": [0, 0, 1, 1], "texture": "#0"},
				"east": {"uv": [1, 0, 0, 1], "texture": "#0"},
				"south": {"uv": [0, 0, 1, 1], "texture": "#0"},
				"west": {"uv": [1, 0, 0, 1], "texture": "#0"},
				"up": {"uv": [1, 1, 2, 0], "rotation": 180, "texture": "#0"},
				"down": {"uv": [0, 2, 1, 1], "texture": "#0"}
			}
		},
		{
			"from": [7, 10, 7],
			"to": [9, 11, 9],
			"rotation": {"angle": 0, "axis": "y", "origin": [0, 0, 16]},
			"faces": {
				"north": {"uv": [1, 2, 0, 2.5], "texture": "#0"},
				"east": {"uv": [1, 2, 0, 2.5], "texture": "#0"},
				"south": {"uv": [1, 2, 0, 2.5], "texture": "#0"},
				"west": {"uv": [1, 2, 0, 2.5], "texture": "#0"},
				"up": {"uv": [0, 3.5, 1, 2.5], "texture": "#0"},
				"down": {"uv": [1, 3.5, 2, 2.5], "texture": "#0"}
			}
		},
		{
			"from": [7, 20, 7],
			"to": [9, 21, 9],
			"rotation": {"angle": 0, "axis": "y", "origin": [0, 0, 16]},
			"faces": {
				"north": {"uv": [1, 2, 0, 2.5], "texture": "#0"},
				"east": {"uv": [1, 2, 0, 2.5], "texture": "#0"},
				"south": {"uv": [1, 2, 0, 2.5], "texture": "#0"},
				"west": {"uv": [1, 2, 0, 2.5], "texture": "#0"},
				"up": {"uv": [0, 3.5, 1, 2.5], "texture": "#0"},
				"down": {"uv": [1, 3.5, 2, 2.5], "texture": "#0"}
			}
		},
		{
			"from": [6, 15.4, 6],
			"to": [10, 19.4, 10],
			"rotation": {"angle": 0, "axis": "y", "origin": [0, 0, 16]},
			"faces": {
				"north": {"uv": [4.75, 0, 6.75, 2], "texture": "#0"},
				"east": {"uv": [6.75, 0, 4.75, 2], "texture": "#0"},
				"south": {"uv": [4.75, 0, 6.75, 2], "texture": "#0"},
				"west": {"uv": [6.75, 0, 4.75, 2], "texture": "#0"},
				"up": {"uv": [6.75, 2, 8.75, 0], "rotation": 90, "texture": "#0"},
				"down": {"uv": [8.75, 2, 6.75, 4], "texture": "#0"}
			}
		},
		{
			"from": [7.5, 2, 7.5],
			"to": [8.5, 10, 8.5],
			"rotation": {"angle": 0, "axis": "y", "origin": [0, 0, 16]},
			"faces": {
				"north": {"uv": [2.25, 0, 2.75, 4], "texture": "#0"},
				"east": {"uv": [2.75, 0, 2.25, 4], "texture": "#0"},
				"south": {"uv": [2.25, 0, 2.75, 4], "texture": "#0"},
				"west": {"uv": [2.75, 0, 2.25, 4], "texture": "#0"},
				"up": {"uv": [2.25, 4, 2.75, 0], "texture": "#0"},
				"down": {"uv": [2.25, 4, 2.75, 0], "texture": "#0"}
			}
		},
		{
			"from": [7.5, 11, 7.5],
			"to": [8.5, 20, 8.5],
			"rotation": {"angle": 0, "axis": "y", "origin": [0, 0, 16]},
			"faces": {
				"north": {"uv": [2.75, 0, 3.25, 4.5], "texture": "#0"},
				"east": {"uv": [3.25, 0, 2.75, 4.5], "texture": "#0"},
				"south": {"uv": [2.75, 0, 3.25, 4.5], "texture": "#0"},
				"west": {"uv": [3.25, 0, 2.75, 4.5], "texture": "#0"},
				"up": {"uv": [3.25, 0, 2.75, 4.5], "texture": "#0"},
				"down": {"uv": [3.25, 0, 2.75, 4.5], "texture": "#0"}
			}
		},
		{
			"from": [7.5, 21, 7.5],
			"to": [8.5, 23, 8.5],
			"rotation": {"angle": 0, "axis": "y", "origin": [0, 0, 16]},
			"faces": {
				"north": {"uv": [3.25, 0, 3.75, 1], "texture": "#0"},
				"east": {"uv": [3.75, 0, 3.25, 1], "texture": "#0"},
				"south": {"uv": [3.25, 0, 3.75, 1], "texture": "#0"},
				"west": {"uv": [3.75, 0, 3.25, 1], "texture": "#0"},
				"up": {"uv": [3.5, 0, 3.25, 0.25], "texture": "#0"},
				"down": {"uv": [3.75, 0, 3.25, 1], "texture": "#0"}
			}
		},
		{
			"from": [7.75, 23, 7.75],
			"to": [8.25, 25, 8.25],
			"rotation": {"angle": 0, "axis": "y", "origin": [0, 0, 16]},
			"faces": {
				"north": {"uv": [3.25, 1.25, 3.5, 2.25], "texture": "#0"},
				"east": {"uv": [3.25, 1.25, 3.5, 2.25], "texture": "#0"},
				"south": {"uv": [3.25, 1.25, 3.5, 2.25], "texture": "#0"},
				"west": {"uv": [3.25, 1.25, 3.5, 2.25], "texture": "#0"},
				"up": {"uv": [3.25, 1.25, 3.5, 1.5], "texture": "#0"},
				"down": {"uv": [3.25, 1.25, 3.5, 2.25], "texture": "#0"}
			}
		},
		{
			"from": [8, 13, -4.5],
			"to": [8, 21, 7.5],
			"rotation": {"angle": 0, "axis": "y", "origin": [0, 0, 16]},
			"faces": {
				"north": {"uv": [9, 0, 15, 4], "texture": "#0"},
				"east": {"uv": [9, 0, 15, 4], "texture": "#0"},
				"south": {"uv": [9, 0, 15, 4], "texture": "#0"},
				"west": {"uv": [15, 0, 9, 4], "texture": "#0"},
				"up": {"uv": [9, 0, 15, 4], "texture": "#0"},
				"down": {"uv": [9, 0, 15, 4], "texture": "#0"}
			}
		},
		{
			"from": [8, 13, 8.5],
			"to": [8, 21, 20.5],
			"faces": {
				"north": {"uv": [15, 0, 9, 4], "texture": "#0"},
				"east": {"uv": [15, 0, 9, 4], "texture": "#0"},
				"south": {"uv": [15, 0, 9, 4], "texture": "#0"},
				"west": {"uv": [9, 0, 15, 4], "texture": "#0"},
				"up": {"uv": [9, 4, 15, 0], "texture": "#0"},
				"down": {"uv": [9, 4, 15, 0], "texture": "#0"}
			}
		},
		{
			"from": [7.5, 16, 5],
			"to": [8.5, 19, 6],
			"rotation": {"angle": 0, "axis": "y", "origin": [0, 0, 16]},
			"faces": {
				"north": {"uv": [5, 2, 4.75, 3.5], "texture": "#0"},
				"east": {"uv": [5.25, 2, 4.75, 3.5], "texture": "#0"},
				"south": {"uv": [5.25, 2, 5, 3.5], "texture": "#0"},
				"west": {"uv": [5.25, 2, 4.75, 3.5], "texture": "#0"},
				"up": {"uv": [5.25, 2, 4.75, 2.25], "texture": "#0"},
				"down": {"uv": [5.25, 3.25, 4.75, 3.5], "texture": "#0"}
			}
		},
		{
			"from": [7.5, 16, 10],
			"to": [8.5, 19, 11],
			"faces": {
				"north": {"uv": [5, 2, 5.25, 3.5], "texture": "#0"},
				"east": {"uv": [4.75, 2, 5.25, 3.5], "texture": "#0"},
				"south": {"uv": [4.75, 2, 5, 3.5], "texture": "#0"},
				"west": {"uv": [4.75, 2, 5.25, 3.5], "texture": "#0"},
				"up": {"uv": [5.25, 2.25, 4.75, 2], "texture": "#0"},
				"down": {"uv": [5.25, 3.5, 4.75, 3.25], "texture": "#0"}
			}
		}
	],
	"display": {
		"thirdperson_righthand": {
			"translation": [0, 0, 1.5],
			"scale": [0.9, 0.9, 0.9]
		},
		"thirdperson_lefthand": {
			"translation": [0, 0, 1.5],
			"scale": [0.9, 0.9, 0.9]
		},
		"firstperson_righthand": {
			"scale": [0.73, 0.73, 0.73]
		},
		"firstperson_lefthand": {
			"scale": [0.73, 0.73, 0.73]
		},
		"ground": {
			"rotation": [90, 90, 0],
			"translation": [0, -2, -4.25]
		},
		"gui": {
			"rotation": [113.72, 35.41, -127.15],
			"translation": [-2.75, -3, 0],
			"scale": [0.73, 0.73, 0.731]
		},
		"head": {
			"rotation": [-143.75, 0, 0],
			"translation": [0, 16.25, -6.75]
		},
		"fixed": {
			"rotation": [-90, 45, 90],
			"translation": [3.75, -3.25, -1.5],
			"scale": [1.8, 1.8, 1.8]
		}
	}
}