{
	"credit": "Made with Blockbench",
	"textures": {
		"0": "item/moon_shovel",
		"particle": "item/moon_shovel"
	},
	"elements": [
		{
			"from": [7, 10, 7],
			"to": [9, 11, 9],
			"rotation": {"angle": 0, "axis": "y", "origin": [16, 0, 16]},
			"faces": {
				"north": {"uv": [0, 2, 1, 2.5], "texture": "#0"},
				"east": {"uv": [0, 2, 1, 2.5], "texture": "#0"},
				"south": {"uv": [0, 2, 1, 2.5], "texture": "#0"},
				"west": {"uv": [0, 2, 1, 2.5], "texture": "#0"},
				"up": {"uv": [1, 3.5, 0, 2.5], "texture": "#0"},
				"down": {"uv": [2, 3.5, 1, 2.5], "texture": "#0"}
			}
		},
		{
			"from": [6, -1.6, 6],
			"to": [10, 2.4, 10],
			"rotation": {"angle": 0, "axis": "y", "origin": [16, 0, 16]},
			"faces": {
				"north": {"uv": [6.75, 0, 4.75, 2], "texture": "#0"},
				"east": {"uv": [4.75, 0, 6.75, 2], "texture": "#0"},
				"south": {"uv": [6.75, 0, 4.75, 2], "texture": "#0"},
				"west": {"uv": [4.75, 0, 6.75, 2], "texture": "#0"},
				"up": {"uv": [6.75, 0, 8.75, 2], "rotation": 90, "texture": "#0"},
				"down": {"uv": [6.75, 2, 8.75, 4], "texture": "#0"}
			}
		},
		{
			"from": [7.5, 2, 7.5],
			"to": [8.5, 10, 8.5],
			"rotation": {"angle": 0, "axis": "y", "origin": [16, 0, 16]},
			"faces": {
				"north": {"uv": [2.75, 0, 2.25, 4], "texture": "#0"},
				"east": {"uv": [2.25, 0, 2.75, 4], "texture": "#0"},
				"south": {"uv": [2.75, 0, 2.25, 4], "texture": "#0"},
				"west": {"uv": [2.25, 0, 2.75, 4], "texture": "#0"},
				"up": {"uv": [2.75, 4, 2.25, 0], "texture": "#0"},
				"down": {"uv": [2.75, 4, 2.25, 0], "texture": "#0"}
			}
		},
		{
			"from": [7.5, 11, 7.5],
			"to": [8.5, 20, 8.5],
			"rotation": {"angle": 0, "axis": "y", "origin": [16, 0, 16]},
			"faces": {
				"north": {"uv": [3.25, 0, 2.75, 4.5], "texture": "#0"},
				"east": {"uv": [2.75, 0, 3.25, 4.5], "texture": "#0"},
				"south": {"uv": [3.25, 0, 2.75, 4.5], "texture": "#0"},
				"west": {"uv": [2.75, 0, 3.25, 4.5], "texture": "#0"},
				"up": {"uv": [2.75, 0, 3.25, 4.5], "texture": "#0"},
				"down": {"uv": [2.75, 0, 3.25, 4.5], "texture": "#0"}
			}
		},
		{
			"from": [7.5, 20, 7.5],
			"to": [8.5, 23, 8.5],
			"rotation": {"angle": 0, "axis": "y", "origin": [16, 0, 16]},
			"faces": {
				"north": {"uv": [10.75, 1.5, 11.25, 2], "texture": "#0"},
				"east": {"uv": [10.75, 1.5, 11.25, 2], "texture": "#0"},
				"south": {"uv": [10.75, 1.5, 11.25, 2], "texture": "#0"},
				"west": {"uv": [10.75, 1.5, 11.25, 2], "texture": "#0"},
				"up": {"uv": [10.75, 1.5, 11.25, 2], "texture": "#0"},
				"down": {"uv": [10.75, 1.5, 11.25, 2], "texture": "#0"}
			}
		},
		{
			"from": [8, 19.5, 4.5],
			"to": [8, 28, 11.5],
			"rotation": {"angle": 0, "axis": "y", "origin": [16, 0, 16]},
			"faces": {
				"north": {"uv": [13.75, 0, 9.75, 3.5], "rotation": 90, "texture": "#0"},
				"east": {"uv": [13.75, 3.5, 9.5, 7], "rotation": 90, "texture": "#0"},
				"south": {"uv": [13.75, 0, 9.75, 3.5], "rotation": 90, "texture": "#0"},
				"west": {"uv": [13.75, 0, 9.5, 3.5], "rotation": 90, "texture": "#0"},
				"up": {"uv": [13.75, 0, 9.75, 3.5], "rotation": 90, "texture": "#0"},
				"down": {"uv": [13.75, 0, 9.75, 3.5], "rotation": 90, "texture": "#0"}
			}
		}
	],
	"display": {
		"thirdperson_righthand": {
			"translation": [0, 0, 1.5],
			"scale": [0.9, 0.9, 0.9]
		},
		"thirdperson_lefthand": {
			"translation": [0, 0, 1.5],
			"scale": [0.9, 0.9, 0.9]
		},
		"firstperson_righthand": {
			"scale": [0.73, 0.73, 0.73]
		},
		"firstperson_lefthand": {
			"scale": [0.73, 0.73, 0.73]
		},
		"ground": {
			"rotation": [90, 90, 0],
			"translation": [0, -2, -4.25]
		},
		"gui": {
			"rotation": [113.72, 35.41, -127.15],
			"translation": [-2.75, -3, 0],
			"scale": [0.73, 0.73, 0.731]
		},
		"head": {
			"rotation": [-143.75, 0, 0],
			"translation": [0, 16.25, -6.75]
		},
		"fixed": {
			"rotation": [-90, 45, 90],
			"translation": [3.75, -3.25, -1.5],
			"scale": [1.8, 1.8, 1.8]
		}
	}
}