{
	"credit": "Made with Blockbench",
	"textures": {
		"0": "item/moon_bow",
		"particle": "item/moon_bow"
	},
	"elements": [
		{
			"from": [7, 10.4, 4],
			"to": [9, 12.4, 6],
			"rotation": {"angle": 0, "axis": "y", "origin": [0, 0, 16]},
			"faces": {
				"north": {"uv": [1, 1, 2, 2], "texture": "#0"},
				"east": {"uv": [1, 0, 0, 1], "texture": "#0"},
				"south": {"uv": [0, 0, 1, 1], "texture": "#0"},
				"west": {"uv": [1, 0, 0, 1], "texture": "#0"},
				"up": {"uv": [1, 1, 2, 0], "rotation": 180, "texture": "#0"},
				"down": {"uv": [0, 2, 1, 1], "texture": "#0"}
			}
		},
		{
			"from": [7, 13.4, 7],
			"to": [9, 14.4, 9],
			"rotation": {"angle": 0, "axis": "y", "origin": [0, 0, 16]},
			"faces": {
				"north": {"uv": [1, 2, 0, 2.5], "texture": "#0"},
				"east": {"uv": [1, 2, 0, 2.5], "texture": "#0"},
				"south": {"uv": [1, 2, 0, 2.5], "texture": "#0"},
				"west": {"uv": [1, 2, 0, 2.5], "texture": "#0"},
				"up": {"uv": [0, 3.5, 1, 2.5], "texture": "#0"},
				"down": {"uv": [1, 3.5, 2, 2.5], "texture": "#0"}
			}
		},
		{
			"from": [8, -3.6, 11],
			"to": [8, 26.4, 12],
			"rotation": {"angle": 0, "axis": "y", "origin": [0, 0, 16]},
			"faces": {
				"north": {"uv": [11.5, 0, 11.25, 7.5], "texture": "#0"},
				"east": {"uv": [11.25, 0, 11.5, 7.5], "texture": "#0"},
				"south": {"uv": [11.5, 0, 11.25, 7.5], "texture": "#0"},
				"west": {"uv": [11.5, 0, 11.25, 7.5], "texture": "#0"},
				"up": {"uv": [11.5, 0, 11.25, 7.5], "texture": "#0"},
				"down": {"uv": [11.5, 0, 11.25, 7.5], "texture": "#0"}
			}
		},
		{
			"from": [7, 8.4, 7],
			"to": [9, 9.4, 9],
			"rotation": {"angle": 0, "axis": "y", "origin": [0, 16, 16]},
			"faces": {
				"north": {"uv": [1, 2.5, 0, 2], "texture": "#0"},
				"east": {"uv": [1, 2.5, 0, 2], "texture": "#0"},
				"south": {"uv": [1, 2.5, 0, 2], "texture": "#0"},
				"west": {"uv": [1, 2.5, 0, 2], "texture": "#0"},
				"up": {"uv": [1, 2.5, 2, 3.5], "texture": "#0"},
				"down": {"uv": [0, 2.5, 1, 3.5], "texture": "#0"}
			}
		},
		{
			"from": [6, 9.4, 6],
			"to": [10, 13.4, 10],
			"rotation": {"angle": 0, "axis": "y", "origin": [0, 0, 16]},
			"faces": {
				"north": {"uv": [8.75, 0, 10.75, 2], "texture": "#0"},
				"east": {"uv": [6.75, 0, 4.75, 2], "texture": "#0"},
				"south": {"uv": [8.75, 0, 10.75, 2], "texture": "#0"},
				"west": {"uv": [6.75, 0, 4.75, 2], "texture": "#0"},
				"up": {"uv": [6.75, 2, 8.75, 0], "rotation": 90, "texture": "#0"},
				"down": {"uv": [8.75, 2, 6.75, 4], "texture": "#0"}
			}
		},
		{
			"from": [7.5, 10.9, 7.5],
			"to": [8.5, 18.9, 8.5],
			"rotation": {"angle": 0, "axis": "y", "origin": [0, 0, 16]},
			"faces": {
				"north": {"uv": [2.25, 0, 2.75, 4], "texture": "#0"},
				"east": {"uv": [2.75, 0, 2.25, 4], "texture": "#0"},
				"south": {"uv": [2.25, 0, 2.75, 4], "texture": "#0"},
				"west": {"uv": [2.75, 0, 2.25, 4], "texture": "#0"},
				"up": {"uv": [2.25, 4, 2.75, 0], "texture": "#0"},
				"down": {"uv": [2.25, 4, 2.75, 0], "texture": "#0"}
			}
		},
		{
			"from": [8, 13.4, 2.2],
			"to": [8, 26.9, 10.7],
			"rotation": {"angle": 0, "axis": "y", "origin": [0, 0, 16]},
			"faces": {
				"north": {"uv": [12.25, 0.5, 16, 6.75], "texture": "#0"},
				"east": {"uv": [16, 0.5, 12.25, 6.75], "texture": "#0"},
				"south": {"uv": [12.25, 0.5, 16, 6.75], "texture": "#0"},
				"west": {"uv": [12.25, 0.5, 16, 6.75], "texture": "#0"},
				"up": {"uv": [12.25, 0.5, 16, 6.75], "texture": "#0"},
				"down": {"uv": [12.25, 0.5, 16, 6.75], "texture": "#0"}
			}
		},
		{
			"from": [8, -4.1, 2.2],
			"to": [8, 9.4, 10.7],
			"rotation": {"angle": 0, "axis": "y", "origin": [0, 16, 16]},
			"faces": {
				"north": {"uv": [12.25, 6.75, 16, 0.5], "texture": "#0"},
				"east": {"uv": [16, 6.75, 12.25, 0.5], "texture": "#0"},
				"south": {"uv": [12.25, 6.75, 16, 0.5], "texture": "#0"},
				"west": {"uv": [12.25, 6.75, 16, 0.5], "texture": "#0"},
				"up": {"uv": [12.25, 6.75, 16, 0.5], "texture": "#0"},
				"down": {"uv": [12.25, 6.75, 16, 0.5], "texture": "#0"}
			}
		},
		{
			"from": [7.5, 18.36612, 9.18402],
			"to": [8.5, 27.36612, 10.18402],
			"rotation": {"angle": 22.5, "axis": "x", "origin": [8, 22.86612, 9.68402]},
			"faces": {
				"north": {"uv": [2.75, 0, 3.25, 4.5], "texture": "#0"},
				"east": {"uv": [3.25, 0, 2.75, 4.5], "texture": "#0"},
				"south": {"uv": [2.75, 0, 3.25, 4.5], "texture": "#0"},
				"west": {"uv": [3.25, 0, 2.75, 4.5], "texture": "#0"},
				"up": {"uv": [3.25, 4.25, 2.75, 4.5], "texture": "#0"},
				"down": {"uv": [3.25, 0, 2.75, 4.5], "texture": "#0"}
			}
		},
		{
			"from": [7.5, -4.56612, 9.18402],
			"to": [8.5, 4.43388, 10.18402],
			"rotation": {"angle": -22.5, "axis": "x", "origin": [8, -0.06612, 9.68402]},
			"faces": {
				"north": {"uv": [2.75, 4.5, 3.25, 0], "texture": "#0"},
				"east": {"uv": [3.25, 4.5, 2.75, 0], "texture": "#0"},
				"south": {"uv": [2.75, 4.5, 3.25, 0], "texture": "#0"},
				"west": {"uv": [3.25, 4.5, 2.75, 0], "texture": "#0"},
				"up": {"uv": [3.25, 4.5, 2.75, 0], "texture": "#0"},
				"down": {"uv": [3.25, 4.5, 2.75, 4.25], "texture": "#0"}
			}
		},
		{
			"from": [7.5, 3.9, 7.5],
			"to": [8.5, 11.9, 8.5],
			"rotation": {"angle": 0, "axis": "y", "origin": [0, 22.8, 16]},
			"faces": {
				"north": {"uv": [2.25, 4, 2.75, 0], "texture": "#0"},
				"east": {"uv": [2.75, 4, 2.25, 0], "texture": "#0"},
				"south": {"uv": [2.25, 4, 2.75, 0], "texture": "#0"},
				"west": {"uv": [2.75, 4, 2.25, 0], "texture": "#0"},
				"up": {"uv": [2.25, 0, 2.75, 4], "texture": "#0"},
				"down": {"uv": [2.25, 0, 2.75, 4], "texture": "#0"}
			}
		},
		{
			"from": [7.75, 26.2, 10.125],
			"to": [8.25, 28.2, 10.625],
			"rotation": {"angle": 22.5, "axis": "x", "origin": [8, 24, 13]},
			"faces": {
				"north": {"uv": [3.25, 1.25, 3.5, 2.25], "texture": "#0"},
				"east": {"uv": [3.25, 1.25, 3.5, 2.25], "texture": "#0"},
				"south": {"uv": [3.25, 1.25, 3.5, 2.25], "texture": "#0"},
				"west": {"uv": [3.25, 1.25, 3.5, 2.25], "texture": "#0"},
				"up": {"uv": [3.25, 1.25, 3.5, 1.5], "texture": "#0"},
				"down": {"uv": [3.25, 1.25, 3.5, 2.25], "texture": "#0"}
			}
		},
		{
			"from": [7.75, -5.9, 12.725],
			"to": [8.25, -3.9, 13.225],
			"rotation": {"angle": -22.5, "axis": "x", "origin": [8, -8, 13]},
			"faces": {
				"north": {"uv": [3.25, 2.25, 3.5, 1.25], "texture": "#0"},
				"east": {"uv": [3.25, 2.25, 3.5, 1.25], "texture": "#0"},
				"south": {"uv": [3.25, 2.25, 3.5, 1.25], "texture": "#0"},
				"west": {"uv": [3.25, 2.25, 3.5, 1.25], "texture": "#0"},
				"up": {"uv": [3.25, 2.25, 3.5, 1.25], "texture": "#0"},
				"down": {"uv": [3.25, 1.5, 3.5, 1.25], "texture": "#0"}
			}
		},
		{
			"from": [7.5, 26.21492, 7.94415],
			"to": [8.5, 27.21492, 10.94415],
			"rotation": {"angle": 0, "axis": "x", "origin": [8, 17.71492, -5.45585]},
			"faces": {
				"north": {"uv": [5.25, 2, 4.75, 2.25], "rotation": 180, "texture": "#0"},
				"east": {"uv": [5.25, 2, 4.75, 3.5], "rotation": 90, "texture": "#0"},
				"south": {"uv": [5.25, 3.25, 4.75, 3.5], "texture": "#0"},
				"west": {"uv": [5.25, 2, 4.75, 3.5], "rotation": 270, "texture": "#0"},
				"up": {"uv": [5.25, 2, 5, 3.5], "texture": "#0"},
				"down": {"uv": [5, 2, 4.75, 3.5], "rotation": 180, "texture": "#0"}
			}
		},
		{
			"from": [7.5, -4.41492, 7.94415],
			"to": [8.5, -3.41492, 10.94415],
			"rotation": {"angle": 0, "axis": "x", "origin": [8, -1.91492, -5.45585]},
			"faces": {
				"north": {"uv": [5.25, 2.25, 4.75, 2], "rotation": 180, "texture": "#0"},
				"east": {"uv": [4.75, 2, 5.25, 3.5], "rotation": 90, "texture": "#0"},
				"south": {"uv": [5.25, 3.5, 4.75, 3.25], "texture": "#0"},
				"west": {"uv": [4.75, 2, 5.25, 3.5], "rotation": 270, "texture": "#0"},
				"up": {"uv": [5, 3.5, 4.75, 2], "rotation": 180, "texture": "#0"},
				"down": {"uv": [5.25, 3.5, 5, 2], "texture": "#0"}
			}
		}
	],
	"display": {
		"thirdperson_righthand": {
			"translation": [0, -1, 1.5],
			"scale": [0.73, 0.73, 0.73]
		},
		"thirdperson_lefthand": {
			"translation": [0, -1, 1.5],
			"scale": [0.73, 0.73, 0.73]
		},
		"firstperson_righthand": {
			"scale": [0.73, 0.73, 0.73]
		},
		"firstperson_lefthand": {
			"scale": [0.73, 0.73, 0.73]
		},
		"ground": {
			"rotation": [90, 90, 0],
			"translation": [0, -2, -4.25]
		},
		"gui": {
			"rotation": [113.72, 35.41, -127.15],
			"translation": [-2.5, -0.75, 0],
			"scale": [0.73, 0.73, 0.731]
		},
		"head": {
			"rotation": [-143.75, 0, 0],
			"translation": [0, 16.25, -6.75]
		},
		"fixed": {
			"rotation": [-90, 45, 90],
			"translation": [3.75, -3.25, -1.5],
			"scale": [1.73242, 1.73242, 1.73242]
		}
	}
}