{
	"credit": "Made with Blockbench",
	"ambientocclusion": false,
	"textures": {
		"particle": "block/short_pot",
		"flowerpot": "block/short_pot",
		"dirt": "block/dirt",
		"bamboo": "block/bamboo_stalk",
		"leaf": "block/bamboo_singleleaf"
	},
	"elements": [
		{
			"from": [5, 0, 5],
			"to": [6, 2, 11],
			"faces": {
				"north": {"uv": [10, 14, 11, 16], "texture": "#flowerpot"},
				"east": {"uv": [5, 14, 11, 16], "texture": "#flowerpot"},
				"south": {"uv": [5, 14, 6, 16], "texture": "#flowerpot"},
				"west": {"uv": [5, 14, 11, 16], "texture": "#flowerpot"},
				"down": {"uv": [4, 5, 5, 11], "texture": "#flowerpot", "cullface": "down"}
			}
		},
		{
			"from": [10, 0, 5],
			"to": [11, 2, 11],
			"faces": {
				"north": {"uv": [5, 14, 6, 16], "texture": "#flowerpot"},
				"east": {"uv": [5, 14, 11, 16], "texture": "#flowerpot"},
				"south": {"uv": [10, 14, 11, 16], "texture": "#flowerpot"},
				"west": {"uv": [5, 14, 11, 16], "texture": "#flowerpot"},
				"down": {"uv": [11, 5, 12, 11], "texture": "#flowerpot", "cullface": "down"}
			}
		},
		{
			"from": [6, 0, 5],
			"to": [10, 2, 6],
			"faces": {
				"north": {"uv": [6, 14, 10, 16], "texture": "#flowerpot"},
				"south": {"uv": [6, 14, 10, 16], "texture": "#flowerpot"},
				"down": {"uv": [6, 4, 10, 5], "texture": "#flowerpot", "cullface": "down"}
			}
		},
		{
			"from": [6, 0, 10],
			"to": [10, 2, 11],
			"faces": {
				"north": {"uv": [6, 14, 10, 16], "texture": "#flowerpot"},
				"south": {"uv": [6, 14, 10, 16], "texture": "#flowerpot"},
				"down": {"uv": [6, 11, 10, 12], "texture": "#flowerpot", "cullface": "down"}
			}
		},
		{
			"from": [11, 2, 4],
			"to": [12, 4, 12],
			"faces": {
				"north": {"uv": [4, 12, 5, 14], "texture": "#flowerpot"},
				"east": {"uv": [4, 12, 12, 14], "texture": "#flowerpot"},
				"south": {"uv": [11, 12, 12, 14], "texture": "#flowerpot"},
				"west": {"uv": [4, 12, 12, 14], "texture": "#flowerpot"},
				"up": {"uv": [4, 4, 5, 12], "rotation": 180, "texture": "#flowerpot"},
				"down": {"uv": [4, 4, 5, 12], "rotation": 180, "texture": "#flowerpot"}
			}
		},
		{
			"from": [4, 2, 4],
			"to": [5, 4, 12],
			"faces": {
				"north": {"uv": [4, 12, 5, 14], "texture": "#flowerpot"},
				"east": {"uv": [4, 12, 12, 14], "texture": "#flowerpot"},
				"south": {"uv": [11, 12, 12, 14], "texture": "#flowerpot"},
				"west": {"uv": [4, 12, 12, 14], "texture": "#flowerpot"},
				"up": {"uv": [11, 4, 12, 12], "rotation": 180, "texture": "#flowerpot"},
				"down": {"uv": [11, 4, 12, 12], "rotation": 180, "texture": "#flowerpot"}
			}
		},
		{
			"from": [5, 2, 11],
			"to": [11, 4, 12],
			"faces": {
				"north": {"uv": [5, 12, 11, 14], "texture": "#flowerpot"},
				"south": {"uv": [5, 12, 11, 14], "texture": "#flowerpot"},
				"up": {"uv": [5, 4, 11, 5], "texture": "#flowerpot"},
				"down": {"uv": [5, 4, 11, 5], "texture": "#flowerpot"}
			}
		},
		{
			"from": [5, 2, 4],
			"to": [11, 4, 5],
			"faces": {
				"north": {"uv": [5, 12, 11, 14], "texture": "#flowerpot"},
				"south": {"uv": [5, 12, 11, 14], "texture": "#flowerpot"},
				"up": {"uv": [5, 11, 11, 12], "texture": "#flowerpot"},
				"down": {"uv": [5, 11, 11, 12], "texture": "#flowerpot"}
			}
		},
		{
			"from": [5, 2, 5],
			"to": [11, 3, 11],
			"faces": {
				"up": {"uv": [5, 5, 11, 11], "texture": "#dirt"}
			}
		},
		{
			"from": [6, 0, 6],
			"to": [10, 5, 10],
			"faces": {
				"down": {"uv": [6, 12, 10, 16], "texture": "#flowerpot", "cullface": "down"}
			}
		},
		{
			"from": [0, 3, 8],
			"to": [16, 19, 8],
			"shade": false,
			"faces": {
				"north": {"uv": [0, 0, 16, 16], "texture": "#leaf"},
				"south": {"uv": [16, 0, 0, 16], "texture": "#leaf"}
			}
		},
		{
			"from": [7, 1, 7],
			"to": [9, 17, 9],
			"faces": {
				"north": {"uv": [6, 0, 8, 16], "texture": "#bamboo"},
				"east": {"uv": [6, 0, 8, 16], "texture": "#bamboo"},
				"south": {"uv": [6, 0, 8, 16], "texture": "#bamboo"},
				"west": {"uv": [6, 0, 8, 16], "texture": "#bamboo"},
				"up": {"uv": [13, 0, 15, 2], "texture": "#bamboo"}
			}
		}
	]
}