{
	"credit": "Made with Blockbench",
	"ambientocclusion": false,
	"textures": {
		"particle": "block/short_pot",
		"flowerpot": "block/short_pot",
		"dirt": "block/dirt",
		"cactus": "block/cactus_side",
		"cactus_top": "block/cactus_top"
	},
	"elements": [
		{
			"from": [5, 0, 5],
			"to": [6, 2, 11],
			"faces": {
				"north": {"uv": [10, 14, 11, 16], "texture": "#flowerpot"},
				"east": {"uv": [5, 14, 11, 16], "texture": "#flowerpot"},
				"south": {"uv": [5, 14, 6, 16], "texture": "#flowerpot"},
				"west": {"uv": [5, 14, 11, 16], "texture": "#flowerpot"},
				"down": {"uv": [4, 5, 5, 11], "texture": "#flowerpot", "cullface": "down"}
			}
		},
		{
			"from": [10, 0, 5],
			"to": [11, 2, 11],
			"faces": {
				"north": {"uv": [5, 14, 6, 16], "texture": "#flowerpot"},
				"east": {"uv": [5, 14, 11, 16], "texture": "#flowerpot"},
				"south": {"uv": [10, 14, 11, 16], "texture": "#flowerpot"},
				"west": {"uv": [5, 14, 11, 16], "texture": "#flowerpot"},
				"down": {"uv": [11, 5, 12, 11], "texture": "#flowerpot", "cullface": "down"}
			}
		},
		{
			"from": [6, 0, 5],
			"to": [10, 2, 6],
			"faces": {
				"north": {"uv": [6, 14, 10, 16], "texture": "#flowerpot"},
				"south": {"uv": [6, 14, 10, 16], "texture": "#flowerpot"},
				"down": {"uv": [6, 4, 10, 5], "texture": "#flowerpot", "cullface": "down"}
			}
		},
		{
			"from": [6, 0, 10],
			"to": [10, 2, 11],
			"faces": {
				"north": {"uv": [6, 14, 10, 16], "texture": "#flowerpot"},
				"south": {"uv": [6, 14, 10, 16], "texture": "#flowerpot"},
				"down": {"uv": [6, 11, 10, 12], "texture": "#flowerpot", "cullface": "down"}
			}
		},
		{
			"from": [11, 2, 4],
			"to": [12, 4, 12],
			"faces": {
				"north": {"uv": [4, 12, 5, 14], "texture": "#flowerpot"},
				"east": {"uv": [4, 12, 12, 14], "texture": "#flowerpot"},
				"south": {"uv": [11, 12, 12, 14], "texture": "#flowerpot"},
				"west": {"uv": [4, 12, 12, 14], "texture": "#flowerpot"},
				"up": {"uv": [4, 4, 5, 12], "rotation": 180, "texture": "#flowerpot"},
				"down": {"uv": [4, 4, 5, 12], "rotation": 180, "texture": "#flowerpot"}
			}
		},
		{
			"from": [4, 2, 4],
			"to": [5, 4, 12],
			"faces": {
				"north": {"uv": [4, 12, 5, 14], "texture": "#flowerpot"},
				"east": {"uv": [4, 12, 12, 14], "texture": "#flowerpot"},
				"south": {"uv": [11, 12, 12, 14], "texture": "#flowerpot"},
				"west": {"uv": [4, 12, 12, 14], "texture": "#flowerpot"},
				"up": {"uv": [11, 4, 12, 12], "rotation": 180, "texture": "#flowerpot"},
				"down": {"uv": [11, 4, 12, 12], "rotation": 180, "texture": "#flowerpot"}
			}
		},
		{
			"from": [5, 2, 11],
			"to": [11, 4, 12],
			"faces": {
				"north": {"uv": [5, 12, 11, 14], "texture": "#flowerpot"},
				"south": {"uv": [5, 12, 11, 14], "texture": "#flowerpot"},
				"up": {"uv": [5, 4, 11, 5], "texture": "#flowerpot"},
				"down": {"uv": [5, 4, 11, 5], "texture": "#flowerpot"}
			}
		},
		{
			"from": [5, 2, 4],
			"to": [11, 4, 5],
			"faces": {
				"north": {"uv": [5, 12, 11, 14], "texture": "#flowerpot"},
				"south": {"uv": [5, 12, 11, 14], "texture": "#flowerpot"},
				"up": {"uv": [5, 11, 11, 12], "texture": "#flowerpot"},
				"down": {"uv": [5, 11, 11, 12], "texture": "#flowerpot"}
			}
		},
		{
			"from": [5, 2, 5],
			"to": [11, 3, 11],
			"faces": {
				"up": {"uv": [5, 5, 11, 11], "texture": "#dirt"}
			}
		},
		{
			"from": [6, 0, 6],
			"to": [10, 5, 10],
			"faces": {
				"down": {"uv": [6, 12, 10, 16], "texture": "#flowerpot", "cullface": "down"}
			}
		},
		{
			"from": [6, 3, 6],
			"to": [10, 14, 10],
			"faces": {
				"north": {"uv": [6, 0, 10, 11], "texture": "#cactus"},
				"east": {"uv": [6, 0, 10, 11], "texture": "#cactus"},
				"south": {"uv": [6, 0, 10, 11], "texture": "#cactus"},
				"west": {"uv": [6, 0, 10, 11], "texture": "#cactus"},
				"up": {"uv": [6, 6, 10, 10], "texture": "#cactus_top", "cullface": "up"}
			}
		}
	]
}