{
	"parent": "item/bucket",
	"texture_size": [32, 32],
	"textures": {
		"5": "block/anvil_bucket",
		"6": "block/axolotl1",
		"7": "block/water",
		"8": "block/stripped_spruce_log",
		"particle": "block/iron_block"
	},
	"elements": [
		{
			"name": "front",
			"from": [5.5, 0.5, 4.5],
			"to": [10.5, 6.5, 5.5],
			"rotation": {"angle": 0, "axis": "y", "origin": [8, 5.25, 7.51903]},
			"faces": {
				"north": {"uv": [9, 3, 4, 9], "texture": "#5"},
				"east": {"uv": [4, 2, 3, 8], "texture": "#5"},
				"south": {"uv": [9, 3, 4, 9], "texture": "#5"},
				"west": {"uv": [4, 2, 3, 8], "texture": "#5"},
				"up": {"uv": [8, 2, 3, 3], "texture": "#5"},
				"down": {"uv": [8, 2, 3, 3], "texture": "#5"}
			}
		},
		{
			"name": "back",
			"from": [5.5, 0.5, 10.5],
			"to": [10.5, 6.5, 11.5],
			"rotation": {"angle": 0, "axis": "y", "origin": [8, 5.25, 7.51903]},
			"faces": {
				"north": {"uv": [5, 4, 10, 10], "texture": "#5"},
				"east": {"uv": [3, 2, 4, 8], "texture": "#5"},
				"south": {"uv": [3, 2, 8, 8], "texture": "#5"},
				"west": {"uv": [3, 2, 4, 8], "texture": "#5"},
				"up": {"uv": [8, 3, 3, 2], "texture": "#5"},
				"down": {"uv": [8, 3, 3, 2], "texture": "#5"}
			}
		},
		{
			"name": "side",
			"from": [10.5, 0.5, 5.5],
			"to": [11.5, 6.5, 10.5],
			"rotation": {"angle": 0, "axis": "y", "origin": [8, 5.25, 7.51903]},
			"faces": {
				"north": {"uv": [5, 4, 6, 10], "texture": "#5"},
				"east": {"uv": [3, 2, 8, 8], "texture": "#5"},
				"south": {"uv": [3, 2, 4, 8], "texture": "#5"},
				"west": {"uv": [3, 2, 8, 8], "texture": "#5"},
				"up": {"uv": [3, 2, 4, 7], "texture": "#5"},
				"down": {"uv": [3, 2, 4, 7], "texture": "#5"}
			}
		},
		{
			"name": "side",
			"from": [4.5, 0.5, 5.5],
			"to": [5.5, 6.5, 10.5],
			"rotation": {"angle": 0, "axis": "y", "origin": [8, 5.25, 7.51903]},
			"faces": {
				"north": {"uv": [6, 4, 5, 10], "texture": "#5"},
				"east": {"uv": [8, 2, 3, 8], "texture": "#5"},
				"south": {"uv": [4, 2, 3, 8], "texture": "#5"},
				"west": {"uv": [8, 2, 3, 8], "texture": "#5"},
				"up": {"uv": [4, 2, 3, 7], "texture": "#5"},
				"down": {"uv": [4, 2, 3, 7], "texture": "#5"}
			}
		},
		{
			"name": "bottom",
			"from": [5.5, 0.5, 5.53806],
			"to": [10.5, 1.5, 10.53806],
			"rotation": {"angle": 0, "axis": "y", "origin": [8, 5.25, 7.51903]},
			"faces": {
				"north": {"uv": [8, 2, 3, 3], "texture": "#5"},
				"east": {"uv": [8, 2, 3, 3], "texture": "#5"},
				"south": {"uv": [10, 4, 5, 5], "texture": "#5"},
				"west": {"uv": [8, 2, 3, 3], "texture": "#5"},
				"up": {"uv": [8, 2, 3, 7], "rotation": 180, "texture": "#5"},
				"down": {"uv": [8, 2, 3, 7], "rotation": 180, "texture": "#5"}
			}
		},
		{
			"name": "handleside",
			"from": [4.5, 6.5, 7.5],
			"to": [4.5, 10, 8.5],
			"rotation": {"angle": 0, "axis": "y", "origin": [8, 5.25, 7.51903]},
			"faces": {
				"north": {"uv": [5, 4, 5, 7.5], "texture": "#5"},
				"east": {"uv": [4, 2, 3, 5.5], "texture": "#5"},
				"south": {"uv": [3, 2, 3, 5.5], "texture": "#5"},
				"west": {"uv": [4, 2, 3, 5.5], "texture": "#5"},
				"up": {"uv": [3, 2, 3, 3], "texture": "#5"},
				"down": {"uv": [3, 2, 3, 3], "texture": "#5"}
			}
		},
		{
			"name": "handle",
			"from": [4.5, 9, 7.5],
			"to": [11.5, 10, 8.5],
			"rotation": {"angle": 0, "axis": "y", "origin": [8, 5.25, 7.51903]},
			"faces": {
				"north": {"uv": [12, 4, 5, 5], "texture": "#8"},
				"east": {"uv": [4, 2, 3, 3], "texture": "#8"},
				"south": {"uv": [10, 2, 3, 3], "texture": "#8"},
				"west": {"uv": [4, 2, 3, 3], "texture": "#8"},
				"up": {"uv": [10, 2, 3, 3], "texture": "#8"},
				"down": {"uv": [10, 2, 3, 3], "texture": "#8"}
			}
		},
		{
			"name": "handleside",
			"from": [11.5, 6.5, 7.5],
			"to": [11.5, 10, 8.5],
			"rotation": {"angle": 0, "axis": "y", "origin": [8, 5.25, 7.51903]},
			"faces": {
				"north": {"uv": [5, 4, 5, 7.5], "texture": "#5"},
				"east": {"uv": [3, 2, 4, 5.5], "texture": "#5"},
				"south": {"uv": [3, 2, 3, 5.5], "texture": "#5"},
				"west": {"uv": [3, 2, 4, 5.5], "texture": "#5"},
				"up": {"uv": [3, 2, 3, 3], "texture": "#5"},
				"down": {"uv": [3, 2, 3, 3], "texture": "#5"}
			}
		},
		{
			"from": [5.5, 1.5, 5.5],
			"to": [10.5, 5.5, 10.5],
			"faces": {
				"north": {"uv": [6.5, 6, 9, 8], "texture": "#7"},
				"east": {"uv": [6.5, 6, 9, 8], "texture": "#7"},
				"south": {"uv": [6.5, 6, 9, 8], "texture": "#7"},
				"west": {"uv": [6.5, 6, 9, 8], "texture": "#7"},
				"up": {"uv": [4, 1, 11, 9], "texture": "#7"},
				"down": {"uv": [6.5, 6, 9, 8.5], "texture": "#7"}
			}
		},
		{
			"name": "leg3",
			"from": [9.15779, 6.52908, 4.09427],
			"to": [10.58459, 6.52908, 6.47227],
			"rotation": {"angle": 0, "axis": "x", "origin": [9.87119, 6.08512, 6.32185]},
			"faces": {
				"north": {"uv": [2, 3.25, 1.25, 3.25], "rotation": 180, "texture": "#6"},
				"east": {"uv": [0.5, 3.25, 0.5, 4.5], "rotation": 270, "texture": "#6"},
				"south": {"uv": [1.25, 3.25, 0.5, 3.25], "texture": "#6"},
				"west": {"uv": [1.25, 3.25, 1.25, 4.5], "rotation": 90, "texture": "#6"},
				"up": {"uv": [0.5, 3.25, 1.25, 4.5], "rotation": 180, "texture": "#6"},
				"down": {"uv": [1.25, 3.25, 2, 4.5], "texture": "#6"}
			}
		},
		{
			"name": "leg4",
			"from": [5.41541, 6.52908, 4.09427],
			"to": [6.84221, 6.52908, 6.47227],
			"rotation": {"angle": 0, "axis": "x", "origin": [6.12881, 6.08512, 6.32185]},
			"faces": {
				"north": {"uv": [1.25, 3.25, 2, 3.25], "rotation": 180, "texture": "#6"},
				"east": {"uv": [1.25, 4.5, 1.25, 3.25], "rotation": 90, "texture": "#6"},
				"south": {"uv": [0.5, 3.25, 1.25, 3.25], "texture": "#6"},
				"west": {"uv": [0.5, 4.5, 0.5, 3.25], "rotation": 270, "texture": "#6"},
				"up": {"uv": [1.25, 3.25, 0.5, 4.5], "rotation": 180, "texture": "#6"},
				"down": {"uv": [2, 3.25, 1.25, 4.5], "texture": "#6"}
			}
		},
		{
			"name": "body",
			"from": [6.15, 6.15304, 6.22161],
			"to": [9.85, 8.05544, 10.97761],
			"rotation": {"angle": 45, "axis": "x", "origin": [8.0524, 6.95934, 6.1218]},
			"faces": {
				"north": {"uv": [2.5, 5.25, 4.5, 6.25], "texture": "#6"},
				"east": {"uv": [0, 5.25, 2.5, 6.25], "texture": "#6"},
				"south": {"uv": [7, 5.25, 9, 6.25], "texture": "#6"},
				"west": {"uv": [4.5, 5.25, 7, 6.25], "texture": "#6"},
				"up": {"uv": [4.5, 5.25, 2.5, 2.75], "texture": "#6"},
				"down": {"uv": [6.5, 2.75, 4.5, 5.25], "texture": "#6"}
			}
		},
		{
			"name": "body",
			"from": [7.96879, 6.15304, 6.69721],
			"to": [7.96879, 8.53104, 10.97761],
			"rotation": {"angle": 45, "axis": "x", "origin": [7.96879, 6.95934, 6.1218]},
			"faces": {
				"north": {"uv": [2.75, 6.5, 2.75, 7.75], "texture": "#6"},
				"east": {"uv": [0.5, 6.5, 2.75, 7.75], "texture": "#6"},
				"south": {"uv": [5, 6.5, 5, 7.75], "texture": "#6"},
				"west": {"uv": [2.75, 6.5, 0.5, 7.75], "texture": "#6"},
				"up": {"uv": [2.75, 6.5, 2.75, 4.25], "texture": "#6"},
				"down": {"uv": [2.75, 4.25, 2.75, 6.5], "texture": "#6"}
			}
		},
		{
			"name": "head",
			"from": [6.06639, 6.7524, 2.984],
			"to": [9.87119, 9.1304, 5.362],
			"rotation": {"angle": 22.5, "axis": "x", "origin": [7.96879, 3.8414, 4.4354]},
			"faces": {
				"north": {"uv": [1.25, 1.5, 3.25, 2.75], "texture": "#6"},
				"east": {"uv": [0, 1.5, 1.25, 2.75], "texture": "#6"},
				"south": {"uv": [4.5, 1.5, 6.5, 2.75], "texture": "#6"},
				"west": {"uv": [3.25, 1.5, 4.5, 2.75], "texture": "#6"},
				"up": {"uv": [3.25, 1.5, 1.25, 0.25], "texture": "#6"},
				"down": {"uv": [5.25, 0.25, 3.25, 1.5], "texture": "#6"}
			}
		},
		{
			"name": "top_gills",
			"from": [6.06639, 8.59539, 6.80408],
			"to": [9.87119, 10.02219, 6.80408],
			"rotation": {"angle": 0, "axis": "x", "origin": [7.96879, 8.3943, 6.73909]},
			"faces": {
				"north": {"uv": [0.75, 9.25, 2.75, 10], "texture": "#6"},
				"east": {"uv": [0.75, 9.25, 0.75, 10], "texture": "#6"},
				"south": {"uv": [2.75, 9.25, 0.75, 10], "texture": "#6"},
				"west": {"uv": [2.75, 9.25, 2.75, 10], "texture": "#6"},
				"up": {"uv": [2.75, 9.25, 0.75, 9.25], "texture": "#6"},
				"down": {"uv": [4.75, 9.25, 2.75, 9.25], "texture": "#6"}
			}
		},
		{
			"name": "right_gills",
			"from": [4.63959, 6.23151, 6.60308],
			"to": [6.06639, 9.56071, 6.60308],
			"rotation": {"angle": -22.5, "axis": "y", "origin": [6.17299, 7.89611, 6.60308]},
			"faces": {
				"north": {"uv": [2.75, 10, 3.5, 11.75], "texture": "#6"},
				"east": {"uv": [2.75, 10, 2.75, 11.75], "texture": "#6"},
				"south": {"uv": [3.5, 10, 2.75, 11.75], "texture": "#6"},
				"west": {"uv": [3.5, 10, 3.5, 11.75], "texture": "#6"},
				"up": {"uv": [3.5, 10, 2.75, 10], "texture": "#6"},
				"down": {"uv": [4.25, 10, 3.5, 10], "texture": "#6"}
			}
		},
		{
			"name": "right_gills",
			"from": [9.93361, 6.23151, 6.60308],
			"to": [11.36041, 9.56071, 6.60308],
			"rotation": {"angle": 22.5, "axis": "y", "origin": [9.82701, 7.89611, 6.60308]},
			"faces": {
				"north": {"uv": [3.5, 10, 2.75, 11.75], "texture": "#6"},
				"east": {"uv": [3.5, 10, 3.5, 11.75], "texture": "#6"},
				"south": {"uv": [2.75, 10, 3.5, 11.75], "texture": "#6"},
				"west": {"uv": [2.75, 10, 2.75, 11.75], "texture": "#6"},
				"up": {"uv": [2.75, 10, 3.5, 10], "texture": "#6"},
				"down": {"uv": [3.5, 10, 4.25, 10], "texture": "#6"}
			}
		}
	],
	"display": {
		"thirdperson_righthand": {
			"rotation": [-112, -180, -180],
			"translation": [0, -3, -1],
			"scale": [0.9, 0.9, 0.9]
		},
		"thirdperson_lefthand": {
			"rotation": [-112, -180, -180],
			"translation": [0, -3, -1],
			"scale": [0.9, 0.9, 0.9]
		},
		"firstperson_righthand": {
			"rotation": [355, 20, 5],
			"translation": [1.5, 2.75, 0],
			"scale": [0.6, 0.6, 0.6]
		},
		"firstperson_lefthand": {
			"rotation": [355, 200, 355],
			"translation": [1.5, 2.75, 0],
			"scale": [0.6, 0.6, 0.6]
		},
		"ground": {
			"translation": [0, 4, 0]
		},
		"gui": {
			"rotation": [30, 225, 0],
			"translation": [0, 3.5, 0],
			"scale": [1.1, 1.1, 1.1]
		},
		"fixed": {
			"rotation": [-90, 0, 0],
			"translation": [0, 0.25, -14],
			"scale": [2, 2, 2]
		}
	},
	"groups": [
		0,
		1,
		2,
		3,
		4,
		5,
		6,
		7,
		8,
		{
			"name": "axolotl",
			"origin": [0.58879, 0, 0],
			"color": 0,
			"children": [
				{
					"name": "leg3",
					"origin": [-2.91121, 5, -4],
					"color": 0,
					"children": [9]
				},
				{
					"name": "leg3",
					"origin": [-2.91121, 5, -4],
					"color": 0,
					"children": [10]
				},
				{
					"name": "body",
					"origin": [0.58879, 6, 4],
					"color": 0,
					"children": [11, 12]
				},
				{
					"name": "head",
					"origin": [0.58879, 6, -5],
					"color": 0,
					"children": [
						13,
						{
							"name": "top_gills",
							"origin": [0.58879, 9, -6],
							"color": 0,
							"children": [14]
						},
						{
							"name": "right_gills",
							"origin": [4.58879, 6, -6],
							"color": 0,
							"children": [15]
						},
						{
							"name": "right_gills",
							"origin": [4.58879, 6, -6],
							"color": 0,
							"children": [16]
						}
					]
				}
			]
		}
	]
}