{
	"credit": "Made with Love by Harklllous",
	"texture_size": [128, 128],
	"textures": {
		"0": "entity/chest/normal",
		"1": "texture_cart",
		"2": "block/target_side",
		"particle": "entity/chest/normal"
	},
	"elements": [
		{
			"from": [22, 0, -2],
			"to": [25, 14, 30],
			"faces": {
				"north": {"uv": [10.125, 4.5, 10.5, 6.25], "texture": "#1"},
				"east": {"uv": [0, 4, 4, 5.75], "texture": "#1"},
				"south": {"uv": [10.125, 8, 10.5, 9.75], "texture": "#1"},
				"west": {"uv": [4, 4, 8, 5.75], "texture": "#1"},
				"up": {"uv": [7.125, 13.5, 6.75, 9.5], "texture": "#1"},
				"down": {"uv": [7.5, 9.5, 7.125, 13.5], "texture": "#1"}
			}
		},
		{
			"from": [-5, 0, -2],
			"to": [21, 3, 30],
			"faces": {
				"north": {"uv": [9.75, 6.5, 13, 6.875], "texture": "#1"},
				"east": {"uv": [9.75, 1.75, 13.75, 2.125], "texture": "#1"},
				"south": {"uv": [9.75, 6.875, 13, 7.25], "texture": "#1"},
				"west": {"uv": [9.75, 2.125, 13.75, 2.5], "texture": "#1"},
				"up": {"uv": [3.25, 4, 0, 0], "texture": "#1"},
				"down": {"uv": [6.5, 0, 3.25, 4], "texture": "#1"}
			}
		},
		{
			"from": [21, 0, -2],
			"to": [22, 3, 30],
			"faces": {
				"north": {"uv": [9.75, 6.5, 9.875, 6.875], "texture": "#1"},
				"east": {"uv": [9.75, 1.75, 13.75, 2.125], "texture": "#1"},
				"south": {"uv": [9.75, 6.5, 9.875, 6.875], "texture": "#1"},
				"west": {"uv": [9.75, 2.125, 13.75, 2.5], "texture": "#1"},
				"up": {"uv": [6.375, 4, 6.5, 0], "texture": "#1"},
				"down": {"uv": [6.5, 0, 6.375, 4], "texture": "#1"}
			}
		},
		{
			"from": [-6, 0, -2],
			"to": [-5, 3, 30],
			"faces": {
				"north": {"uv": [9.75, 6.5, 9.875, 6.875], "texture": "#1"},
				"east": {"uv": [9.75, 1.75, 13.75, 2.125], "texture": "#1"},
				"south": {"uv": [9.75, 6.5, 9.875, 6.875], "texture": "#1"},
				"west": {"uv": [9.75, 2.125, 13.75, 2.5], "texture": "#1"},
				"up": {"uv": [0, 4, 0.125, 0], "texture": "#1"},
				"down": {"uv": [6.5, 0, 6.375, 4], "texture": "#1"}
			}
		},
		{
			"from": [-5, 6, 24],
			"to": [21, 10, 30],
			"faces": {
				"north": {"uv": [9.75, 0.75, 13, 1.25], "texture": "#1"},
				"east": {"uv": [6.5, 2.75, 7.25, 3.25], "texture": "#1"},
				"south": {"uv": [9.75, 1.25, 13, 1.75], "texture": "#1"},
				"west": {"uv": [6.5, 3.25, 7.25, 3.75], "texture": "#1"},
				"up": {"uv": [6.75, 10.25, 3.5, 9.5], "texture": "#1"},
				"down": {"uv": [13, 0, 9.75, 0.75], "texture": "#1"}
			}
		},
		{
			"from": [-6, 6, 24],
			"to": [-5, 10, 30],
			"faces": {
				"north": {"uv": [9.75, 0.75, 13, 1.25], "texture": "#1"},
				"east": {"uv": [6.5, 2.75, 7.25, 3.25], "texture": "#1"},
				"south": {"uv": [9.875, 1.25, 10, 1.75], "texture": "#1"},
				"west": {"uv": [6.5, 3.25, 7.25, 3.75], "texture": "#1"},
				"up": {"uv": [3.75, 10.25, 3.625, 9.5], "texture": "#1"},
				"down": {"uv": [10, 0, 9.875, 0.75], "texture": "#1"}
			}
		},
		{
			"from": [21, 6, 24],
			"to": [22, 10, 30],
			"faces": {
				"north": {"uv": [9.75, 0.75, 13, 1.25], "texture": "#1"},
				"east": {"uv": [6.5, 2.75, 7.25, 3.25], "texture": "#1"},
				"south": {"uv": [9.875, 1.25, 10, 1.75], "texture": "#1"},
				"west": {"uv": [6.5, 3.25, 7.25, 3.75], "texture": "#1"},
				"up": {"uv": [3.75, 10.25, 3.625, 9.5], "texture": "#1"},
				"down": {"uv": [10, 0, 9.875, 0.75], "texture": "#1"}
			}
		},
		{
			"from": [-5, 3, 21],
			"to": [21, 14, 24],
			"faces": {
				"north": {"uv": [6.5, 0, 9.75, 1.375], "texture": "#1"},
				"east": {"uv": [3.875, 10.25, 4.25, 11.625], "texture": "#1"},
				"south": {"uv": [6.5, 1.375, 9.75, 2.75], "texture": "#1"},
				"west": {"uv": [4.25, 10.25, 4.625, 11.625], "texture": "#1"},
				"up": {"uv": [13, 7.625, 9.75, 7.25], "texture": "#1"},
				"down": {"uv": [13, 7.625, 9.75, 8], "texture": "#1"}
			}
		},
		{
			"from": [-6, 3, 21],
			"to": [-5, 14, 24],
			"faces": {
				"north": {"uv": [9.625, 0, 9.75, 1.375], "texture": "#1"},
				"east": {"uv": [3.875, 10.25, 4.25, 11.625], "texture": "#1"},
				"south": {"uv": [6.5, 1.375, 6.625, 2.75], "texture": "#1"},
				"west": {"uv": [4.25, 10.25, 4.625, 11.625], "texture": "#1"},
				"up": {"uv": [9.75, 7.625, 9.875, 7.25], "texture": "#1"},
				"down": {"uv": [13, 7.625, 9.75, 8], "texture": "#1"}
			}
		},
		{
			"from": [21, 3, 21],
			"to": [22, 14, 24],
			"faces": {
				"north": {"uv": [9.625, 0, 9.75, 1.375], "texture": "#1"},
				"east": {"uv": [3.875, 10.25, 4.25, 11.625], "texture": "#1"},
				"south": {"uv": [6.5, 1.375, 6.625, 2.75], "texture": "#1"},
				"west": {"uv": [4.25, 10.25, 4.625, 11.625], "texture": "#1"},
				"up": {"uv": [9.75, 7.625, 9.875, 7.25], "texture": "#1"},
				"down": {"uv": [13, 7.625, 9.75, 8], "texture": "#1"}
			}
		},
		{
			"from": [-9, 0, -2],
			"to": [-6, 14, 30],
			"faces": {
				"north": {"uv": [10.125, 9.75, 10.5, 11.5], "texture": "#1"},
				"east": {"uv": [0, 5.75, 4, 7.5], "texture": "#1"},
				"south": {"uv": [3.5, 10.25, 3.875, 12], "texture": "#1"},
				"west": {"uv": [4, 5.75, 8, 7.5], "texture": "#1"},
				"up": {"uv": [7.875, 13.5, 7.5, 9.5], "texture": "#1"},
				"down": {"uv": [10.125, 2.5, 9.75, 6.5], "texture": "#1"}
			}
		},
		{
			"from": [-6, 12, 7],
			"to": [8, 16, 21],
			"faces": {
				"north": {"uv": [10.5, 3.5, 14, 4.75], "rotation": 180, "texture": "#0"},
				"east": {"uv": [0, 3.5, 3.5, 4.75], "texture": "#0"},
				"south": {"uv": [3.5, 3.5, 7, 4.75], "texture": "#0"},
				"west": {"uv": [7, 3.5, 10.5, 4.75], "texture": "#0"},
				"up": {"uv": [7, 8.25, 3.5, 4.75], "rotation": 180, "texture": "#0"},
				"down": {"uv": [10.5, 4.75, 7, 8.25], "texture": "#0"}
			}
		},
		{
			"from": [0.1, 10.1, 6.1],
			"to": [1.9, 13.9, 6.9],
			"faces": {
				"north": {"uv": [1, 0.25, 1.5, 1.25], "rotation": 180, "texture": "#0"},
				"east": {"uv": [1, 0.25, 1.25, 1.25], "rotation": 180, "texture": "#0"},
				"south": {"uv": [0.5, 0.25, 1, 1.25], "rotation": 180, "texture": "#0"},
				"west": {"uv": [1, 0.25, 1.25, 1.25], "rotation": 180, "texture": "#0"},
				"up": {"uv": [1.25, 0.25, 0.75, 0], "texture": "#0"},
				"down": {"uv": [1, 0.25, 0.5, 0.5], "texture": "#0"}
			}
		},
		{
			"from": [-5.9, 3.1, 7.1],
			"to": [7.9, 12.9, 20.9],
			"faces": {
				"north": {"uv": [10.5, 8.25, 14, 10.75], "rotation": 180, "texture": "#0"},
				"east": {"uv": [0, 8.25, 3.5, 10.75], "rotation": 180, "texture": "#0"},
				"south": {"uv": [3.5, 8.25, 7, 10.75], "rotation": 180, "texture": "#0"},
				"west": {"uv": [7, 8.25, 10.5, 10.75], "rotation": 180, "texture": "#0"},
				"up": {"uv": [16, 16, 0, 0], "texture": "#0"},
				"down": {"uv": [7, 8.25, 3.5, 4.75], "rotation": 180, "texture": "#0"}
			}
		},
		{
			"from": [8, 3, 7],
			"to": [22, 10, 21],
			"faces": {
				"north": {"uv": [14.25, 3.75, 16, 4.625], "texture": "#1"},
				"east": {"uv": [14.25, 3.75, 16, 4.625], "texture": "#1"},
				"south": {"uv": [14.25, 3.75, 16, 4.625], "texture": "#1"},
				"west": {"uv": [14.25, 3.75, 16, 4.625], "texture": "#1"},
				"up": {"uv": [12.375, 3.75, 14.125, 5.5], "texture": "#1"},
				"down": {"uv": [12.375, 3.75, 14.125, 5.5], "texture": "#1"}
			}
		},
		{
			"from": [3.01, -7.99, -2.99],
			"to": [12.99, 1.99, -1.01],
			"faces": {
				"north": {"uv": [3, 3, 13, 13], "texture": "#2"},
				"east": {"uv": [2, 3, 4, 13], "texture": "#2"},
				"south": {"uv": [3, 3, 13, 13], "texture": "#2"},
				"west": {"uv": [12, 3, 14, 13], "texture": "#2"},
				"up": {"uv": [3, 2, 13, 4], "texture": "#2"},
				"down": {"uv": [3, 12, 13, 14], "texture": "#2"}
			}
		}
	],
	"display": {
		"thirdperson_righthand": {
			"rotation": [75, 45, 0],
			"translation": [0, 2.5, 0],
			"scale": [0.375, 0.375, 0.375]
		},
		"thirdperson_lefthand": {
			"rotation": [75, 45, 0],
			"translation": [0, 2.5, 0],
			"scale": [0.375, 0.375, 0.375]
		},
		"firstperson_righthand": {
			"rotation": [0, 45, 0],
			"scale": [0.4, 0.4, 0.4]
		},
		"firstperson_lefthand": {
			"rotation": [0, 225, 0],
			"scale": [0.4, 0.4, 0.4]
		},
		"ground": {
			"translation": [0, 3, 0],
			"scale": [0.25, 0.25, 0.25]
		},
		"gui": {
			"rotation": [30, 225, 0],
			"translation": [1, 0, 0],
			"scale": [0.35, 0.35, 0.35]
		},
		"head": {
			"rotation": [0, -180, 0],
			"translation": [0, 1, 32.5],
			"scale": [2, 2, 2]
		},
		"fixed": {
			"scale": [0.5, 0.5, 0.5]
		}
	},
	"groups": [
		{
			"name": "group",
			"origin": [8, 8, 8],
			"children": [0, 1, 2, 3, 4, 5, 6,
				{
					"name": "group",
					"origin": [0, 0, 0],
					"children": []
				}, 7, 8, 9, 10,
				{
					"name": "group",
					"origin": [8, 8, 8],
					"children": [11, 12, 13]
				}, 14, 15]
		}
	]
}