{
	"credit": "Made with Love by Harklllous",
	"texture_size": [128, 128],
	"textures": {
		"1": "texture_cart",
		"particle": "entity/chest/normal"
	},
	"elements": [
		{
			"from": [25.001, 0, 0],
			"to": [28.001, 16, 16],
			"faces": {
				"north": {"uv": [9, 9.75, 9.375, 11.75], "texture": "#1"},
				"east": {"uv": [4, 7.5, 6, 9.5], "texture": "#1"},
				"south": {"uv": [9.375, 9.75, 9.75, 11.75], "texture": "#1"},
				"west": {"uv": [6, 7.5, 8, 9.5], "texture": "#1"},
				"up": {"uv": [10.125, 12, 9.75, 10], "texture": "#1"},
				"down": {"uv": [10.5, 2.5, 10.125, 4.5], "texture": "#1"}
			}
		},
		{
			"from": [-12.001, 0, 0],
			"to": [-9.001, 16, 16],
			"rotation": {"angle": 0, "axis": "y", "origin": [-9.5, -2, 14]},
			"faces": {
				"north": {"uv": [7.875, 9.75, 8.25, 11.75], "texture": "#1"},
				"east": {"uv": [0, 7.5, 2, 9.5], "texture": "#1"},
				"south": {"uv": [9.75, 8, 10.125, 10], "texture": "#1"},
				"west": {"uv": [2, 7.5, 4, 9.5], "texture": "#1"},
				"up": {"uv": [8.625, 11.75, 8.25, 9.75], "texture": "#1"},
				"down": {"uv": [9, 9.75, 8.625, 11.75], "texture": "#1"}
			}
		}
	],
	"display": {
		"thirdperson_righthand": {
			"rotation": [75, 45, 0],
			"translation": [0, 2.5, 0],
			"scale": [0.375, 0.375, 0.375]
		},
		"thirdperson_lefthand": {
			"rotation": [75, 45, 0],
			"translation": [0, 2.5, 0],
			"scale": [0.375, 0.375, 0.375]
		},
		"firstperson_righthand": {
			"rotation": [0, 45, 0],
			"scale": [0.4, 0.4, 0.4]
		},
		"firstperson_lefthand": {
			"rotation": [0, 225, 0],
			"scale": [0.4, 0.4, 0.4]
		},
		"ground": {
			"translation": [0, 3, 0],
			"scale": [0.25, 0.25, 0.25]
		},
		"gui": {
			"rotation": [30, 225, 0],
			"scale": [0.625, 0.625, 0.625]
		},
		"head": {
			"rotation": [0, -180, 0],
			"translation": [0, -5.25, 0],
			"scale": [2, 2, 2]
		},
		"fixed": {
			"scale": [0.5, 0.5, 0.5]
		}
	},
	"groups": [
		{
			"name": "group",
			"origin": [8, 8, 8],
			"children": [0, 1]
		}
	]
}