{
    "parent": "minecraft:block/carved_pumpkin",
    "overrides": [
        {"predicate": {"custom_model_data":626301},"model": "ercerus:hat/orange_fox"},
        {"predicate": {"custom_model_data":626302},"model": "ercerus:hat/blue_fox"},
        {"predicate": {"custom_model_data":626303},"model": "ercerus:hat/camera"},
		{"predicate": {"custom_model_data":626304},"model": "minecraft:block/glass"},
		{"predicate": {"custom_model_data":626305},"model": "ercerus:hat/flower/dandelion"},
		{"predicate": {"custom_model_data":626306},"model": "ercerus:hat/flower/poppy"},
		{"predicate": {"custom_model_data":626307},"model": "ercerus:hat/flower/blue_orchid"},
		{"predicate": {"custom_model_data":626308},"model": "ercerus:hat/flower/allium"},
		{"predicate": {"custom_model_data":626309},"model": "ercerus:hat/flower/azure_bluet"},
		{"predicate": {"custom_model_data":6263010},"model": "ercerus:hat/flower/red_tulip"},
		{"predicate": {"custom_model_data":6263011},"model": "ercerus:hat/flower/orange_tulip"},
		{"predicate": {"custom_model_data":6263012},"model": "ercerus:hat/flower/white_tulip"},
		{"predicate": {"custom_model_data":6263013},"model": "ercerus:hat/flower/pink_tulip"},
		{"predicate": {"custom_model_data":6263014},"model": "ercerus:hat/flower/oxeye_daisy"},
		{"predicate": {"custom_model_data":6263015},"model": "ercerus:hat/flower/cornflower"},
		{"predicate": {"custom_model_data":6263016},"model": "ercerus:hat/flower/lily_of_the_valley"},
		{"predicate": {"custom_model_data":6263017},"model": "ercerus:hat/flower/wither_rose"},
		{"predicate": {"custom_model_data":6263018},"model": "ercerus:hat/flower/rose"},
		{"predicate": {"custom_model_data":6263019},"model": "ercerus:hat/flower/blue_rose"},
		{"predicate": {"custom_model_data":6263020},"model": "ercerus:hat/flower/dead_bush"},
		{"predicate": {"custom_model_data":6263021},"model": "ercerus:hat/farmer"},
		{"predicate": {"custom_model_data":6263022},"model": "ercerus:hat/snow_fox"},
		{"predicate": {"custom_model_data":6263023},"model": "ercerus:hat/golden_fox"},
		{"predicate": {"custom_model_data":6263023},"model": "ercerus:hat/golden_fox"},
		{"predicate": {"custom_model_data":6263024},"model": "ercerus:hat/headphones"},
		{"predicate": {"custom_model_data":6263025},"model": "ercerus:hat/number_one"},
		{"predicate": {"custom_model_data":6263026},"model": "ercerus:hat/antenna"},
		{"predicate": {"custom_model_data":6263027},"model": "ercerus:hat/cylinder"},
		{"predicate": {"custom_model_data":6263028},"model": "ercerus:hat/crown"},
		{"predicate": {"custom_model_data":6263029},"model": "ercerus:hat/bunny_ears"},
		{"predicate": {"custom_model_data":6263030},"model": "ercerus:hat/normal_squid"},
		{"predicate": {"custom_model_data":6263031},"model": "ercerus:hat/glow_squid"},
		{"predicate": {"custom_model_data":6263032},"model": "ercerus:hat/halo"},
		{"predicate": {"custom_model_data":6263033},"model": "ercerus:hat/googles"},
		{"predicate": {"custom_model_data":6263034},"model": "ercerus:hat/gears"},
		{"predicate": {"custom_model_data":6263035},"model": "ercerus:hat/iron_pickaxe"},
		{"predicate": {"custom_model_data":6263036},"model": "ercerus:hat/windmill"},
		{"predicate": {"custom_model_data":6263037},"model": "ercerus:hat/white_western"},
		{"predicate": {"custom_model_data":6263038},"model": "ercerus:hat/brown_western"},
		{"predicate": {"custom_model_data":6263039},"model": "ercerus:hat/black_western"},
		{"predicate": {"custom_model_data":6263040},"model": "ercerus:hat/miner"},
		{"predicate": {"custom_model_data":6263041},"model": "ercerus:hat/chicken"},
		{"predicate": {"custom_model_data":6263042},"model": "ercerus:hat/purple_magical"},
		{"predicate": {"custom_model_data":6263043},"model": "ercerus:hat/black_magical"},
		{"predicate": {"custom_model_data":6263044},"model": "ercerus:hat/antler"},
		{"predicate": {"custom_model_data":6263045},"model": "ercerus:hat/christmas"},
		{"predicate": {"custom_model_data":6263046},"model": "ercerus:hat/bat_ears"},
		{"predicate": {"custom_model_data":6263047},"model": "ercerus:hat/vengeful_heart_of_ender"},
		{"predicate": {"custom_model_data":6263048},"model": "ercerus:hat/bular"},
		{"predicate": {"custom_model_data":6263049},"model": "ercerus:hat/shulker_shell"},
		{"predicate": {"custom_model_data": 6263050}, "model": "item/gworms"},
		{"predicate": {"custom_model_data": 6263051}, "model": "item/magma_ball"},
		{"predicate": {"custom_model_data": 6263052}, "model": "item/wormtail"},
		{"predicate": {"custom_model_data": 6263053}, "model": "item/ghastskull"}
    ]
}

