{
	"parent": "item/bucket",
	"texture_size": [32, 32],
	"textures": {
		"5": "block/anvil_bucket",
		"6": "block/cod1",
		"7": "block/water",
		"8": "block/stripped_spruce_log",
		"particle": "block/iron_block"
	},
	"elements": [
		{
			"name": "front",
			"from": [5.5, 0.5, 4.5],
			"to": [10.5, 6.5, 5.5],
			"rotation": {"angle": 0, "axis": "y", "origin": [8, 5.25, 7.51903]},
			"faces": {
				"north": {"uv": [9, 3, 4, 9], "texture": "#5"},
				"east": {"uv": [4, 2, 3, 8], "texture": "#5"},
				"south": {"uv": [9, 3, 4, 9], "texture": "#5"},
				"west": {"uv": [4, 2, 3, 8], "texture": "#5"},
				"up": {"uv": [8, 2, 3, 3], "texture": "#5"},
				"down": {"uv": [8, 2, 3, 3], "texture": "#5"}
			}
		},
		{
			"name": "back",
			"from": [5.5, 0.5, 10.5],
			"to": [10.5, 6.5, 11.5],
			"rotation": {"angle": 0, "axis": "y", "origin": [8, 5.25, 7.51903]},
			"faces": {
				"north": {"uv": [5, 4, 10, 10], "texture": "#5"},
				"east": {"uv": [3, 2, 4, 8], "texture": "#5"},
				"south": {"uv": [3, 2, 8, 8], "texture": "#5"},
				"west": {"uv": [3, 2, 4, 8], "texture": "#5"},
				"up": {"uv": [8, 3, 3, 2], "texture": "#5"},
				"down": {"uv": [8, 3, 3, 2], "texture": "#5"}
			}
		},
		{
			"name": "side",
			"from": [10.5, 0.5, 5.5],
			"to": [11.5, 6.5, 10.5],
			"rotation": {"angle": 0, "axis": "y", "origin": [8, 5.25, 7.51903]},
			"faces": {
				"north": {"uv": [5, 4, 6, 10], "texture": "#5"},
				"east": {"uv": [3, 2, 8, 8], "texture": "#5"},
				"south": {"uv": [3, 2, 4, 8], "texture": "#5"},
				"west": {"uv": [3, 2, 8, 8], "texture": "#5"},
				"up": {"uv": [3, 2, 4, 7], "texture": "#5"},
				"down": {"uv": [3, 2, 4, 7], "texture": "#5"}
			}
		},
		{
			"name": "side",
			"from": [4.5, 0.5, 5.5],
			"to": [5.5, 6.5, 10.5],
			"rotation": {"angle": 0, "axis": "y", "origin": [8, 5.25, 7.51903]},
			"faces": {
				"north": {"uv": [6, 4, 5, 10], "texture": "#5"},
				"east": {"uv": [8, 2, 3, 8], "texture": "#5"},
				"south": {"uv": [4, 2, 3, 8], "texture": "#5"},
				"west": {"uv": [8, 2, 3, 8], "texture": "#5"},
				"up": {"uv": [4, 2, 3, 7], "texture": "#5"},
				"down": {"uv": [4, 2, 3, 7], "texture": "#5"}
			}
		},
		{
			"name": "bottom",
			"from": [5.5, 0.5, 5.53806],
			"to": [10.5, 1.5, 10.53806],
			"rotation": {"angle": 0, "axis": "y", "origin": [8, 5.25, 7.51903]},
			"faces": {
				"north": {"uv": [8, 2, 3, 3], "texture": "#5"},
				"east": {"uv": [8, 2, 3, 3], "texture": "#5"},
				"south": {"uv": [10, 4, 5, 5], "texture": "#5"},
				"west": {"uv": [8, 2, 3, 3], "texture": "#5"},
				"up": {"uv": [8, 2, 3, 7], "rotation": 180, "texture": "#5"},
				"down": {"uv": [8, 2, 3, 7], "rotation": 180, "texture": "#5"}
			}
		},
		{
			"name": "handleside",
			"from": [4.5, 6.5, 7.5],
			"to": [4.5, 10, 8.5],
			"rotation": {"angle": 0, "axis": "y", "origin": [8, 5.25, 7.51903]},
			"faces": {
				"north": {"uv": [5, 4, 5, 7.5], "texture": "#5"},
				"east": {"uv": [4, 2, 3, 5.5], "texture": "#5"},
				"south": {"uv": [3, 2, 3, 5.5], "texture": "#5"},
				"west": {"uv": [4, 2, 3, 5.5], "texture": "#5"},
				"up": {"uv": [3, 2, 3, 3], "texture": "#5"},
				"down": {"uv": [3, 2, 3, 3], "texture": "#5"}
			}
		},
		{
			"name": "handle",
			"from": [4.5, 9, 7.5],
			"to": [11.5, 10, 8.5],
			"rotation": {"angle": 0, "axis": "y", "origin": [8, 5.25, 7.51903]},
			"faces": {
				"north": {"uv": [12, 4, 5, 5], "texture": "#8"},
				"east": {"uv": [4, 2, 3, 3], "texture": "#8"},
				"south": {"uv": [10, 2, 3, 3], "texture": "#8"},
				"west": {"uv": [4, 2, 3, 3], "texture": "#8"},
				"up": {"uv": [10, 2, 3, 3], "texture": "#8"},
				"down": {"uv": [10, 2, 3, 3], "texture": "#8"}
			}
		},
		{
			"name": "handleside",
			"from": [11.5, 6.5, 7.5],
			"to": [11.5, 10, 8.5],
			"rotation": {"angle": 0, "axis": "y", "origin": [8, 5.25, 7.51903]},
			"faces": {
				"north": {"uv": [5, 4, 5, 7.5], "texture": "#5"},
				"east": {"uv": [3, 2, 4, 5.5], "texture": "#5"},
				"south": {"uv": [3, 2, 3, 5.5], "texture": "#5"},
				"west": {"uv": [3, 2, 4, 5.5], "texture": "#5"},
				"up": {"uv": [3, 2, 3, 3], "texture": "#5"},
				"down": {"uv": [3, 2, 3, 3], "texture": "#5"}
			}
		},
		{
			"from": [5.5, 1.5, 5.5],
			"to": [10.5, 5.5, 10.5],
			"faces": {
				"north": {"uv": [6.5, 6, 9, 8], "texture": "#7"},
				"east": {"uv": [6.5, 6, 9, 8], "texture": "#7"},
				"south": {"uv": [6.5, 6, 9, 8], "texture": "#7"},
				"west": {"uv": [6.5, 6, 9, 8], "texture": "#7"},
				"up": {"uv": [4, 1, 11, 9], "texture": "#7"},
				"down": {"uv": [6.5, 6, 9, 8.5], "texture": "#7"}
			}
		},
		{
			"name": "tail",
			"from": [7.275, 7.15231, 10.52914],
			"to": [9.595, 7.15231, 12.84914],
			"rotation": {"angle": -22.5, "axis": "x", "origin": [8.5, 7.11174, 10.45226]},
			"faces": {
				"north": {"uv": [13, 3.5, 13, 5.5], "rotation": 90, "texture": "#6"},
				"east": {"uv": [13, 1.5, 13, 3.5], "rotation": 270, "texture": "#6"},
				"south": {"uv": [15, 3.5, 15, 5.5], "rotation": 270, "texture": "#6"},
				"west": {"uv": [13, 3.5, 13, 1.5], "rotation": 270, "texture": "#6"},
				"up": {"uv": [15, 3.5, 13, 5.5], "rotation": 270, "texture": "#6"},
				"down": {"uv": [13, 3.5, 15, 5.5], "rotation": 270, "texture": "#6"}
			}
		},
		{
			"name": "fin_back",
			"from": [6.695, 3.24316, 9.08847],
			"to": [7.275, 6.72316, 9.08847],
			"rotation": {"angle": 45, "axis": "x", "origin": [8, 5.86174, 8.95226]},
			"faces": {
				"north": {"uv": [16, 0, 13, 0.5], "rotation": 90, "texture": "#6"},
				"east": {"uv": [13, -3, 13, 0], "texture": "#6"},
				"south": {"uv": [13, 0, 16, 0.5], "rotation": 270, "texture": "#6"},
				"west": {"uv": [13, 0, 13, -3], "rotation": 180, "texture": "#6"},
				"up": {"uv": [16, 0, 16, 0.5], "rotation": 270, "texture": "#6"},
				"down": {"uv": [13, 0, 13, 0.5], "rotation": 270, "texture": "#6"}
			}
		},
		{
			"name": "nose",
			"from": [7.275, 1.50316, 8.50847],
			"to": [9.015, 2.08316, 9.66847],
			"rotation": {"angle": 45, "axis": "x", "origin": [8, 5.86174, 8.95226]},
			"faces": {
				"north": {"uv": [0, 0.5, 0.5, 2], "rotation": 90, "texture": "#6"},
				"east": {"uv": [2.5, 0, 1.5, 0.5], "texture": "#6"},
				"south": {"uv": [1.5, 0.5, 2, 2], "rotation": 270, "texture": "#6"},
				"west": {"uv": [1.5, 0.5, 0.5, 0], "rotation": 180, "texture": "#6"},
				"up": {"uv": [2, 0.5, 3, 2], "rotation": 270, "texture": "#6"},
				"down": {"uv": [0.5, 0.5, 1.5, 2], "rotation": 270, "texture": "#6"}
			}
		},
		{
			"name": "head",
			"from": [7.275, 2.08316, 8.50847],
			"to": [9.595, 3.82316, 9.66847],
			"rotation": {"angle": 45, "axis": "x", "origin": [8, 5.86174, 8.95226]},
			"faces": {
				"north": {"uv": [5.5, 1.5, 7, 3.5], "rotation": 90, "texture": "#6"},
				"east": {"uv": [9, 0, 8, 1.5], "texture": "#6"},
				"south": {"uv": [8, 1.5, 9.5, 3.5], "rotation": 270, "texture": "#6"},
				"west": {"uv": [8, 1.5, 7, 0], "rotation": 180, "texture": "#6"},
				"up": {"uv": [9.5, 1.5, 10.5, 3.5], "rotation": 270, "texture": "#6"},
				"down": {"uv": [7, 1.5, 8, 3.5], "rotation": 270, "texture": "#6"}
			}
		},
		{
			"name": "body",
			"from": [7.275, 3.82316, 8.50847],
			"to": [9.595, 7.88316, 9.66847],
			"rotation": {"angle": 45, "axis": "x", "origin": [8, 5.86174, 8.95226]},
			"faces": {
				"north": {"uv": [0, 3.5, 3.5, 5.5], "rotation": 90, "texture": "#6"},
				"east": {"uv": [5.5, 0, 4.5, 3.5], "texture": "#6"},
				"south": {"uv": [4.5, 3.5, 8, 5.5], "rotation": 270, "texture": "#6"},
				"west": {"uv": [4.5, 3.5, 3.5, 0], "rotation": 180, "texture": "#6"},
				"up": {"uv": [8, 3.5, 9, 5.5], "rotation": 270, "texture": "#6"},
				"down": {"uv": [3.5, 3.5, 4.5, 5.5], "rotation": 270, "texture": "#6"}
			}
		},
		{
			"name": "right_fin",
			"from": [9.015, 3.03605, 7.84847],
			"to": [9.015, 4.19605, 9.00847],
			"rotation": {"angle": 45, "axis": "x", "origin": [8, 6.36174, 9.45226]},
			"faces": {
				"north": {"uv": [12, 1.5, 13, 1.5], "rotation": 90, "texture": "#6"},
				"east": {"uv": [15, 0.5, 14, 1.5], "texture": "#6"},
				"south": {"uv": [14, 1.5, 15, 1.5], "rotation": 270, "texture": "#6"},
				"west": {"uv": [14, 1.5, 13, 0.5], "rotation": 180, "texture": "#6"},
				"up": {"uv": [15, 1.5, 16, 1.5], "rotation": 270, "texture": "#6"},
				"down": {"uv": [13, 1.5, 14, 1.5], "rotation": 270, "texture": "#6"}
			}
		},
		{
			"name": "left_fin",
			"from": [9.015, 3.03605, 10.16847],
			"to": [9.015, 4.19605, 11.32847],
			"rotation": {"angle": 45, "axis": "x", "origin": [8, 6.36174, 9.45226]},
			"faces": {
				"north": {"uv": [12, 3, 13, 3], "rotation": 90, "texture": "#6"},
				"east": {"uv": [15, 2, 14, 3], "texture": "#6"},
				"south": {"uv": [14, 3, 15, 3], "rotation": 270, "texture": "#6"},
				"west": {"uv": [14, 3, 13, 2], "rotation": 180, "texture": "#6"},
				"up": {"uv": [15, 3, 16, 3], "rotation": 270, "texture": "#6"},
				"down": {"uv": [13, 3, 14, 3], "rotation": 270, "texture": "#6"}
			}
		}
	],
	"display": {
		"thirdperson_righthand": {
			"rotation": [-112, 0, -180],
			"translation": [0, -3, -1],
			"scale": [0.9, 0.9, 0.9]
		},
		"thirdperson_lefthand": {
			"rotation": [-112, 0, -180],
			"translation": [0, -3, -1],
			"scale": [0.9, 0.9, 0.9]
		},
		"firstperson_righthand": {
			"rotation": [355, 20, 5],
			"translation": [1.5, 2.75, 0],
			"scale": [0.6, 0.6, 0.6]
		},
		"firstperson_lefthand": {
			"rotation": [355, 200, 355],
			"translation": [1.5, 2.75, 0],
			"scale": [0.6, 0.6, 0.6]
		},
		"ground": {
			"translation": [0, 4, 0]
		},
		"gui": {
			"rotation": [30, 225, 0],
			"translation": [0, 3.5, 0],
			"scale": [1.1, 1.1, 1.1]
		},
		"fixed": {
			"rotation": [-90, 0, 0],
			"translation": [0, 0.25, -14],
			"scale": [2, 2, 2]
		}
	},
	"groups": [
		0,
		1,
		2,
		3,
		4,
		5,
		6,
		7,
		8,
		{
			"name": "cod",
			"origin": [8, 0, 0],
			"color": 0,
			"children": [
				{
					"name": "tail",
					"origin": [8, 2, 7],
					"color": 0,
					"children": [9]
				},
				{
					"name": "fin_back",
					"origin": [8, 4, 0],
					"color": 0,
					"children": [10]
				},
				{
					"name": "nose",
					"origin": [8, 2, -3],
					"color": 0,
					"children": [11]
				},
				{
					"name": "head",
					"origin": [8, 2, 0],
					"color": 0,
					"children": [12]
				},
				{
					"name": "body",
					"origin": [8, 2, 0],
					"color": 0,
					"children": [
						13,
						{
							"name": "right_fin",
							"origin": [9, 1, 0],
							"rotation": [0, 0, -45],
							"color": 0,
							"children": [14]
						},
						{
							"name": "left_fin",
							"origin": [7, 1, 0],
							"rotation": [0, 0, 45],
							"color": 0,
							"children": [15]
						}
					]
				}
			]
		}
	]
}