{
	"credit": "Made with Blockbench",
	"textures": {
		"0": "item/compass_00",
		"particle": "item/compass_00"
	},
	"elements": [
		{
			"from": [5.5, 2.25, 7.5],
			"to": [8.5, 2.25, 8.5],
			"rotation": {"angle": 22.5, "axis": "y", "origin": [8, 2.25, 8]},
			"faces": {
				"north": {"uv": [0, 0, 3, 0], "texture": "#0"},
				"east": {"uv": [0, 0, 1, 0], "texture": "#0"},
				"south": {"uv": [0, 0, 3, 0], "texture": "#0"},
				"west": {"uv": [0, 0, 1, 0], "texture": "#0"},
				"up": {"uv": [2, 13, 3, 16], "rotation": 90, "texture": "#0"},
				"down": {"uv": [0, 0, 0, 0], "rotation": 270, "texture": "#0"}
			}
		},
		{
			"from": [5, 0, 5],
			"to": [11, 2, 11],
			"rotation": {"angle": 0, "axis": "y", "origin": [0, 0, -1]},
			"faces": {
				"north": {"uv": [0, 0, 6, 1], "texture": "#0"},
				"east": {"uv": [0, 0, 6, 1], "texture": "#0"},
				"south": {"uv": [0, 0, 6, 1], "texture": "#0"},
				"west": {"uv": [0, 0, 6, 1], "texture": "#0"},
				"up": {"uv": [1, 4, 7, 10], "texture": "#0"},
				"down": {"uv": [9, 4, 15, 10], "texture": "#0"}
			}
		},
		{
			"from": [4, 0, 4],
			"to": [5, 3, 12],
			"rotation": {"angle": 0, "axis": "y", "origin": [0, 0, -1]},
			"faces": {
				"north": {"uv": [7, 0, 8, 3], "texture": "#0"},
				"east": {"uv": [8, 0, 16, 3], "texture": "#0"},
				"south": {"uv": [0, 0, 1, 3], "texture": "#0"},
				"west": {"uv": [0, 0, 8, 3], "texture": "#0"},
				"up": {"uv": [0, 3, 1, 11], "texture": "#0"},
				"down": {"uv": [8, 3, 9, 11], "texture": "#0"}
			}
		},
		{
			"from": [5, 0, 4],
			"to": [11, 3, 5],
			"rotation": {"angle": 0, "axis": "y", "origin": [0, 0, -1]},
			"faces": {
				"north": {"uv": [1, 0, 7, 3], "texture": "#0"},
				"east": {"uv": [0, 0, 1, 3], "texture": "#0"},
				"south": {"uv": [9, 0, 15, 3], "texture": "#0"},
				"west": {"uv": [0, 0, 1, 3], "texture": "#0"},
				"up": {"uv": [1, 3, 7, 4], "texture": "#0"},
				"down": {"uv": [9, 10, 15, 11], "texture": "#0"}
			}
		},
		{
			"from": [5, 0, 11],
			"to": [11, 3, 12],
			"rotation": {"angle": 0, "axis": "y", "origin": [0, 0, -1]},
			"faces": {
				"north": {"uv": [9, 0, 15, 3], "texture": "#0"},
				"east": {"uv": [0, 0, 1, 3], "texture": "#0"},
				"south": {"uv": [1, 0, 7, 3], "texture": "#0"},
				"west": {"uv": [0, 0, 1, 3], "texture": "#0"},
				"up": {"uv": [1, 10, 7, 11], "texture": "#0"},
				"down": {"uv": [9, 3, 15, 4], "texture": "#0"}
			}
		},
		{
			"from": [11, 0, 4],
			"to": [12, 3, 12],
			"rotation": {"angle": 0, "axis": "y", "origin": [0, 0, -1]},
			"faces": {
				"north": {"uv": [0, 0, 1, 3], "texture": "#0"},
				"east": {"uv": [0, 0, 8, 3], "texture": "#0"},
				"south": {"uv": [7, 0, 8, 3], "texture": "#0"},
				"west": {"uv": [8, 0, 16, 3], "texture": "#0"},
				"up": {"uv": [7, 3, 8, 11], "texture": "#0"},
				"down": {"uv": [15, 3, 16, 11], "texture": "#0"}
			}
		}
	],
	"gui_light": "front",
	"display": {
		"thirdperson_righthand": {
			"rotation": [90, -180, 0],
			"translation": [-3, 4, 8]
		},
		"thirdperson_lefthand": {
			"rotation": [90, -180, 0],
			"translation": [-3, 4, 8]
		},
		"firstperson_righthand": {
			"rotation": [45, -180, 0],
			"translation": [-3.5, 9, 5]
		},
		"firstperson_lefthand": {
			"rotation": [45, -180, 0],
			"translation": [-3.5, 9, 5]
		},
		"ground": {
			"translation": [0, 3, 0],
			"scale": [0.5, 0.5, 0.5]
		},
		"gui": {
			"rotation": [45, -180, 0],
			"translation": [0, 6.5, 0],
			"scale": [1.5, 1.5, 1.5]
		},
		"head": {
			"rotation": [0, -180, 0],
			"translation": [0, 19.25, 0],
			"scale": [1.6, 1.6, 1.6]
		},
		"fixed": {
			"rotation": [-90, 0, 0],
			"translation": [0, 0, -15],
			"scale": [2, 2, 2]
		}
	},
	"groups": [
		{
			"name": "COMPASS",
			"origin": [0, 0, -1],
			"color": 0,
			"children": [0, 1, 2, 3, 4, 5]
		}
	]
}