{
	"__comment": "Designed by Pashjn with Cubik Studio - https://cubik.studio",
	"textures": {
		"particle": "images/diamondshovel",
		"texture": "images/diamondshovel",
		"voxels_atlas": "images/diamondshovel"
	},
	"elements": [ 	 
		{
			"__comment": "Voxels",
			"from": [ -12, 8, 7 ],
			"to": [ 9.5, 8.5, 8.5 ],
			"faces": {
				"down": { "uv": [ 0, 15.25, 10.75, 16 ], "texture": "#voxels_atlas" },
				"up": { "uv": [ 0, 15.25, 10.75, 14.5 ], "texture": "#voxels_atlas" },
				"north": { "uv": [ 10.75, 12, 0, 12.25 ], "texture": "#voxels_atlas" },
				"south": { "uv": [ 0, 11.75, 10.75, 12 ], "texture": "#voxels_atlas" },
				"west": { "uv": [ 0.5, 2.75, 1.25, 3 ], "texture": "#voxels_atlas" },
				"east": { "uv": [ 1.25, 7.75, 0.5, 8 ], "texture": "#voxels_atlas" }
			}
		},
		{
			"__comment": "Voxels",
			"from": [ -12, 8.5, 7 ],
			"to": [ 4.5, 9, 8.5 ],
			"faces": {
				"down": { "uv": [ 0, 13.75, 8.25, 14.5 ], "texture": "#voxels_atlas" },
				"up": { "uv": [ 0, 13.75, 8.25, 13 ], "texture": "#voxels_atlas" },
				"north": { "uv": [ 8.25, 11.5, 0, 11.75 ], "texture": "#voxels_atlas" },
				"south": { "uv": [ 0, 11.25, 8.25, 11.5 ], "texture": "#voxels_atlas" },
				"west": { "uv": [ 0.5, 6.5, 1.25, 6.75 ], "texture": "#voxels_atlas" },
				"east": { "uv": [ 1.25, 6.25, 0.5, 6.5 ], "texture": "#voxels_atlas" }
			}
		},
		{
			"__comment": "Voxels",
			"from": [ -12, 9, 7 ],
			"to": [ 4, 9.5, 8.5 ],
			"faces": {
				"down": { "uv": [ 0, 12.25, 8, 13 ], "texture": "#voxels_atlas" },
				"up": { "uv": [ 8, 13, 16, 12.25 ], "texture": "#voxels_atlas" },
				"north": { "uv": [ 8, 11, 0, 11.25 ], "texture": "#voxels_atlas" },
				"south": { "uv": [ 8, 11, 16, 11.25 ], "texture": "#voxels_atlas" },
				"west": { "uv": [ 0.5, 5.25, 1.25, 5.5 ], "texture": "#voxels_atlas" },
				"east": { "uv": [ 1.25, 4.75, 0.5, 5 ], "texture": "#voxels_atlas" }
			}
		},
		{
			"__comment": "Voxels",
			"from": [ -11.5, 7.5, 7 ],
			"to": [ -10.5, 8, 8.5 ],
			"faces": {
				"down": { "uv": [ 0, 8, 0.5, 8.75 ], "texture": "#voxels_atlas" },
				"up": { "uv": [ 0, 8, 0.5, 7.25 ], "texture": "#voxels_atlas" },
				"north": { "uv": [ 1.75, 7.75, 1.25, 8 ], "texture": "#voxels_atlas" },
				"south": { "uv": [ 1.25, 7.5, 1.75, 7.75 ], "texture": "#voxels_atlas" },
				"west": { "uv": [ 0.5, 2.5, 1.25, 2.75 ], "texture": "#voxels_atlas" },
				"east": { "uv": [ 1.25, 2.25, 0.5, 2.5 ], "texture": "#voxels_atlas" }
			}
		},
		{
			"__comment": "Voxels",
			"from": [ -11.5, 8, 6.5 ],
			"to": [ -10.5, 9.5, 7 ],
			"faces": {
				"down": { "uv": [ 1.25, 7.25, 1.75, 7.5 ], "texture": "#voxels_atlas" },
				"up": { "uv": [ 1.25, 7.25, 1.75, 7 ], "texture": "#voxels_atlas" },
				"north": { "uv": [ 15.75, 13.75, 15.25, 14.5 ], "texture": "#voxels_atlas" },
				"south": { "uv": [ 0, 10.25, 0.5, 11 ], "texture": "#voxels_atlas" },
				"west": { "uv": [ 0.5, 1.5, 0.75, 2.25 ], "texture": "#voxels_atlas" },
				"east": { "uv": [ 1, 1.5, 0.75, 2.25 ], "texture": "#voxels_atlas" }
			}
		},
		{
			"__comment": "Voxels",
			"from": [ -11.5, 8, 8.5 ],
			"to": [ -10.5, 9.5, 9 ],
			"faces": {
				"down": { "uv": [ 1.25, 6.75, 1.75, 7 ], "texture": "#voxels_atlas" },
				"up": { "uv": [ 1.25, 6.75, 1.75, 6.5 ], "texture": "#voxels_atlas" },
				"north": { "uv": [ 15.25, 13.75, 14.75, 14.5 ], "texture": "#voxels_atlas" },
				"south": { "uv": [ 0, 6.5, 0.5, 7.25 ], "texture": "#voxels_atlas" },
				"west": { "uv": [ 15.75, 13.75, 16, 14.5 ], "texture": "#voxels_atlas" },
				"east": { "uv": [ 0.25, 3.75, 0, 4.5 ], "texture": "#voxels_atlas" }
			}
		},
		{
			"__comment": "Voxels",
			"from": [ -11.5, 9.5, 7 ],
			"to": [ -10.5, 10, 8.5 ],
			"faces": {
				"down": { "uv": [ 0, 8.75, 0.5, 9.5 ], "texture": "#voxels_atlas" },
				"up": { "uv": [ 0, 5.75, 0.5, 5 ], "texture": "#voxels_atlas" },
				"north": { "uv": [ 1.75, 6.25, 1.25, 6.5 ], "texture": "#voxels_atlas" },
				"south": { "uv": [ 1.25, 6, 1.75, 6.25 ], "texture": "#voxels_atlas" },
				"west": { "uv": [ 0.5, 6, 1.25, 6.25 ], "texture": "#voxels_atlas" },
				"east": { "uv": [ 1.25, 7.25, 0.5, 7.5 ], "texture": "#voxels_atlas" }
			}
		},
		{
			"__comment": "Voxels",
			"from": [ -0.5, 7.5, 7 ],
			"to": [ 0, 8, 8.5 ],
			"faces": {
				"down": { "uv": [ 0, 0.75, 0.25, 1.5 ], "texture": "#voxels_atlas" },
				"up": { "uv": [ 0.25, 2.25, 0.5, 1.5 ], "texture": "#voxels_atlas" },
				"north": { "uv": [ 1.75, 0.5, 1.5, 0.75 ], "texture": "#voxels_atlas" },
				"south": { "uv": [ 1.25, 0.5, 1.5, 0.75 ], "texture": "#voxels_atlas" },
				"west": { "uv": [ 0.5, 8.5, 1.25, 8.75 ], "texture": "#voxels_atlas" },
				"east": { "uv": [ 1.25, 8.75, 0.5, 9 ], "texture": "#voxels_atlas" }
			}
		},
		{
			"__comment": "Voxels",
			"from": [ -0.5, 8, 6.5 ],
			"to": [ 0, 9.5, 7 ],
			"faces": {
				"down": { "uv": [ 1.5, 0.75, 1.75, 1 ], "texture": "#voxels_atlas" },
				"up": { "uv": [ 1.25, 1, 1.5, 0.75 ], "texture": "#voxels_atlas" },
				"north": { "uv": [ 0.25, 1.5, 0, 2.25 ], "texture": "#voxels_atlas" },
				"south": { "uv": [ 0.25, 0.75, 0.5, 1.5 ], "texture": "#voxels_atlas" },
				"west": { "uv": [ 0, 2.25, 0.25, 3 ], "texture": "#voxels_atlas" },
				"east": { "uv": [ 0.5, 3, 0.25, 3.75 ], "texture": "#voxels_atlas" }
			}
		},
		{
			"__comment": "Voxels",
			"from": [ -0.5, 8, 8.5 ],
			"to": [ 0, 9.5, 9 ],
			"faces": {
				"down": { "uv": [ 15.75, 11.5, 16, 11.75 ], "texture": "#voxels_atlas" },
				"up": { "uv": [ 10.75, 13.25, 11, 13 ], "texture": "#voxels_atlas" },
				"north": { "uv": [ 0.5, 2.25, 0.25, 3 ], "texture": "#voxels_atlas" },
				"south": { "uv": [ 0.25, 3.75, 0.5, 4.5 ], "texture": "#voxels_atlas" },
				"west": { "uv": [ 0, 3, 0.25, 3.75 ], "texture": "#voxels_atlas" },
				"east": { "uv": [ 0.75, 3.5, 0.5, 4.25 ], "texture": "#voxels_atlas" }
			}
		},
		{
			"__comment": "Voxels",
			"from": [ -0.5, 9.5, 7 ],
			"to": [ 0, 10, 8.5 ],
			"faces": {
				"down": { "uv": [ 0.75, 3.5, 1, 4.25 ], "texture": "#voxels_atlas" },
				"up": { "uv": [ 1, 4.25, 1.25, 3.5 ], "texture": "#voxels_atlas" },
				"north": { "uv": [ 2, 7.5, 1.75, 7.75 ], "texture": "#voxels_atlas" },
				"south": { "uv": [ 1.75, 8, 2, 8.25 ], "texture": "#voxels_atlas" },
				"west": { "uv": [ 12, 11.25, 12.75, 11.5 ], "texture": "#voxels_atlas" },
				"east": { "uv": [ 13.5, 11.25, 12.75, 11.5 ], "texture": "#voxels_atlas" }
			}
		},
		{
			"__comment": "Voxels",
			"from": [ 3, 7.5, 7 ],
			"to": [ 4, 8, 8.5 ],
			"faces": {
				"down": { "uv": [ 0, 5.75, 0.5, 6.5 ], "texture": "#voxels_atlas" },
				"up": { "uv": [ 0, 10.25, 0.5, 9.5 ], "texture": "#voxels_atlas" },
				"north": { "uv": [ 1.75, 5.75, 1.25, 6 ], "texture": "#voxels_atlas" },
				"south": { "uv": [ 1.25, 5.5, 1.75, 5.75 ], "texture": "#voxels_atlas" },
				"west": { "uv": [ 13.5, 11.25, 14.25, 11.5 ], "texture": "#voxels_atlas" },
				"east": { "uv": [ 15, 11.25, 14.25, 11.5 ], "texture": "#voxels_atlas" }
			}
		},
		{
			"__comment": "Voxels",
			"from": [ 3, 8, 6.5 ],
			"to": [ 9.5, 8.5, 7 ],
			"faces": {
				"down": { "uv": [ 8.25, 14, 11.5, 14.25 ], "texture": "#voxels_atlas" },
				"up": { "uv": [ 8.25, 14, 11.5, 13.75 ], "texture": "#voxels_atlas" },
				"north": { "uv": [ 11.5, 14.25, 8.25, 14.5 ], "texture": "#voxels_atlas" },
				"south": { "uv": [ 10.75, 14.5, 14, 14.75 ], "texture": "#voxels_atlas" },
				"west": { "uv": [ 1.75, 8.25, 2, 8.5 ], "texture": "#voxels_atlas" },
				"east": { "uv": [ 2, 9.5, 1.75, 9.75 ], "texture": "#voxels_atlas" }
			}
		},
		{
			"__comment": "Voxels",
			"from": [ 3, 8, 8.5 ],
			"to": [ 9.5, 8.5, 9 ],
			"faces": {
				"down": { "uv": [ 10.75, 14.75, 14, 15 ], "texture": "#voxels_atlas" },
				"up": { "uv": [ 10.75, 15.25, 14, 15 ], "texture": "#voxels_atlas" },
				"north": { "uv": [ 14.75, 14, 11.5, 14.25 ], "texture": "#voxels_atlas" },
				"south": { "uv": [ 11.5, 14.25, 14.75, 14.5 ], "texture": "#voxels_atlas" },
				"west": { "uv": [ 1.75, 9.75, 2, 10 ], "texture": "#voxels_atlas" },
				"east": { "uv": [ 2, 10.5, 1.75, 10.75 ], "texture": "#voxels_atlas" }
			}
		},
		{
			"__comment": "Voxels",
			"from": [ 3, 8.5, 6.5 ],
			"to": [ 4.5, 9.5, 7 ],
			"faces": {
				"down": { "uv": [ 0.5, 8.25, 1.25, 8.5 ], "texture": "#voxels_atlas" },
				"up": { "uv": [ 0.5, 8.25, 1.25, 8 ], "texture": "#voxels_atlas" },
				"north": { "uv": [ 1.25, 10.5, 0.5, 11 ], "texture": "#voxels_atlas" },
				"south": { "uv": [ 0.5, 9, 1.25, 9.5 ], "texture": "#voxels_atlas" },
				"west": { "uv": [ 1, 1.75, 1.25, 2.25 ], "texture": "#voxels_atlas" },
				"east": { "uv": [ 1.5, 5, 1.25, 5.5 ], "texture": "#voxels_atlas" }
			}
		},
		{
			"__comment": "Voxels",
			"from": [ 3, 8.5, 8.5 ],
			"to": [ 4.5, 9.5, 9 ],
			"faces": {
				"down": { "uv": [ 0.5, 7, 1.25, 7.25 ], "texture": "#voxels_atlas" },
				"up": { "uv": [ 0.5, 7, 1.25, 6.75 ], "texture": "#voxels_atlas" },
				"north": { "uv": [ 1.25, 10, 0.5, 10.5 ], "texture": "#voxels_atlas" },
				"south": { "uv": [ 0.5, 9.5, 1.25, 10 ], "texture": "#voxels_atlas" },
				"west": { "uv": [ 1.5, 5, 1.75, 5.5 ], "texture": "#voxels_atlas" },
				"east": { "uv": [ 16, 15.5, 15.75, 16 ], "texture": "#voxels_atlas" }
			}
		},
		{
			"__comment": "Voxels",
			"from": [ 3, 9.5, 7 ],
			"to": [ 3.5, 10, 8.5 ],
			"faces": {
				"down": { "uv": [ 0, 0, 0.25, 0.75 ], "texture": "#voxels_atlas" },
				"up": { "uv": [ 0.25, 0.75, 0.5, 0 ], "texture": "#voxels_atlas" },
				"north": { "uv": [ 2, 10.75, 1.75, 11 ], "texture": "#voxels_atlas" },
				"south": { "uv": [ 1.5, 1, 1.75, 1.25 ], "texture": "#voxels_atlas" },
				"west": { "uv": [ 0.5, 5, 1.25, 5.25 ], "texture": "#voxels_atlas" },
				"east": { "uv": [ 1.25, 1, 0.5, 1.25 ], "texture": "#voxels_atlas" }
			}
		},
		{
			"__comment": "Voxels",
			"from": [ 3.5, 7.5, 6.5 ],
			"to": [ 5, 8, 7 ],
			"faces": {
				"down": { "uv": [ 0.5, 4.5, 1.25, 4.75 ], "texture": "#voxels_atlas" },
				"up": { "uv": [ 0.5, 4.5, 1.25, 4.25 ], "texture": "#voxels_atlas" },
				"north": { "uv": [ 1.25, 3, 0.5, 3.25 ], "texture": "#voxels_atlas" },
				"south": { "uv": [ 15, 11.5, 15.75, 11.75 ], "texture": "#voxels_atlas" },
				"west": { "uv": [ 1.25, 1, 1.5, 1.25 ], "texture": "#voxels_atlas" },
				"east": { "uv": [ 1.75, 1.5, 1.5, 1.75 ], "texture": "#voxels_atlas" }
			}
		},
		{
			"__comment": "Voxels",
			"from": [ 3.5, 7.5, 8.5 ],
			"to": [ 5, 8, 9 ],
			"faces": {
				"down": { "uv": [ 0.5, 1.25, 1.25, 1.5 ], "texture": "#voxels_atlas" },
				"up": { "uv": [ 14.75, 12.25, 15.5, 12 ], "texture": "#voxels_atlas" },
				"north": { "uv": [ 1.25, 5.5, 0.5, 5.75 ], "texture": "#voxels_atlas" },
				"south": { "uv": [ 0.5, 5.75, 1.25, 6 ], "texture": "#voxels_atlas" },
				"west": { "uv": [ 1.25, 1.5, 1.5, 1.75 ], "texture": "#voxels_atlas" },
				"east": { "uv": [ 1.25, 0, 1, 0.25 ], "texture": "#voxels_atlas" }
			}
		},
		{
			"__comment": "Voxels",
			"from": [ 3.5, 9.5, 6.5 ],
			"to": [ 4, 10, 7 ],
			"faces": {
				"down": { "uv": [ 1, 0.25, 1.25, 0.5 ], "texture": "#voxels_atlas" },
				"up": { "uv": [ 1, 0.75, 1.25, 0.5 ], "texture": "#voxels_atlas" },
				"north": { "uv": [ 1.25, 0.75, 1, 1 ], "texture": "#voxels_atlas" },
				"south": { "uv": [ 1.75, 7.75, 2, 8 ], "texture": "#voxels_atlas" },
				"west": { "uv": [ 1.25, 2.75, 1.5, 3 ], "texture": "#voxels_atlas" },
				"east": { "uv": [ 1.75, 2.75, 1.5, 3 ], "texture": "#voxels_atlas" }
			}
		},
		{
			"__comment": "Voxels",
			"from": [ 3.5, 9.5, 8.5 ],
			"to": [ 4, 10, 9 ],
			"faces": {
				"down": { "uv": [ 1.75, 6.25, 2, 6.5 ], "texture": "#voxels_atlas" },
				"up": { "uv": [ 1.75, 6.25, 2, 6 ], "texture": "#voxels_atlas" },
				"north": { "uv": [ 2, 5.25, 1.75, 5.5 ], "texture": "#voxels_atlas" },
				"south": { "uv": [ 1.75, 5, 2, 5.25 ], "texture": "#voxels_atlas" },
				"west": { "uv": [ 15.75, 11.25, 16, 11.5 ], "texture": "#voxels_atlas" },
				"east": { "uv": [ 1.25, 1.5, 1, 1.75 ], "texture": "#voxels_atlas" }
			}
		},
		{
			"__comment": "Voxels",
			"from": [ 4, 8, 5.5 ],
			"to": [ 9, 8.5, 6.5 ],
			"faces": {
				"down": { "uv": [ 10.75, 15.5, 13.25, 16 ], "texture": "#voxels_atlas" },
				"up": { "uv": [ 13.25, 16, 15.75, 15.5 ], "texture": "#voxels_atlas" },
				"north": { "uv": [ 13.5, 13.5, 11, 13.75 ], "texture": "#voxels_atlas" },
				"south": { "uv": [ 13.5, 13.5, 16, 13.75 ], "texture": "#voxels_atlas" },
				"west": { "uv": [ 14.25, 13.75, 14.75, 14 ], "texture": "#voxels_atlas" },
				"east": { "uv": [ 16, 12, 15.5, 12.25 ], "texture": "#voxels_atlas" }
			}
		},
		{
			"__comment": "Voxels",
			"from": [ 4, 8, 9 ],
			"to": [ 9.5, 8.5, 9.5 ],
			"faces": {
				"down": { "uv": [ 8.25, 13.25, 11, 13.5 ], "texture": "#voxels_atlas" },
				"up": { "uv": [ 8.25, 13.75, 11, 13.5 ], "texture": "#voxels_atlas" },
				"north": { "uv": [ 14.25, 13.75, 11.5, 14 ], "texture": "#voxels_atlas" },
				"south": { "uv": [ 13.25, 15.25, 16, 15.5 ], "texture": "#voxels_atlas" },
				"west": { "uv": [ 1.25, 0, 1.5, 0.25 ], "texture": "#voxels_atlas" },
				"east": { "uv": [ 1.75, 0, 1.5, 0.25 ], "texture": "#voxels_atlas" }
			}
		},
		{
			"__comment": "Voxels",
			"from": [ 4, 8, 9.5 ],
			"to": [ 9, 8.5, 10 ],
			"faces": {
				"down": { "uv": [ 8.25, 13, 10.75, 13.25 ], "texture": "#voxels_atlas" },
				"up": { "uv": [ 11, 13.5, 13.5, 13.25 ], "texture": "#voxels_atlas" },
				"north": { "uv": [ 13.5, 13, 11, 13.25 ], "texture": "#voxels_atlas" },
				"south": { "uv": [ 10.75, 15.25, 13.25, 15.5 ], "texture": "#voxels_atlas" },
				"west": { "uv": [ 1.75, 9.25, 2, 9.5 ], "texture": "#voxels_atlas" },
				"east": { "uv": [ 2, 9, 1.75, 9.25 ], "texture": "#voxels_atlas" }
			}
		},
		{
			"__comment": "Voxels",
			"from": [ 4, 8.5, 5.5 ],
			"to": [ 5.5, 9, 6 ],
			"faces": {
				"down": { "uv": [ 15, 11.25, 15.75, 11.5 ], "texture": "#voxels_atlas" },
				"up": { "uv": [ 11.25, 11.5, 12, 11.25 ], "texture": "#voxels_atlas" },
				"north": { "uv": [ 1.25, 7.5, 0.5, 7.75 ], "texture": "#voxels_atlas" },
				"south": { "uv": [ 0.5, 3.25, 1.25, 3.5 ], "texture": "#voxels_atlas" },
				"west": { "uv": [ 1.75, 6.75, 2, 7 ], "texture": "#voxels_atlas" },
				"east": { "uv": [ 2, 6.5, 1.75, 6.75 ], "texture": "#voxels_atlas" }
			}
		},
		{
			"__comment": "Voxels",
			"from": [ 4, 8.5, 6 ],
			"to": [ 5, 9, 6.5 ],
			"faces": {
				"down": { "uv": [ 0.5, 0.75, 1, 1 ], "texture": "#voxels_atlas" },
				"up": { "uv": [ 0.5, 0.75, 1, 0.5 ], "texture": "#voxels_atlas" },
				"north": { "uv": [ 1, 0.25, 0.5, 0.5 ], "texture": "#voxels_atlas" },
				"south": { "uv": [ 0.5, 0, 1, 0.25 ], "texture": "#voxels_atlas" },
				"west": { "uv": [ 1.75, 4.25, 2, 4.5 ], "texture": "#voxels_atlas" },
				"east": { "uv": [ 2, 4, 1.75, 4.25 ], "texture": "#voxels_atlas" }
			}
		},
		{
			"__comment": "Voxels",
			"from": [ 4, 8.5, 9 ],
			"to": [ 5, 9, 10 ],
			"faces": {
				"down": { "uv": [ 15.5, 13, 16, 13.5 ], "texture": "#voxels_atlas" },
				"up": { "uv": [ 0, 5, 0.5, 4.5 ], "texture": "#voxels_atlas" },
				"north": { "uv": [ 1.75, 10.75, 1.25, 11 ], "texture": "#voxels_atlas" },
				"south": { "uv": [ 1.25, 10.5, 1.75, 10.75 ], "texture": "#voxels_atlas" },
				"west": { "uv": [ 1.25, 10.25, 1.75, 10.5 ], "texture": "#voxels_atlas" },
				"east": { "uv": [ 1.75, 10, 1.25, 10.25 ], "texture": "#voxels_atlas" }
			}
		},
		{
			"__comment": "Voxels",
			"from": [ 4, 9, 5.5 ],
			"to": [ 5, 9.5, 6 ],
			"faces": {
				"down": { "uv": [ 1.25, 9.75, 1.75, 10 ], "texture": "#voxels_atlas" },
				"up": { "uv": [ 1.25, 9.75, 1.75, 9.5 ], "texture": "#voxels_atlas" },
				"north": { "uv": [ 1.75, 9.25, 1.25, 9.5 ], "texture": "#voxels_atlas" },
				"south": { "uv": [ 1.25, 9, 1.75, 9.25 ], "texture": "#voxels_atlas" },
				"west": { "uv": [ 1.25, 2.5, 1.5, 2.75 ], "texture": "#voxels_atlas" },
				"east": { "uv": [ 1.75, 2.5, 1.5, 2.75 ], "texture": "#voxels_atlas" }
			}
		},
		{
			"__comment": "Voxels",
			"from": [ 4, 9, 6 ],
			"to": [ 4.5, 9.5, 6.5 ],
			"faces": {
				"down": { "uv": [ 1.25, 2.25, 1.5, 2.5 ], "texture": "#voxels_atlas" },
				"up": { "uv": [ 1.5, 2.5, 1.75, 2.25 ], "texture": "#voxels_atlas" },
				"north": { "uv": [ 1.5, 2, 1.25, 2.25 ], "texture": "#voxels_atlas" },
				"south": { "uv": [ 1.5, 2, 1.75, 2.25 ], "texture": "#voxels_atlas" },
				"west": { "uv": [ 1.25, 1.75, 1.5, 2 ], "texture": "#voxels_atlas" },
				"east": { "uv": [ 1.75, 1.75, 1.5, 2 ], "texture": "#voxels_atlas" }
			}
		},
		{
			"__comment": "Voxels",
			"from": [ 4, 9, 9 ],
			"to": [ 4.5, 9.5, 10 ],
			"faces": {
				"down": { "uv": [ 1.25, 8.5, 1.5, 9 ], "texture": "#voxels_atlas" },
				"up": { "uv": [ 1.5, 9, 1.75, 8.5 ], "texture": "#voxels_atlas" },
				"north": { "uv": [ 1.5, 1.25, 1.25, 1.5 ], "texture": "#voxels_atlas" },
				"south": { "uv": [ 1.5, 1.25, 1.75, 1.5 ], "texture": "#voxels_atlas" },
				"west": { "uv": [ 1.25, 8.25, 1.75, 8.5 ], "texture": "#voxels_atlas" },
				"east": { "uv": [ 1.75, 8, 1.25, 8.25 ], "texture": "#voxels_atlas" }
			}
		},
		{
			"__comment": "Voxels",
			"from": [ 4.5, 8, 5 ],
			"to": [ 8.5, 8.5, 5.5 ],
			"faces": {
				"down": { "uv": [ 14, 14.75, 16, 15 ], "texture": "#voxels_atlas" },
				"up": { "uv": [ 14, 15.25, 16, 15 ], "texture": "#voxels_atlas" },
				"north": { "uv": [ 12.75, 11.75, 10.75, 12 ], "texture": "#voxels_atlas" },
				"south": { "uv": [ 14, 14.5, 16, 14.75 ], "texture": "#voxels_atlas" },
				"west": { "uv": [ 1.25, 0.25, 1.5, 0.5 ], "texture": "#voxels_atlas" },
				"east": { "uv": [ 1.75, 0.25, 1.5, 0.5 ], "texture": "#voxels_atlas" }
			}
		},
		{
			"__comment": "Voxels",
			"from": [ 4.5, 8, 10 ],
			"to": [ 8.5, 8.5, 10.5 ],
			"faces": {
				"down": { "uv": [ 13.5, 13.25, 15.5, 13.5 ], "texture": "#voxels_atlas" },
				"up": { "uv": [ 13.5, 13.25, 15.5, 13 ], "texture": "#voxels_atlas" },
				"north": { "uv": [ 12.75, 12, 10.75, 12.25 ], "texture": "#voxels_atlas" },
				"south": { "uv": [ 12.75, 12, 14.75, 12.25 ], "texture": "#voxels_atlas" },
				"west": { "uv": [ 1.75, 10.25, 2, 10.5 ], "texture": "#voxels_atlas" },
				"east": { "uv": [ 2, 10, 1.75, 10.25 ], "texture": "#voxels_atlas" }
			}
		},
		{
			"__comment": "Voxels",
			"from": [ 4.5, 8.5, 5 ],
			"to": [ 7.5, 9, 5.5 ],
			"faces": {
				"down": { "uv": [ 14.5, 11.75, 16, 12 ], "texture": "#voxels_atlas" },
				"up": { "uv": [ 13.5, 11.75, 15, 11.5 ], "texture": "#voxels_atlas" },
				"north": { "uv": [ 9.75, 11.25, 8.25, 11.5 ], "texture": "#voxels_atlas" },
				"south": { "uv": [ 9.75, 11.25, 11.25, 11.5 ], "texture": "#voxels_atlas" },
				"west": { "uv": [ 1.75, 8.75, 2, 9 ], "texture": "#voxels_atlas" },
				"east": { "uv": [ 2, 8.5, 1.75, 8.75 ], "texture": "#voxels_atlas" }
			}
		},
		{
			"__comment": "Voxels",
			"from": [ 4.5, 8.5, 10 ],
			"to": [ 8, 9, 10.5 ],
			"faces": {
				"down": { "uv": [ 8.25, 11.5, 10, 11.75 ], "texture": "#voxels_atlas" },
				"up": { "uv": [ 10, 11.75, 11.75, 11.5 ], "texture": "#voxels_atlas" },
				"north": { "uv": [ 13.5, 11.5, 11.75, 11.75 ], "texture": "#voxels_atlas" },
				"south": { "uv": [ 12.75, 11.75, 14.5, 12 ], "texture": "#voxels_atlas" },
				"west": { "uv": [ 1.75, 7.25, 2, 7.5 ], "texture": "#voxels_atlas" },
				"east": { "uv": [ 2, 7, 1.75, 7.25 ], "texture": "#voxels_atlas" }
			}
		},
		{
			"__comment": "Voxels",
			"from": [ 4.5, 9, 5 ],
			"to": [ 5.5, 9.5, 5.5 ],
			"faces": {
				"down": { "uv": [ 1.25, 4.75, 1.75, 5 ], "texture": "#voxels_atlas" },
				"up": { "uv": [ 1.25, 4.75, 1.75, 4.5 ], "texture": "#voxels_atlas" },
				"north": { "uv": [ 1.75, 4.25, 1.25, 4.5 ], "texture": "#voxels_atlas" },
				"south": { "uv": [ 1.25, 4, 1.75, 4.25 ], "texture": "#voxels_atlas" },
				"west": { "uv": [ 1.75, 5.75, 2, 6 ], "texture": "#voxels_atlas" },
				"east": { "uv": [ 2, 5.5, 1.75, 5.75 ], "texture": "#voxels_atlas" }
			}
		},
		{
			"__comment": "Voxels",
			"from": [ 4.5, 9, 9.5 ],
			"to": [ 5, 9.5, 10.5 ],
			"faces": {
				"down": { "uv": [ 1.25, 3.5, 1.5, 4 ], "texture": "#voxels_atlas" },
				"up": { "uv": [ 1.5, 4, 1.75, 3.5 ], "texture": "#voxels_atlas" },
				"north": { "uv": [ 2, 4.75, 1.75, 5 ], "texture": "#voxels_atlas" },
				"south": { "uv": [ 1.75, 4.5, 2, 4.75 ], "texture": "#voxels_atlas" },
				"west": { "uv": [ 1.25, 3.25, 1.75, 3.5 ], "texture": "#voxels_atlas" },
				"east": { "uv": [ 1.75, 3, 1.25, 3.25 ], "texture": "#voxels_atlas" }
			}
		},
		{
			"__comment": "Voxels",
			"from": [ 5, 8.5, 9.5 ],
			"to": [ 5.5, 9, 10 ],
			"faces": {
				"down": { "uv": [ 1.75, 3.75, 2, 4 ], "texture": "#voxels_atlas" },
				"up": { "uv": [ 1.75, 3.75, 2, 3.5 ], "texture": "#voxels_atlas" },
				"north": { "uv": [ 2, 3.25, 1.75, 3.5 ], "texture": "#voxels_atlas" },
				"south": { "uv": [ 1.75, 3, 2, 3.25 ], "texture": "#voxels_atlas" },
				"west": { "uv": [ 1.75, 2.75, 2, 3 ], "texture": "#voxels_atlas" },
				"east": { "uv": [ 2, 2.5, 1.75, 2.75 ], "texture": "#voxels_atlas" }
			}
		},
		{
			"__comment": "Voxels",
			"from": [ 5, 9, 10 ],
			"to": [ 5.5, 9.5, 10.5 ],
			"faces": {
				"down": { "uv": [ 1.75, 2.25, 2, 2.5 ], "texture": "#voxels_atlas" },
				"up": { "uv": [ 1.75, 2.25, 2, 2 ], "texture": "#voxels_atlas" },
				"north": { "uv": [ 2, 1.75, 1.75, 2 ], "texture": "#voxels_atlas" },
				"south": { "uv": [ 1.75, 1.5, 2, 1.75 ], "texture": "#voxels_atlas" },
				"west": { "uv": [ 1.75, 1.25, 2, 1.5 ], "texture": "#voxels_atlas" },
				"east": { "uv": [ 2, 1, 1.75, 1.25 ], "texture": "#voxels_atlas" }
			}
		},
		{
			"__comment": "Voxels",
			"from": [ 9, 8, 6 ],
			"to": [ 9.5, 8.5, 6.5 ],
			"faces": {
				"down": { "uv": [ 1.75, 0.75, 2, 1 ], "texture": "#voxels_atlas" },
				"up": { "uv": [ 1.75, 0.75, 2, 0.5 ], "texture": "#voxels_atlas" },
				"north": { "uv": [ 2, 0.25, 1.75, 0.5 ], "texture": "#voxels_atlas" },
				"south": { "uv": [ 1.75, 0, 2, 0.25 ], "texture": "#voxels_atlas" },
				"west": { "uv": [ 2, 10.75, 2.25, 11 ], "texture": "#voxels_atlas" },
				"east": { "uv": [ 2.25, 10.5, 2, 10.75 ], "texture": "#voxels_atlas" }
			}
		}
	],
	"display": {
		"thirdperson_righthand": {
			"rotation":  [ -180, 86, -88 ],
			"translation":  [ 0, 14.607, 0.7059 ],
			"scale":  [ 1.1, 1, 1 ]
		},
		"thirdperson_lefthand": {
			"rotation":  [ 11, -92, -88 ],
			"translation":  [ 0.6959, 15.304, 2.7929 ],
			"scale":  [ 1.1, 1, 1 ]
		},
		"firstperson_righthand": {
			"rotation":  [ -31, -180, 92 ],
			"translation":  [ 1.3913, 8.3478, 0 ],
			"scale":  [ 0.6, 0.6, 0.6 ]
		},
		"firstperson_lefthand": {
			"rotation":  [ 155, 2, 92 ],
			"translation":  [ 1.3913, 8.3478, 0 ],
			"scale":  [ 0.6, 0.6, 0.6 ]
		},
		"gui": {
			"rotation":  [ 70, 58, 0 ],
			"translation":  [ 3.4781, 5.565, 0 ],
			"scale":  [ 0.8, 0.8, 0.8 ]
		},
		"ground": {
			"rotation":  [ -27, -13, -74 ],
			"translation":  [ 0, -0.694, 0 ],
			"scale":  [ 0.8, 0.8, 0.8 ]
		},
		"fixed": {
			"rotation":  [ -89, -119, 0 ],
			"translation":  [ -3.478, 6.9565, -1 ],
			"scale":  [ 0.8, 0.8, 0.8 ]
		}
	}
}