{
	"__comment": "Designed by Pashjn with Cubik Studio - https://cubik.studio",
	"textures": {
		"particle": "images/diamondsword",
		"texture": "images/diamondsword",
		"voxels_atlas": "images/diamondsword"
	},
	"elements": [ 	 
		{
			"__comment": "Voxels",
			"from": [ -9, 8, 7 ],
			"to": [ 16, 9.5, 8.5 ],
			"faces": {
				"down": { "uv": [ 0, 15.25, 12.5, 16 ], "texture": "#voxels_atlas" },
				"up": { "uv": [ 0, 15.25, 12.5, 14.5 ], "texture": "#voxels_atlas" },
				"north": { "uv": [ 12.5, 13.75, 0, 14.5 ], "texture": "#voxels_atlas" },
				"south": { "uv": [ 0, 13, 12.5, 13.75 ], "texture": "#voxels_atlas" },
				"west": { "uv": [ 2.5, 7, 3.25, 7.75 ], "texture": "#voxels_atlas" },
				"east": { "uv": [ 1.75, 6.25, 1, 7 ], "texture": "#voxels_atlas" }
			}
		},
		{
			"__comment": "Voxels",
			"from": [ -8.5, 7.5, 7 ],
			"to": [ -7.5, 8, 8.5 ],
			"faces": {
				"down": { "uv": [ 0.5, 1.75, 1, 2.5 ], "texture": "#voxels_atlas" },
				"up": { "uv": [ 0.5, 1.75, 1, 1 ], "texture": "#voxels_atlas" },
				"north": { "uv": [ 7.25, 7.5, 6.75, 7.75 ], "texture": "#voxels_atlas" },
				"south": { "uv": [ 12.25, 8.5, 12.75, 8.75 ], "texture": "#voxels_atlas" },
				"west": { "uv": [ 2.75, 4, 3.5, 4.25 ], "texture": "#voxels_atlas" },
				"east": { "uv": [ 3.5, 3.75, 2.75, 4 ], "texture": "#voxels_atlas" }
			}
		},
		{
			"__comment": "Voxels",
			"from": [ -8.5, 8, 6.5 ],
			"to": [ -7.5, 9.5, 7 ],
			"faces": {
				"down": { "uv": [ 6.75, 7.25, 7.25, 7.5 ], "texture": "#voxels_atlas" },
				"up": { "uv": [ 6.75, 7.25, 7.25, 7 ], "texture": "#voxels_atlas" },
				"north": { "uv": [ 1, 0.25, 0.5, 1 ], "texture": "#voxels_atlas" },
				"south": { "uv": [ 2.5, 6.25, 3, 7 ], "texture": "#voxels_atlas" },
				"west": { "uv": [ 3.25, 9.25, 3.5, 10 ], "texture": "#voxels_atlas" },
				"east": { "uv": [ 3.5, 8.5, 3.25, 9.25 ], "texture": "#voxels_atlas" }
			}
		},
		{
			"__comment": "Voxels",
			"from": [ -8.5, 8, 8.5 ],
			"to": [ -7.5, 9.5, 9 ],
			"faces": {
				"down": { "uv": [ 6.75, 6.75, 7.25, 7 ], "texture": "#voxels_atlas" },
				"up": { "uv": [ 6.75, 6.75, 7.25, 6.5 ], "texture": "#voxels_atlas" },
				"north": { "uv": [ 3.5, 6.25, 3, 7 ], "texture": "#voxels_atlas" },
				"south": { "uv": [ 0.5, 7, 1, 7.75 ], "texture": "#voxels_atlas" },
				"west": { "uv": [ 6, 4.5, 6.25, 5.25 ], "texture": "#voxels_atlas" },
				"east": { "uv": [ 6.5, 4.5, 6.25, 5.25 ], "texture": "#voxels_atlas" }
			}
		},
		{
			"__comment": "Voxels",
			"from": [ -8.5, 9.5, 7 ],
			"to": [ -7.5, 10, 8.5 ],
			"faces": {
				"down": { "uv": [ 2.5, 0.25, 3, 1 ], "texture": "#voxels_atlas" },
				"up": { "uv": [ 3, 1, 3.5, 0.25 ], "texture": "#voxels_atlas" },
				"north": { "uv": [ 7.25, 6.25, 6.75, 6.5 ], "texture": "#voxels_atlas" },
				"south": { "uv": [ 6.75, 6, 7.25, 6.25 ], "texture": "#voxels_atlas" },
				"west": { "uv": [ 2.75, 2.5, 3.5, 2.75 ], "texture": "#voxels_atlas" },
				"east": { "uv": [ 3.5, 2.25, 2.75, 2.5 ], "texture": "#voxels_atlas" }
			}
		},
		{
			"__comment": "Voxels",
			"from": [ -1, 8.5, 4 ],
			"to": [ 2, 9, 4.5 ],
			"faces": {
				"down": { "uv": [ 3.5, 10, 5, 10.25 ], "texture": "#voxels_atlas" },
				"up": { "uv": [ 3.5, 10, 5, 9.75 ], "texture": "#voxels_atlas" },
				"north": { "uv": [ 5, 9.5, 3.5, 9.75 ], "texture": "#voxels_atlas" },
				"south": { "uv": [ 3.5, 9.25, 5, 9.5 ], "texture": "#voxels_atlas" },
				"west": { "uv": [ 7.25, 0.25, 7.5, 0.5 ], "texture": "#voxels_atlas" },
				"east": { "uv": [ 7.5, 0, 7.25, 0.25 ], "texture": "#voxels_atlas" }
			}
		},
		{
			"__comment": "Voxels",
			"from": [ -1, 8.5, 11 ],
			"to": [ 2, 9, 11.5 ],
			"faces": {
				"down": { "uv": [ 3.5, 9, 5, 9.25 ], "texture": "#voxels_atlas" },
				"up": { "uv": [ 3.5, 9, 5, 8.75 ], "texture": "#voxels_atlas" },
				"north": { "uv": [ 5, 8.5, 3.5, 8.75 ], "texture": "#voxels_atlas" },
				"south": { "uv": [ 3.5, 8.25, 5, 8.5 ], "texture": "#voxels_atlas" },
				"west": { "uv": [ 7.5, 4.5, 7.75, 4.75 ], "texture": "#voxels_atlas" },
				"east": { "uv": [ 8, 4.5, 7.75, 4.75 ], "texture": "#voxels_atlas" }
			}
		},
		{
			"__comment": "Voxels",
			"from": [ -0.5, 8, 4 ],
			"to": [ 1.5, 8.5, 4.5 ],
			"faces": {
				"down": { "uv": [ 10.5, 9.75, 11.5, 10 ], "texture": "#voxels_atlas" },
				"up": { "uv": [ 11.5, 10, 12.5, 9.75 ], "texture": "#voxels_atlas" },
				"north": { "uv": [ 13.5, 9.75, 12.5, 10 ], "texture": "#voxels_atlas" },
				"south": { "uv": [ 13.5, 9.75, 14.5, 10 ], "texture": "#voxels_atlas" },
				"west": { "uv": [ 7.5, 4.25, 7.75, 4.5 ], "texture": "#voxels_atlas" },
				"east": { "uv": [ 8, 4.25, 7.75, 4.5 ], "texture": "#voxels_atlas" }
			}
		},
		{
			"__comment": "Voxels",
			"from": [ -0.5, 8, 5.5 ],
			"to": [ 1, 9.5, 7 ],
			"faces": {
				"down": { "uv": [ 1.75, 9.25, 2.5, 10 ], "texture": "#voxels_atlas" },
				"up": { "uv": [ 1.75, 9.25, 2.5, 8.5 ], "texture": "#voxels_atlas" },
				"north": { "uv": [ 1.75, 8.5, 1, 9.25 ], "texture": "#voxels_atlas" },
				"south": { "uv": [ 2.5, 8.5, 3.25, 9.25 ], "texture": "#voxels_atlas" },
				"west": { "uv": [ 1, 7.75, 1.75, 8.5 ], "texture": "#voxels_atlas" },
				"east": { "uv": [ 2.5, 7.75, 1.75, 8.5 ], "texture": "#voxels_atlas" }
			}
		},
		{
			"__comment": "Voxels",
			"from": [ -0.5, 8, 8.5 ],
			"to": [ 1, 9.5, 10 ],
			"faces": {
				"down": { "uv": [ 2.5, 7.75, 3.25, 8.5 ], "texture": "#voxels_atlas" },
				"up": { "uv": [ 1, 7.75, 1.75, 7 ], "texture": "#voxels_atlas" },
				"north": { "uv": [ 2.5, 7, 1.75, 7.75 ], "texture": "#voxels_atlas" },
				"south": { "uv": [ 1.75, 6.25, 2.5, 7 ], "texture": "#voxels_atlas" },
				"west": { "uv": [ 1, 9.25, 1.75, 10 ], "texture": "#voxels_atlas" },
				"east": { "uv": [ 3.25, 9.25, 2.5, 10 ], "texture": "#voxels_atlas" }
			}
		},
		{
			"__comment": "Voxels",
			"from": [ -0.5, 8, 11 ],
			"to": [ 1.5, 8.5, 11.5 ],
			"faces": {
				"down": { "uv": [ 14.5, 9.75, 15.5, 10 ], "texture": "#voxels_atlas" },
				"up": { "uv": [ 5.5, 9.75, 6.5, 9.5 ], "texture": "#voxels_atlas" },
				"north": { "uv": [ 7.5, 9.5, 6.5, 9.75 ], "texture": "#voxels_atlas" },
				"south": { "uv": [ 7.5, 9.5, 8.5, 9.75 ], "texture": "#voxels_atlas" },
				"west": { "uv": [ 7.5, 3.75, 7.75, 4 ], "texture": "#voxels_atlas" },
				"east": { "uv": [ 8, 3.75, 7.75, 4 ], "texture": "#voxels_atlas" }
			}
		},
		{
			"__comment": "Voxels",
			"from": [ -0.5, 8.5, 5 ],
			"to": [ 1.5, 9, 5.5 ],
			"faces": {
				"down": { "uv": [ 8.5, 9.5, 9.5, 9.75 ], "texture": "#voxels_atlas" },
				"up": { "uv": [ 9.5, 9.75, 10.5, 9.5 ], "texture": "#voxels_atlas" },
				"north": { "uv": [ 11.5, 9.5, 10.5, 9.75 ], "texture": "#voxels_atlas" },
				"south": { "uv": [ 11.5, 9.5, 12.5, 9.75 ], "texture": "#voxels_atlas" },
				"west": { "uv": [ 7.5, 3.5, 7.75, 3.75 ], "texture": "#voxels_atlas" },
				"east": { "uv": [ 8, 3.5, 7.75, 3.75 ], "texture": "#voxels_atlas" }
			}
		},
		{
			"__comment": "Voxels",
			"from": [ -0.5, 8.5, 10 ],
			"to": [ 1.5, 9, 10.5 ],
			"faces": {
				"down": { "uv": [ 12.5, 9.5, 13.5, 9.75 ], "texture": "#voxels_atlas" },
				"up": { "uv": [ 13.5, 9.75, 14.5, 9.5 ], "texture": "#voxels_atlas" },
				"north": { "uv": [ 15.5, 9.5, 14.5, 9.75 ], "texture": "#voxels_atlas" },
				"south": { "uv": [ 5.5, 9.25, 6.5, 9.5 ], "texture": "#voxels_atlas" },
				"west": { "uv": [ 7.75, 3.25, 8, 3.5 ], "texture": "#voxels_atlas" },
				"east": { "uv": [ 7.75, 3, 7.5, 3.25 ], "texture": "#voxels_atlas" }
			}
		},
		{
			"__comment": "Voxels",
			"from": [ -0.5, 9, 4 ],
			"to": [ 1.5, 9.5, 4.5 ],
			"faces": {
				"down": { "uv": [ 5.5, 8.75, 6.5, 9 ], "texture": "#voxels_atlas" },
				"up": { "uv": [ 5.5, 8.75, 6.5, 8.5 ], "texture": "#voxels_atlas" },
				"north": { "uv": [ 6.5, 8.25, 5.5, 8.5 ], "texture": "#voxels_atlas" },
				"south": { "uv": [ 5.5, 8, 6.5, 8.25 ], "texture": "#voxels_atlas" },
				"west": { "uv": [ 7.75, 3, 8, 3.25 ], "texture": "#voxels_atlas" },
				"east": { "uv": [ 8, 2.75, 7.75, 3 ], "texture": "#voxels_atlas" }
			}
		},
		{
			"__comment": "Voxels",
			"from": [ -0.5, 9, 11 ],
			"to": [ 1.5, 9.5, 11.5 ],
			"faces": {
				"down": { "uv": [ 5.5, 7.5, 6.5, 7.75 ], "texture": "#voxels_atlas" },
				"up": { "uv": [ 5.5, 7.5, 6.5, 7.25 ], "texture": "#voxels_atlas" },
				"north": { "uv": [ 6.5, 7, 5.5, 7.25 ], "texture": "#voxels_atlas" },
				"south": { "uv": [ 5.5, 9, 6.5, 9.25 ], "texture": "#voxels_atlas" },
				"west": { "uv": [ 7.5, 2.25, 7.75, 2.5 ], "texture": "#voxels_atlas" },
				"east": { "uv": [ 8, 2.25, 7.75, 2.5 ], "texture": "#voxels_atlas" }
			}
		},
		{
			"__comment": "Voxels",
			"from": [ 0, 7.5, 4 ],
			"to": [ 1, 8, 11.5 ],
			"faces": {
				"down": { "uv": [ 0, 3.5, 0.5, 7.25 ], "texture": "#voxels_atlas" },
				"up": { "uv": [ 0, 11, 0.5, 7.25 ], "texture": "#voxels_atlas" },
				"north": { "uv": [ 7.25, 3.5, 6.75, 3.75 ], "texture": "#voxels_atlas" },
				"south": { "uv": [ 6.75, 3, 7.25, 3.25 ], "texture": "#voxels_atlas" },
				"west": { "uv": [ 10.5, 12.5, 14.25, 12.75 ], "texture": "#voxels_atlas" },
				"east": { "uv": [ 14.25, 12.75, 10.5, 13 ], "texture": "#voxels_atlas" }
			}
		},
		{
			"__comment": "Voxels",
			"from": [ 0, 8, 3.5 ],
			"to": [ 1, 9.5, 4 ],
			"faces": {
				"down": { "uv": [ 6.75, 2.75, 7.25, 3 ], "texture": "#voxels_atlas" },
				"up": { "uv": [ 6.75, 2.75, 7.25, 2.5 ], "texture": "#voxels_atlas" },
				"north": { "uv": [ 1, 6.25, 0.5, 7 ], "texture": "#voxels_atlas" },
				"south": { "uv": [ 0.5, 5.5, 1, 6.25 ], "texture": "#voxels_atlas" },
				"west": { "uv": [ 6.5, 7.25, 6.75, 8 ], "texture": "#voxels_atlas" },
				"east": { "uv": [ 6.75, 6.5, 6.5, 7.25 ], "texture": "#voxels_atlas" }
			}
		},
		{
			"__comment": "Voxels",
			"from": [ 0, 8, 4.5 ],
			"to": [ 1, 10, 5 ],
			"faces": {
				"down": { "uv": [ 6.75, 2.25, 7.25, 2.5 ], "texture": "#voxels_atlas" },
				"up": { "uv": [ 6.75, 2.25, 7.25, 2 ], "texture": "#voxels_atlas" },
				"north": { "uv": [ 1, 7.75, 0.5, 8.75 ], "texture": "#voxels_atlas" },
				"south": { "uv": [ 0, 0.25, 0.5, 1.25 ], "texture": "#voxels_atlas" },
				"west": { "uv": [ 5.5, 4.25, 5.75, 5.25 ], "texture": "#voxels_atlas" },
				"east": { "uv": [ 6, 4.25, 5.75, 5.25 ], "texture": "#voxels_atlas" }
			}
		},
		{
			"__comment": "Voxels",
			"from": [ 0, 8, 5 ],
			"to": [ 1, 8.5, 5.5 ],
			"faces": {
				"down": { "uv": [ 6.75, 1.75, 7.25, 2 ], "texture": "#voxels_atlas" },
				"up": { "uv": [ 6.75, 1.75, 7.25, 1.5 ], "texture": "#voxels_atlas" },
				"north": { "uv": [ 7.25, 1.25, 6.75, 1.5 ], "texture": "#voxels_atlas" },
				"south": { "uv": [ 6.75, 1, 7.25, 1.25 ], "texture": "#voxels_atlas" },
				"west": { "uv": [ 7.5, 2, 7.75, 2.25 ], "texture": "#voxels_atlas" },
				"east": { "uv": [ 8, 2, 7.75, 2.25 ], "texture": "#voxels_atlas" }
			}
		},
		{
			"__comment": "Voxels",
			"from": [ 0, 8, 10 ],
			"to": [ 1, 8.5, 11 ],
			"faces": {
				"down": { "uv": [ 5, 9.5, 5.5, 10 ], "texture": "#voxels_atlas" },
				"up": { "uv": [ 5, 9.5, 5.5, 9 ], "texture": "#voxels_atlas" },
				"north": { "uv": [ 7.25, 0.75, 6.75, 1 ], "texture": "#voxels_atlas" },
				"south": { "uv": [ 6.75, 0.5, 7.25, 0.75 ], "texture": "#voxels_atlas" },
				"west": { "uv": [ 9.5, 8.25, 10, 8.5 ], "texture": "#voxels_atlas" },
				"east": { "uv": [ 10.5, 8.25, 10, 8.5 ], "texture": "#voxels_atlas" }
			}
		},
		{
			"__comment": "Voxels",
			"from": [ 0, 8, 11.5 ],
			"to": [ 1, 9.5, 12 ],
			"faces": {
				"down": { "uv": [ 15.5, 11.25, 16, 11.5 ], "texture": "#voxels_atlas" },
				"up": { "uv": [ 15.5, 11.25, 16, 11 ], "texture": "#voxels_atlas" },
				"north": { "uv": [ 1, 4.75, 0.5, 5.5 ], "texture": "#voxels_atlas" },
				"south": { "uv": [ 0.5, 4, 1, 4.75 ], "texture": "#voxels_atlas" },
				"west": { "uv": [ 3.25, 7.75, 3.5, 8.5 ], "texture": "#voxels_atlas" },
				"east": { "uv": [ 3.5, 7, 3.25, 7.75 ], "texture": "#voxels_atlas" }
			}
		},
		{
			"__comment": "Voxels",
			"from": [ 0, 8.5, 3 ],
			"to": [ 1.5, 9, 3.5 ],
			"faces": {
				"down": { "uv": [ 2.75, 3, 3.5, 3.25 ], "texture": "#voxels_atlas" },
				"up": { "uv": [ 2.75, 3, 3.5, 2.75 ], "texture": "#voxels_atlas" },
				"north": { "uv": [ 3.5, 1.75, 2.75, 2 ], "texture": "#voxels_atlas" },
				"south": { "uv": [ 2.75, 4.5, 3.5, 4.75 ], "texture": "#voxels_atlas" },
				"west": { "uv": [ 7.5, 1.5, 7.75, 1.75 ], "texture": "#voxels_atlas" },
				"east": { "uv": [ 8, 1.5, 7.75, 1.75 ], "texture": "#voxels_atlas" }
			}
		},
		{
			"__comment": "Voxels",
			"from": [ 0, 8.5, 10.5 ],
			"to": [ 1, 10, 11 ],
			"faces": {
				"down": { "uv": [ 0, 0, 0.5, 0.25 ], "texture": "#voxels_atlas" },
				"up": { "uv": [ 0.5, 0.25, 1, 0 ], "texture": "#voxels_atlas" },
				"north": { "uv": [ 1, 3.25, 0.5, 4 ], "texture": "#voxels_atlas" },
				"south": { "uv": [ 0.5, 2.5, 1, 3.25 ], "texture": "#voxels_atlas" },
				"west": { "uv": [ 6.5, 8.75, 6.75, 9.5 ], "texture": "#voxels_atlas" },
				"east": { "uv": [ 6.75, 8, 6.5, 8.75 ], "texture": "#voxels_atlas" }
			}
		},
		{
			"__comment": "Voxels",
			"from": [ 0, 8.5, 12 ],
			"to": [ 1.5, 9, 12.5 ],
			"faces": {
				"down": { "uv": [ 6.75, 9.25, 7.5, 9.5 ], "texture": "#voxels_atlas" },
				"up": { "uv": [ 7.5, 9.5, 8.25, 9.25 ], "texture": "#voxels_atlas" },
				"north": { "uv": [ 9, 9.25, 8.25, 9.5 ], "texture": "#voxels_atlas" },
				"south": { "uv": [ 9, 9.25, 9.75, 9.5 ], "texture": "#voxels_atlas" },
				"west": { "uv": [ 7.5, 1.25, 7.75, 1.5 ], "texture": "#voxels_atlas" },
				"east": { "uv": [ 8, 1.25, 7.75, 1.5 ], "texture": "#voxels_atlas" }
			}
		},
		{
			"__comment": "Voxels",
			"from": [ 0, 9, 5 ],
			"to": [ 1, 10, 5.5 ],
			"faces": {
				"down": { "uv": [ 3, 6, 3.5, 6.25 ], "texture": "#voxels_atlas" },
				"up": { "uv": [ 3, 6, 3.5, 5.75 ], "texture": "#voxels_atlas" },
				"north": { "uv": [ 5.5, 1.5, 5, 2 ], "texture": "#voxels_atlas" },
				"south": { "uv": [ 5, 1, 5.5, 1.5 ], "texture": "#voxels_atlas" },
				"west": { "uv": [ 6.5, 6, 6.75, 6.5 ], "texture": "#voxels_atlas" },
				"east": { "uv": [ 6.75, 5.5, 6.5, 6 ], "texture": "#voxels_atlas" }
			}
		},
		{
			"__comment": "Voxels",
			"from": [ 0, 9, 10 ],
			"to": [ 1, 10, 10.5 ],
			"faces": {
				"down": { "uv": [ 3, 5.5, 3.5, 5.75 ], "texture": "#voxels_atlas" },
				"up": { "uv": [ 3, 5.5, 3.5, 5.25 ], "texture": "#voxels_atlas" },
				"north": { "uv": [ 5.5, 0.5, 5, 1 ], "texture": "#voxels_atlas" },
				"south": { "uv": [ 5, 0, 5.5, 0.5 ], "texture": "#voxels_atlas" },
				"west": { "uv": [ 6.5, 5, 6.75, 5.5 ], "texture": "#voxels_atlas" },
				"east": { "uv": [ 6.75, 4.5, 6.5, 5 ], "texture": "#voxels_atlas" }
			}
		},
		{
			"__comment": "Voxels",
			"from": [ 0, 9.5, 4 ],
			"to": [ 1, 10, 4.5 ],
			"faces": {
				"down": { "uv": [ 3, 5, 3.5, 5.25 ], "texture": "#voxels_atlas" },
				"up": { "uv": [ 3, 5, 3.5, 4.75 ], "texture": "#voxels_atlas" },
				"north": { "uv": [ 3, 0, 2.5, 0.25 ], "texture": "#voxels_atlas" },
				"south": { "uv": [ 3, 0, 3.5, 0.25 ], "texture": "#voxels_atlas" },
				"west": { "uv": [ 7.5, 0.75, 7.75, 1 ], "texture": "#voxels_atlas" },
				"east": { "uv": [ 8, 0.75, 7.75, 1 ], "texture": "#voxels_atlas" }
			}
		},
		{
			"__comment": "Voxels",
			"from": [ 0, 9.5, 5.5 ],
			"to": [ 1, 10, 10 ],
			"faces": {
				"down": { "uv": [ 0, 1.25, 0.5, 3.5 ], "texture": "#voxels_atlas" },
				"up": { "uv": [ 0.5, 11, 1, 8.75 ], "texture": "#voxels_atlas" },
				"north": { "uv": [ 16, 9.75, 15.5, 10 ], "texture": "#voxels_atlas" },
				"south": { "uv": [ 15.5, 9.5, 16, 9.75 ], "texture": "#voxels_atlas" },
				"west": { "uv": [ 13.75, 12.25, 16, 12.5 ], "texture": "#voxels_atlas" },
				"east": { "uv": [ 16, 12, 13.75, 12.25 ], "texture": "#voxels_atlas" }
			}
		},
		{
			"__comment": "Voxels",
			"from": [ 0, 9.5, 11 ],
			"to": [ 1, 10, 11.5 ],
			"faces": {
				"down": { "uv": [ 6, 4.25, 6.5, 4.5 ], "texture": "#voxels_atlas" },
				"up": { "uv": [ 9.75, 8.75, 10.25, 8.5 ], "texture": "#voxels_atlas" },
				"north": { "uv": [ 10.75, 8.5, 10.25, 8.75 ], "texture": "#voxels_atlas" },
				"south": { "uv": [ 10.75, 8.5, 11.25, 8.75 ], "texture": "#voxels_atlas" },
				"west": { "uv": [ 7.5, 0.5, 7.75, 0.75 ], "texture": "#voxels_atlas" },
				"east": { "uv": [ 8, 0.5, 7.75, 0.75 ], "texture": "#voxels_atlas" }
			}
		},
		{
			"__comment": "Voxels",
			"from": [ 0.5, 7.5, 3 ],
			"to": [ 1.5, 8.5, 3.5 ],
			"faces": {
				"down": { "uv": [ 11.25, 8.5, 11.75, 8.75 ], "texture": "#voxels_atlas" },
				"up": { "uv": [ 11.75, 8.75, 12.25, 8.5 ], "texture": "#voxels_atlas" },
				"north": { "uv": [ 5.5, 7.5, 5, 8 ], "texture": "#voxels_atlas" },
				"south": { "uv": [ 5, 7, 5.5, 7.5 ], "texture": "#voxels_atlas" },
				"west": { "uv": [ 6.5, 4, 6.75, 4.5 ], "texture": "#voxels_atlas" },
				"east": { "uv": [ 6.75, 3.5, 6.5, 4 ], "texture": "#voxels_atlas" }
			}
		},
		{
			"__comment": "Voxels",
			"from": [ 0.5, 7.5, 3.5 ],
			"to": [ 1, 8, 4 ],
			"faces": {
				"down": { "uv": [ 7.5, 0, 7.75, 0.25 ], "texture": "#voxels_atlas" },
				"up": { "uv": [ 7.75, 0.25, 8, 0 ], "texture": "#voxels_atlas" },
				"north": { "uv": [ 9.75, 7.75, 9.5, 8 ], "texture": "#voxels_atlas" },
				"south": { "uv": [ 9.75, 7.75, 10, 8 ], "texture": "#voxels_atlas" },
				"west": { "uv": [ 10.5, 7.75, 10.75, 8 ], "texture": "#voxels_atlas" },
				"east": { "uv": [ 11, 7.75, 10.75, 8 ], "texture": "#voxels_atlas" }
			}
		},
		{
			"__comment": "Voxels",
			"from": [ 0.5, 7.5, 11.5 ],
			"to": [ 1, 8, 12.5 ],
			"faces": {
				"down": { "uv": [ 6.5, 3, 6.75, 3.5 ], "texture": "#voxels_atlas" },
				"up": { "uv": [ 6.5, 3, 6.75, 2.5 ], "texture": "#voxels_atlas" },
				"north": { "uv": [ 14.75, 7.75, 14.5, 8 ], "texture": "#voxels_atlas" },
				"south": { "uv": [ 14.75, 7.75, 15, 8 ], "texture": "#voxels_atlas" },
				"west": { "uv": [ 13.25, 8.5, 13.75, 8.75 ], "texture": "#voxels_atlas" },
				"east": { "uv": [ 14.25, 8.5, 13.75, 8.75 ], "texture": "#voxels_atlas" }
			}
		},
		{
			"__comment": "Voxels",
			"from": [ 0.5, 8, 12 ],
			"to": [ 1.5, 8.5, 12.5 ],
			"faces": {
				"down": { "uv": [ 14.25, 8.5, 14.75, 8.75 ], "texture": "#voxels_atlas" },
				"up": { "uv": [ 14.75, 8.75, 15.25, 8.5 ], "texture": "#voxels_atlas" },
				"north": { "uv": [ 15.75, 8.5, 15.25, 8.75 ], "texture": "#voxels_atlas" },
				"south": { "uv": [ 6.75, 8.25, 7.25, 8.5 ], "texture": "#voxels_atlas" },
				"west": { "uv": [ 8, 5.5, 8.25, 5.75 ], "texture": "#voxels_atlas" },
				"east": { "uv": [ 8.25, 5.25, 8, 5.5 ], "texture": "#voxels_atlas" }
			}
		},
		{
			"__comment": "Voxels",
			"from": [ 0.5, 8.5, 2.5 ],
			"to": [ 2, 9, 3 ],
			"faces": {
				"down": { "uv": [ 2.75, 1.5, 3.5, 1.75 ], "texture": "#voxels_atlas" },
				"up": { "uv": [ 8.25, 9.25, 9, 9 ], "texture": "#voxels_atlas" },
				"north": { "uv": [ 9.75, 9, 9, 9.25 ], "texture": "#voxels_atlas" },
				"south": { "uv": [ 9.75, 9, 10.5, 9.25 ], "texture": "#voxels_atlas" },
				"west": { "uv": [ 8, 5, 8.25, 5.25 ], "texture": "#voxels_atlas" },
				"east": { "uv": [ 8.25, 4.75, 8, 5 ], "texture": "#voxels_atlas" }
			}
		},
		{
			"__comment": "Voxels",
			"from": [ 0.5, 8.5, 12.5 ],
			"to": [ 2, 9, 13 ],
			"faces": {
				"down": { "uv": [ 12, 9, 12.75, 9.25 ], "texture": "#voxels_atlas" },
				"up": { "uv": [ 12.75, 9.25, 13.5, 9 ], "texture": "#voxels_atlas" },
				"north": { "uv": [ 14.25, 9, 13.5, 9.25 ], "texture": "#voxels_atlas" },
				"south": { "uv": [ 14.25, 9, 15, 9.25 ], "texture": "#voxels_atlas" },
				"west": { "uv": [ 8, 4, 8.25, 4.25 ], "texture": "#voxels_atlas" },
				"east": { "uv": [ 8.25, 3.75, 8, 4 ], "texture": "#voxels_atlas" }
			}
		},
		{
			"__comment": "Voxels",
			"from": [ 0.5, 9, 3 ],
			"to": [ 1.5, 10, 3.5 ],
			"faces": {
				"down": { "uv": [ 6.75, 5.75, 7.25, 6 ], "texture": "#voxels_atlas" },
				"up": { "uv": [ 6.75, 5.75, 7.25, 5.5 ], "texture": "#voxels_atlas" },
				"north": { "uv": [ 5.5, 8.5, 5, 9 ], "texture": "#voxels_atlas" },
				"south": { "uv": [ 5, 8, 5.5, 8.5 ], "texture": "#voxels_atlas" },
				"west": { "uv": [ 6.5, 2, 6.75, 2.5 ], "texture": "#voxels_atlas" },
				"east": { "uv": [ 7, 4.25, 6.75, 4.75 ], "texture": "#voxels_atlas" }
			}
		},
		{
			"__comment": "Voxels",
			"from": [ 0.5, 9, 12 ],
			"to": [ 1.5, 10, 12.5 ],
			"faces": {
				"down": { "uv": [ 6.75, 4, 7.25, 4.25 ], "texture": "#voxels_atlas" },
				"up": { "uv": [ 6.75, 4, 7.25, 3.75 ], "texture": "#voxels_atlas" },
				"north": { "uv": [ 5.5, 6.5, 5, 7 ], "texture": "#voxels_atlas" },
				"south": { "uv": [ 5, 6, 5.5, 6.5 ], "texture": "#voxels_atlas" },
				"west": { "uv": [ 7.25, 4, 7.5, 4.5 ], "texture": "#voxels_atlas" },
				"east": { "uv": [ 7.5, 4.5, 7.25, 5 ], "texture": "#voxels_atlas" }
			}
		},
		{
			"__comment": "Voxels",
			"from": [ 0.5, 9.5, 3.5 ],
			"to": [ 1, 10, 4 ],
			"faces": {
				"down": { "uv": [ 11.75, 7.25, 12, 7.5 ], "texture": "#voxels_atlas" },
				"up": { "uv": [ 11.5, 7.5, 11.75, 7.25 ], "texture": "#voxels_atlas" },
				"north": { "uv": [ 11, 7.25, 10.75, 7.5 ], "texture": "#voxels_atlas" },
				"south": { "uv": [ 10.5, 7.25, 10.75, 7.5 ], "texture": "#voxels_atlas" },
				"west": { "uv": [ 10.25, 7.25, 10.5, 7.5 ], "texture": "#voxels_atlas" },
				"east": { "uv": [ 10.25, 7.25, 10, 7.5 ], "texture": "#voxels_atlas" }
			}
		},
		{
			"__comment": "Voxels",
			"from": [ 0.5, 9.5, 11.5 ],
			"to": [ 1, 10, 12 ],
			"faces": {
				"down": { "uv": [ 9.25, 7.25, 9.5, 7.5 ], "texture": "#voxels_atlas" },
				"up": { "uv": [ 9, 7.5, 9.25, 7.25 ], "texture": "#voxels_atlas" },
				"north": { "uv": [ 9, 7.25, 8.75, 7.5 ], "texture": "#voxels_atlas" },
				"south": { "uv": [ 8.5, 7.25, 8.75, 7.5 ], "texture": "#voxels_atlas" },
				"west": { "uv": [ 8.25, 0.5, 8.5, 0.75 ], "texture": "#voxels_atlas" },
				"east": { "uv": [ 8.5, 0.75, 8.25, 1 ], "texture": "#voxels_atlas" }
			}
		},
		{
			"__comment": "Voxels",
			"from": [ 1, 7.5, 2.5 ],
			"to": [ 2, 8.5, 3 ],
			"faces": {
				"down": { "uv": [ 7.5, 6.25, 8, 6.5 ], "texture": "#voxels_atlas" },
				"up": { "uv": [ 7.5, 6.75, 8, 6.5 ], "texture": "#voxels_atlas" },
				"north": { "uv": [ 5.5, 5.5, 5, 6 ], "texture": "#voxels_atlas" },
				"south": { "uv": [ 5, 5, 5.5, 5.5 ], "texture": "#voxels_atlas" },
				"west": { "uv": [ 7.25, 5, 7.5, 5.5 ], "texture": "#voxels_atlas" },
				"east": { "uv": [ 7.5, 5.5, 7.25, 6 ], "texture": "#voxels_atlas" }
			}
		},
		{
			"__comment": "Voxels",
			"from": [ 1, 7.5, 12 ],
			"to": [ 1.5, 8, 13 ],
			"faces": {
				"down": { "uv": [ 7.25, 6, 7.5, 6.5 ], "texture": "#voxels_atlas" },
				"up": { "uv": [ 7.25, 7, 7.5, 6.5 ], "texture": "#voxels_atlas" },
				"north": { "uv": [ 8.5, 3.5, 8.25, 3.75 ], "texture": "#voxels_atlas" },
				"south": { "uv": [ 8.25, 3.75, 8.5, 4 ], "texture": "#voxels_atlas" },
				"west": { "uv": [ 7.5, 6.75, 8, 7 ], "texture": "#voxels_atlas" },
				"east": { "uv": [ 8, 7, 7.5, 7.25 ], "texture": "#voxels_atlas" }
			}
		},
		{
			"__comment": "Voxels",
			"from": [ 1, 8, 12.5 ],
			"to": [ 2, 8.5, 13 ],
			"faces": {
				"down": { "uv": [ 12, 8.25, 12.5, 8.5 ], "texture": "#voxels_atlas" },
				"up": { "uv": [ 11.5, 8.5, 12, 8.25 ], "texture": "#voxels_atlas" },
				"north": { "uv": [ 11.5, 8.25, 11, 8.5 ], "texture": "#voxels_atlas" },
				"south": { "uv": [ 10.5, 8.25, 11, 8.5 ], "texture": "#voxels_atlas" },
				"west": { "uv": [ 8, 6.25, 8.25, 6.5 ], "texture": "#voxels_atlas" },
				"east": { "uv": [ 8.25, 6.5, 8, 6.75 ], "texture": "#voxels_atlas" }
			}
		},
		{
			"__comment": "Voxels",
			"from": [ 1, 8.5, 2 ],
			"to": [ 3.5, 9, 2.5 ],
			"faces": {
				"down": { "uv": [ 3.5, 5.25, 4.75, 5.5 ], "texture": "#voxels_atlas" },
				"up": { "uv": [ 3.5, 4.75, 4.75, 4.5 ], "texture": "#voxels_atlas" },
				"north": { "uv": [ 4.75, 4.25, 3.5, 4.5 ], "texture": "#voxels_atlas" },
				"south": { "uv": [ 3.5, 4, 4.75, 4.25 ], "texture": "#voxels_atlas" },
				"west": { "uv": [ 8, 6.75, 8.25, 7 ], "texture": "#voxels_atlas" },
				"east": { "uv": [ 8.25, 7, 8, 7.25 ], "texture": "#voxels_atlas" }
			}
		},
		{
			"__comment": "Voxels",
			"from": [ 1, 8.5, 6.5 ],
			"to": [ 22, 9, 7 ],
			"faces": {
				"down": { "uv": [ 0, 12, 10.5, 12.25 ], "texture": "#voxels_atlas" },
				"up": { "uv": [ 0, 12, 10.5, 11.75 ], "texture": "#voxels_atlas" },
				"north": { "uv": [ 10.5, 11.5, 0, 11.75 ], "texture": "#voxels_atlas" },
				"south": { "uv": [ 0, 11, 10.5, 11.25 ], "texture": "#voxels_atlas" },
				"west": { "uv": [ 14.25, 7.75, 14.5, 8 ], "texture": "#voxels_atlas" },
				"east": { "uv": [ 14.25, 7.75, 14, 8 ], "texture": "#voxels_atlas" }
			}
		},
		{
			"__comment": "Voxels",
			"from": [ 1, 8.5, 8.5 ],
			"to": [ 22, 9, 9 ],
			"faces": {
				"down": { "uv": [ 0, 11.25, 10.5, 11.5 ], "texture": "#voxels_atlas" },
				"up": { "uv": [ 0, 12.5, 10.5, 12.25 ], "texture": "#voxels_atlas" },
				"north": { "uv": [ 10.5, 12.5, 0, 12.75 ], "texture": "#voxels_atlas" },
				"south": { "uv": [ 0, 12.75, 10.5, 13 ], "texture": "#voxels_atlas" },
				"west": { "uv": [ 13.75, 7.75, 14, 8 ], "texture": "#voxels_atlas" },
				"east": { "uv": [ 13.75, 7.75, 13.5, 8 ], "texture": "#voxels_atlas" }
			}
		},
		{
			"__comment": "Voxels",
			"from": [ 1, 8.5, 13 ],
			"to": [ 3.5, 9, 13.5 ],
			"faces": {
				"down": { "uv": [ 5, 10.75, 6.25, 11 ], "texture": "#voxels_atlas" },
				"up": { "uv": [ 6.25, 11, 7.5, 10.75 ], "texture": "#voxels_atlas" },
				"north": { "uv": [ 8.75, 10.75, 7.5, 11 ], "texture": "#voxels_atlas" },
				"south": { "uv": [ 8.75, 10.75, 10, 11 ], "texture": "#voxels_atlas" },
				"west": { "uv": [ 11.25, 7.75, 11.5, 8 ], "texture": "#voxels_atlas" },
				"east": { "uv": [ 11.25, 7.75, 11, 8 ], "texture": "#voxels_atlas" }
			}
		},
		{
			"__comment": "Voxels",
			"from": [ 1, 9, 2.5 ],
			"to": [ 2, 10, 3 ],
			"faces": {
				"down": { "uv": [ 9, 8.25, 9.5, 8.5 ], "texture": "#voxels_atlas" },
				"up": { "uv": [ 8.5, 8.5, 9, 8.25 ], "texture": "#voxels_atlas" },
				"north": { "uv": [ 5.5, 4.5, 5, 5 ], "texture": "#voxels_atlas" },
				"south": { "uv": [ 5, 4, 5.5, 4.5 ], "texture": "#voxels_atlas" },
				"west": { "uv": [ 7.25, 7, 7.5, 7.5 ], "texture": "#voxels_atlas" },
				"east": { "uv": [ 7.5, 7.5, 7.25, 8 ], "texture": "#voxels_atlas" }
			}
		},
		{
			"__comment": "Voxels",
			"from": [ 1, 9, 6.5 ],
			"to": [ 6, 9.5, 7 ],
			"faces": {
				"down": { "uv": [ 1, 10.75, 3.5, 11 ], "texture": "#voxels_atlas" },
				"up": { "uv": [ 13, 11.25, 15.5, 11 ], "texture": "#voxels_atlas" },
				"north": { "uv": [ 13, 11, 10.5, 11.25 ], "texture": "#voxels_atlas" },
				"south": { "uv": [ 13, 11.25, 15.5, 11.5 ], "texture": "#voxels_atlas" },
				"west": { "uv": [ 9.25, 7.75, 9.5, 8 ], "texture": "#voxels_atlas" },
				"east": { "uv": [ 9.25, 7.75, 9, 8 ], "texture": "#voxels_atlas" }
			}
		},
		{
			"__comment": "Voxels",
			"from": [ 1, 9, 8.5 ],
			"to": [ 6, 9.5, 9 ],
			"faces": {
				"down": { "uv": [ 10.5, 11.25, 13, 11.5 ], "texture": "#voxels_atlas" },
				"up": { "uv": [ 1, 10.75, 3.5, 10.5 ], "texture": "#voxels_atlas" },
				"north": { "uv": [ 3.5, 10.25, 1, 10.5 ], "texture": "#voxels_atlas" },
				"south": { "uv": [ 1, 10, 3.5, 10.25 ], "texture": "#voxels_atlas" },
				"west": { "uv": [ 8.25, 7.75, 8.5, 8 ], "texture": "#voxels_atlas" },
				"east": { "uv": [ 8.25, 7.75, 8, 8 ], "texture": "#voxels_atlas" }
			}
		},
		{
			"__comment": "Voxels",
			"from": [ 1, 9, 12.5 ],
			"to": [ 2, 10, 13 ],
			"faces": {
				"down": { "uv": [ 8, 8.25, 8.5, 8.5 ], "texture": "#voxels_atlas" },
				"up": { "uv": [ 7.5, 8.5, 8, 8.25 ], "texture": "#voxels_atlas" },
				"north": { "uv": [ 5.5, 3.5, 5, 4 ], "texture": "#voxels_atlas" },
				"south": { "uv": [ 5, 3, 5.5, 3.5 ], "texture": "#voxels_atlas" },
				"west": { "uv": [ 7.25, 8, 7.5, 8.5 ], "texture": "#voxels_atlas" },
				"east": { "uv": [ 7.25, 4.25, 7, 4.75 ], "texture": "#voxels_atlas" }
			}
		},
		{
			"__comment": "Voxels",
			"from": [ 1.5, 7.5, 2 ],
			"to": [ 2.5, 8.5, 2.5 ],
			"faces": {
				"down": { "uv": [ 6.75, 0, 7.25, 0.25 ], "texture": "#voxels_atlas" },
				"up": { "uv": [ 6.75, 0.5, 7.25, 0.25 ], "texture": "#voxels_atlas" },
				"north": { "uv": [ 5.5, 2.5, 5, 3 ], "texture": "#voxels_atlas" },
				"south": { "uv": [ 5, 2, 5.5, 2.5 ], "texture": "#voxels_atlas" },
				"west": { "uv": [ 6.5, 0, 6.75, 0.5 ], "texture": "#voxels_atlas" },
				"east": { "uv": [ 6.75, 0.5, 6.5, 1 ], "texture": "#voxels_atlas" }
			}
		},
		{
			"__comment": "Voxels",
			"from": [ 1.5, 7.5, 12.5 ],
			"to": [ 2, 8, 13.5 ],
			"faces": {
				"down": { "uv": [ 6.5, 1, 6.75, 1.5 ], "texture": "#voxels_atlas" },
				"up": { "uv": [ 6.5, 2, 6.75, 1.5 ], "texture": "#voxels_atlas" },
				"north": { "uv": [ 8, 5, 7.75, 5.25 ], "texture": "#voxels_atlas" },
				"south": { "uv": [ 7.5, 5, 7.75, 5.25 ], "texture": "#voxels_atlas" },
				"west": { "uv": [ 6.75, 4.75, 7.25, 5 ], "texture": "#voxels_atlas" },
				"east": { "uv": [ 7.25, 5, 6.75, 5.25 ], "texture": "#voxels_atlas" }
			}
		},
		{
			"__comment": "Voxels",
			"from": [ 1.5, 8, 13 ],
			"to": [ 3, 8.5, 13.5 ],
			"faces": {
				"down": { "uv": [ 12, 9.25, 12.75, 9.5 ], "texture": "#voxels_atlas" },
				"up": { "uv": [ 11.25, 9.5, 12, 9.25 ], "texture": "#voxels_atlas" },
				"north": { "uv": [ 6.25, 2.75, 5.5, 3 ], "texture": "#voxels_atlas" },
				"south": { "uv": [ 5.5, 0.25, 6.25, 0.5 ], "texture": "#voxels_atlas" },
				"west": { "uv": [ 4.75, 3.25, 5, 3.5 ], "texture": "#voxels_atlas" },
				"east": { "uv": [ 5, 3.5, 4.75, 3.75 ], "texture": "#voxels_atlas" }
			}
		},
		{
			"__comment": "Voxels",
			"from": [ 1.5, 9, 2 ],
			"to": [ 3, 9.5, 2.5 ],
			"faces": {
				"down": { "uv": [ 10.5, 9, 11.25, 9.25 ], "texture": "#voxels_atlas" },
				"up": { "uv": [ 7.5, 9.25, 8.25, 9 ], "texture": "#voxels_atlas" },
				"north": { "uv": [ 3.5, 4.25, 2.75, 4.5 ], "texture": "#voxels_atlas" },
				"south": { "uv": [ 6.75, 9, 7.5, 9.25 ], "texture": "#voxels_atlas" },
				"west": { "uv": [ 4.75, 4.25, 5, 4.5 ], "texture": "#voxels_atlas" },
				"east": { "uv": [ 5, 4.5, 4.75, 4.75 ], "texture": "#voxels_atlas" }
			}
		},
		{
			"__comment": "Voxels",
			"from": [ 1.5, 9, 13 ],
			"to": [ 3, 9.5, 13.5 ],
			"faces": {
				"down": { "uv": [ 15, 9.25, 15.75, 9.5 ], "texture": "#voxels_atlas" },
				"up": { "uv": [ 10.5, 9.5, 11.25, 9.25 ], "texture": "#voxels_atlas" },
				"north": { "uv": [ 10.5, 9.25, 9.75, 9.5 ], "texture": "#voxels_atlas" },
				"south": { "uv": [ 5.5, 1.75, 6.25, 2 ], "texture": "#voxels_atlas" },
				"west": { "uv": [ 4.75, 6, 5, 6.25 ], "texture": "#voxels_atlas" },
				"east": { "uv": [ 16, 11.5, 15.75, 11.75 ], "texture": "#voxels_atlas" }
			}
		},
		{
			"__comment": "Voxels",
			"from": [ 1.5, 9.5, 2 ],
			"to": [ 2.5, 10, 2.5 ],
			"faces": {
				"down": { "uv": [ 6.75, 5.25, 7.25, 5.5 ], "texture": "#voxels_atlas" },
				"up": { "uv": [ 6.75, 8, 7.25, 7.75 ], "texture": "#voxels_atlas" },
				"north": { "uv": [ 7.25, 8, 6.75, 8.25 ], "texture": "#voxels_atlas" },
				"south": { "uv": [ 12.75, 8.5, 13.25, 8.75 ], "texture": "#voxels_atlas" },
				"west": { "uv": [ 15.75, 13.25, 16, 13.5 ], "texture": "#voxels_atlas" },
				"east": { "uv": [ 8.5, 5, 8.25, 5.25 ], "texture": "#voxels_atlas" }
			}
		},
		{
			"__comment": "Voxels",
			"from": [ 1.5, 9.5, 13 ],
			"to": [ 2.5, 10, 13.5 ],
			"faces": {
				"down": { "uv": [ 7.5, 7.25, 8, 7.5 ], "texture": "#voxels_atlas" },
				"up": { "uv": [ 7.5, 7.75, 8, 7.5 ], "texture": "#voxels_atlas" },
				"north": { "uv": [ 8, 7.75, 7.5, 8 ], "texture": "#voxels_atlas" },
				"south": { "uv": [ 15.5, 8, 16, 8.25 ], "texture": "#voxels_atlas" },
				"west": { "uv": [ 8.25, 7.25, 8.5, 7.5 ], "texture": "#voxels_atlas" },
				"east": { "uv": [ 15.5, 7.5, 15.25, 7.75 ], "texture": "#voxels_atlas" }
			}
		},
		{
			"__comment": "Voxels",
			"from": [ 2, 7.5, 13 ],
			"to": [ 2.5, 8, 13.5 ],
			"faces": {
				"down": { "uv": [ 15, 7.5, 15.25, 7.75 ], "texture": "#voxels_atlas" },
				"up": { "uv": [ 13.75, 7.75, 14, 7.5 ], "texture": "#voxels_atlas" },
				"north": { "uv": [ 13.75, 7.5, 13.5, 7.75 ], "texture": "#voxels_atlas" },
				"south": { "uv": [ 13.25, 7.5, 13.5, 7.75 ], "texture": "#voxels_atlas" },
				"west": { "uv": [ 13, 7.5, 13.25, 7.75 ], "texture": "#voxels_atlas" },
				"east": { "uv": [ 15.5, 7.75, 15.25, 8 ], "texture": "#voxels_atlas" }
			}
		},
		{
			"__comment": "Voxels",
			"from": [ 2.5, 8, 2 ],
			"to": [ 3, 8.5, 2.5 ],
			"faces": {
				"down": { "uv": [ 15, 7.75, 15.25, 8 ], "texture": "#voxels_atlas" },
				"up": { "uv": [ 12.75, 8, 13, 7.75 ], "texture": "#voxels_atlas" },
				"north": { "uv": [ 12.75, 7.75, 12.5, 8 ], "texture": "#voxels_atlas" },
				"south": { "uv": [ 4.75, 5.25, 5, 5.5 ], "texture": "#voxels_atlas" },
				"west": { "uv": [ 12, 7.75, 12.25, 8 ], "texture": "#voxels_atlas" },
				"east": { "uv": [ 12.5, 7.75, 12.25, 8 ], "texture": "#voxels_atlas" }
			}
		},
		{
			"__comment": "Voxels",
			"from": [ 2.5, 8.5, 6 ],
			"to": [ 6.5, 9, 6.5 ],
			"faces": {
				"down": { "uv": [ 13.75, 11.75, 15.75, 12 ], "texture": "#voxels_atlas" },
				"up": { "uv": [ 13.75, 11.75, 15.75, 11.5 ], "texture": "#voxels_atlas" },
				"north": { "uv": [ 3, 6, 1, 6.25 ], "texture": "#voxels_atlas" },
				"south": { "uv": [ 1, 4.75, 3, 5 ], "texture": "#voxels_atlas" },
				"west": { "uv": [ 15.5, 7.75, 15.75, 8 ], "texture": "#voxels_atlas" },
				"east": { "uv": [ 16, 7.75, 15.75, 8 ], "texture": "#voxels_atlas" }
			}
		},
		{
			"__comment": "Voxels",
			"from": [ 2.5, 8.5, 9 ],
			"to": [ 6.5, 9, 9.5 ],
			"faces": {
				"down": { "uv": [ 1, 5.25, 3, 5.5 ], "texture": "#voxels_atlas" },
				"up": { "uv": [ 1, 5.25, 3, 5 ], "texture": "#voxels_atlas" },
				"north": { "uv": [ 3, 5.75, 1, 6 ], "texture": "#voxels_atlas" },
				"south": { "uv": [ 1, 5.5, 3, 5.75 ], "texture": "#voxels_atlas" },
				"west": { "uv": [ 14.5, 7.5, 14.75, 7.75 ], "texture": "#voxels_atlas" },
				"east": { "uv": [ 15, 7.5, 14.75, 7.75 ], "texture": "#voxels_atlas" }
			}
		},
		{
			"__comment": "Voxels",
			"from": [ 3, 8, 6.5 ],
			"to": [ 6, 8.5, 7 ],
			"faces": {
				"down": { "uv": [ 3.5, 6.25, 5, 6.5 ], "texture": "#voxels_atlas" },
				"up": { "uv": [ 3.5, 6.75, 5, 6.5 ], "texture": "#voxels_atlas" },
				"north": { "uv": [ 5, 6.75, 3.5, 7 ], "texture": "#voxels_atlas" },
				"south": { "uv": [ 3.5, 7, 5, 7.25 ], "texture": "#voxels_atlas" },
				"west": { "uv": [ 8.25, 6.75, 8.5, 7 ], "texture": "#voxels_atlas" },
				"east": { "uv": [ 8.5, 6.5, 8.25, 6.75 ], "texture": "#voxels_atlas" }
			}
		},
		{
			"__comment": "Voxels",
			"from": [ 3, 8, 8.5 ],
			"to": [ 6, 8.5, 9 ],
			"faces": {
				"down": { "uv": [ 3.5, 7.25, 5, 7.5 ], "texture": "#voxels_atlas" },
				"up": { "uv": [ 3.5, 7.75, 5, 7.5 ], "texture": "#voxels_atlas" },
				"north": { "uv": [ 5, 7.75, 3.5, 8 ], "texture": "#voxels_atlas" },
				"south": { "uv": [ 3.5, 8, 5, 8.25 ], "texture": "#voxels_atlas" },
				"west": { "uv": [ 8, 3.5, 8.25, 3.75 ], "texture": "#voxels_atlas" },
				"east": { "uv": [ 8.25, 3.25, 8, 3.5 ], "texture": "#voxels_atlas" }
			}
		},
		{
			"__comment": "Voxels",
			"from": [ 3, 8.5, 5.5 ],
			"to": [ 4.5, 9, 6 ],
			"faces": {
				"down": { "uv": [ 5.5, 1.5, 6.25, 1.75 ], "texture": "#voxels_atlas" },
				"up": { "uv": [ 5.5, 1.5, 6.25, 1.25 ], "texture": "#voxels_atlas" },
				"north": { "uv": [ 6.25, 1, 5.5, 1.25 ], "texture": "#voxels_atlas" },
				"south": { "uv": [ 5.5, 0.75, 6.25, 1 ], "texture": "#voxels_atlas" },
				"west": { "uv": [ 8, 2.5, 8.25, 2.75 ], "texture": "#voxels_atlas" },
				"east": { "uv": [ 8.25, 2.25, 8, 2.5 ], "texture": "#voxels_atlas" }
			}
		},
		{
			"__comment": "Voxels",
			"from": [ 3, 8.5, 9.5 ],
			"to": [ 4.5, 9, 10 ],
			"faces": {
				"down": { "uv": [ 5.5, 0, 6.25, 0.25 ], "texture": "#voxels_atlas" },
				"up": { "uv": [ 12.75, 9.5, 13.5, 9.25 ], "texture": "#voxels_atlas" },
				"north": { "uv": [ 14.25, 9.25, 13.5, 9.5 ], "texture": "#voxels_atlas" },
				"south": { "uv": [ 2.75, 1.25, 3.5, 1.5 ], "texture": "#voxels_atlas" },
				"west": { "uv": [ 8, 2, 8.25, 2.25 ], "texture": "#voxels_atlas" },
				"east": { "uv": [ 8.25, 1.75, 8, 2 ], "texture": "#voxels_atlas" }
			}
		},
		{
			"__comment": "Voxels",
			"from": [ 3.5, 8, 6 ],
			"to": [ 4, 8.5, 6.5 ],
			"faces": {
				"down": { "uv": [ 8, 1, 8.25, 1.25 ], "texture": "#voxels_atlas" },
				"up": { "uv": [ 8, 1, 8.25, 0.75 ], "texture": "#voxels_atlas" },
				"north": { "uv": [ 8.25, 0.25, 8, 0.5 ], "texture": "#voxels_atlas" },
				"south": { "uv": [ 8.5, 7.5, 8.75, 7.75 ], "texture": "#voxels_atlas" },
				"west": { "uv": [ 8.75, 7.5, 9, 7.75 ], "texture": "#voxels_atlas" },
				"east": { "uv": [ 9.25, 7.5, 9, 7.75 ], "texture": "#voxels_atlas" }
			}
		},
		{
			"__comment": "Voxels",
			"from": [ 3.5, 8, 9 ],
			"to": [ 4, 8.5, 9.5 ],
			"faces": {
				"down": { "uv": [ 9.25, 7.5, 9.5, 7.75 ], "texture": "#voxels_atlas" },
				"up": { "uv": [ 10, 7.75, 10.25, 7.5 ], "texture": "#voxels_atlas" },
				"north": { "uv": [ 10.5, 7.5, 10.25, 7.75 ], "texture": "#voxels_atlas" },
				"south": { "uv": [ 10.5, 7.5, 10.75, 7.75 ], "texture": "#voxels_atlas" },
				"west": { "uv": [ 10.75, 7.5, 11, 7.75 ], "texture": "#voxels_atlas" },
				"east": { "uv": [ 11.75, 7.5, 11.5, 7.75 ], "texture": "#voxels_atlas" }
			}
		},
		{
			"__comment": "Voxels",
			"from": [ 3.5, 8.5, 5 ],
			"to": [ 4, 9, 5.5 ],
			"faces": {
				"down": { "uv": [ 11.75, 7.5, 12, 7.75 ], "texture": "#voxels_atlas" },
				"up": { "uv": [ 12, 7.75, 12.25, 7.5 ], "texture": "#voxels_atlas" },
				"north": { "uv": [ 12.5, 7.5, 12.25, 7.75 ], "texture": "#voxels_atlas" },
				"south": { "uv": [ 8.25, 7, 8.5, 7.25 ], "texture": "#voxels_atlas" },
				"west": { "uv": [ 8.25, 5.75, 8.5, 6 ], "texture": "#voxels_atlas" },
				"east": { "uv": [ 8.5, 5.5, 8.25, 5.75 ], "texture": "#voxels_atlas" }
			}
		},
		{
			"__comment": "Voxels",
			"from": [ 3.5, 8.5, 10 ],
			"to": [ 4, 9, 10.5 ],
			"faces": {
				"down": { "uv": [ 8.25, 5.25, 8.5, 5.5 ], "texture": "#voxels_atlas" },
				"up": { "uv": [ 8.25, 4.5, 8.5, 4.25 ], "texture": "#voxels_atlas" },
				"north": { "uv": [ 8.5, 4, 8.25, 4.25 ], "texture": "#voxels_atlas" },
				"south": { "uv": [ 8.25, 2.75, 8.5, 3 ], "texture": "#voxels_atlas" },
				"west": { "uv": [ 8.25, 2.5, 8.5, 2.75 ], "texture": "#voxels_atlas" },
				"east": { "uv": [ 8.5, 2.25, 8.25, 2.5 ], "texture": "#voxels_atlas" }
			}
		},
		{
			"__comment": "Voxels",
			"from": [ 3.5, 9, 6 ],
			"to": [ 4, 9.5, 6.5 ],
			"faces": {
				"down": { "uv": [ 8.25, 2, 8.5, 2.25 ], "texture": "#voxels_atlas" },
				"up": { "uv": [ 8.25, 1.5, 8.5, 1.25 ], "texture": "#voxels_atlas" },
				"north": { "uv": [ 5, 1.25, 4.75, 1.5 ], "texture": "#voxels_atlas" },
				"south": { "uv": [ 8.25, 1, 8.5, 1.25 ], "texture": "#voxels_atlas" },
				"west": { "uv": [ 12, 7.25, 12.25, 7.5 ], "texture": "#voxels_atlas" },
				"east": { "uv": [ 12.5, 7.25, 12.25, 7.5 ], "texture": "#voxels_atlas" }
			}
		},
		{
			"__comment": "Voxels",
			"from": [ 3.5, 9, 9 ],
			"to": [ 4, 9.5, 9.5 ],
			"faces": {
				"down": { "uv": [ 13, 7.25, 13.25, 7.5 ], "texture": "#voxels_atlas" },
				"up": { "uv": [ 13.25, 7.5, 13.5, 7.25 ], "texture": "#voxels_atlas" },
				"north": { "uv": [ 13.75, 7.25, 13.5, 7.5 ], "texture": "#voxels_atlas" },
				"south": { "uv": [ 13.75, 7.25, 14, 7.5 ], "texture": "#voxels_atlas" },
				"west": { "uv": [ 15.75, 13.75, 16, 14 ], "texture": "#voxels_atlas" },
				"east": { "uv": [ 16, 13.5, 15.75, 13.75 ], "texture": "#voxels_atlas" }
			}
		},
		{
			"__comment": "Voxels",
			"from": [ 8.5, 8.5, 6 ],
			"to": [ 12, 9, 6.5 ],
			"faces": {
				"down": { "uv": [ 14.25, 12.75, 16, 13 ], "texture": "#voxels_atlas" },
				"up": { "uv": [ 14.25, 12.75, 16, 12.5 ], "texture": "#voxels_atlas" },
				"north": { "uv": [ 2.75, 4.5, 1, 4.75 ], "texture": "#voxels_atlas" },
				"south": { "uv": [ 1, 4.25, 2.75, 4.5 ], "texture": "#voxels_atlas" },
				"west": { "uv": [ 15.75, 13, 16, 13.25 ], "texture": "#voxels_atlas" },
				"east": { "uv": [ 16, 11.75, 15.75, 12 ], "texture": "#voxels_atlas" }
			}
		},
		{
			"__comment": "Voxels",
			"from": [ 8.5, 8.5, 9 ],
			"to": [ 12, 9, 9.5 ],
			"faces": {
				"down": { "uv": [ 1, 3.25, 2.75, 3.5 ], "texture": "#voxels_atlas" },
				"up": { "uv": [ 1, 3, 2.75, 2.75 ], "texture": "#voxels_atlas" },
				"north": { "uv": [ 2.75, 4, 1, 4.25 ], "texture": "#voxels_atlas" },
				"south": { "uv": [ 1, 3, 2.75, 3.25 ], "texture": "#voxels_atlas" },
				"west": { "uv": [ 4.75, 5.75, 5, 6 ], "texture": "#voxels_atlas" },
				"east": { "uv": [ 5, 5.5, 4.75, 5.75 ], "texture": "#voxels_atlas" }
			}
		},
		{
			"__comment": "Voxels",
			"from": [ 9, 8, 6.5 ],
			"to": [ 11.5, 8.5, 7 ],
			"faces": {
				"down": { "uv": [ 6.25, 10.5, 7.5, 10.75 ], "texture": "#voxels_atlas" },
				"up": { "uv": [ 3.5, 0.25, 4.75, 0 ], "texture": "#voxels_atlas" },
				"north": { "uv": [ 4.75, 5, 3.5, 5.25 ], "texture": "#voxels_atlas" },
				"south": { "uv": [ 3.5, 1.75, 4.75, 2 ], "texture": "#voxels_atlas" },
				"west": { "uv": [ 4.75, 5, 5, 5.25 ], "texture": "#voxels_atlas" },
				"east": { "uv": [ 5, 4.75, 4.75, 5 ], "texture": "#voxels_atlas" }
			}
		},
		{
			"__comment": "Voxels",
			"from": [ 9, 8, 8.5 ],
			"to": [ 11.5, 8.5, 9 ],
			"faces": {
				"down": { "uv": [ 3.5, 1, 4.75, 1.25 ], "texture": "#voxels_atlas" },
				"up": { "uv": [ 12.5, 10.75, 13.75, 10.5 ], "texture": "#voxels_atlas" },
				"north": { "uv": [ 15, 10.5, 13.75, 10.75 ], "texture": "#voxels_atlas" },
				"south": { "uv": [ 7.5, 10.25, 8.75, 10.5 ], "texture": "#voxels_atlas" },
				"west": { "uv": [ 4.75, 4, 5, 4.25 ], "texture": "#voxels_atlas" },
				"east": { "uv": [ 5, 3.75, 4.75, 4 ], "texture": "#voxels_atlas" }
			}
		},
		{
			"__comment": "Voxels",
			"from": [ 9, 9, 6.5 ],
			"to": [ 11.5, 9.5, 7 ],
			"faces": {
				"down": { "uv": [ 8.75, 10.25, 10, 10.5 ], "texture": "#voxels_atlas" },
				"up": { "uv": [ 3.5, 3.5, 4.75, 3.25 ], "texture": "#voxels_atlas" },
				"north": { "uv": [ 4.75, 3, 3.5, 3.25 ], "texture": "#voxels_atlas" },
				"south": { "uv": [ 3.5, 2.75, 4.75, 3 ], "texture": "#voxels_atlas" },
				"west": { "uv": [ 4.75, 3, 5, 3.25 ], "texture": "#voxels_atlas" },
				"east": { "uv": [ 5, 2.75, 4.75, 3 ], "texture": "#voxels_atlas" }
			}
		},
		{
			"__comment": "Voxels",
			"from": [ 9, 9, 8.5 ],
			"to": [ 11.5, 9.5, 9 ],
			"faces": {
				"down": { "uv": [ 3.5, 2.5, 4.75, 2.75 ], "texture": "#voxels_atlas" },
				"up": { "uv": [ 3.5, 2.5, 4.75, 2.25 ], "texture": "#voxels_atlas" },
				"north": { "uv": [ 4.75, 1.5, 3.5, 1.75 ], "texture": "#voxels_atlas" },
				"south": { "uv": [ 3.5, 1.25, 4.75, 1.5 ], "texture": "#voxels_atlas" },
				"west": { "uv": [ 4.75, 2.5, 5, 2.75 ], "texture": "#voxels_atlas" },
				"east": { "uv": [ 5, 2.25, 4.75, 2.5 ], "texture": "#voxels_atlas" }
			}
		},
		{
			"__comment": "Voxels",
			"from": [ 9.5, 8.5, 5.5 ],
			"to": [ 11, 9, 6 ],
			"faces": {
				"down": { "uv": [ 2.75, 3.5, 3.5, 3.75 ], "texture": "#voxels_atlas" },
				"up": { "uv": [ 2.75, 3.5, 3.5, 3.25 ], "texture": "#voxels_atlas" },
				"north": { "uv": [ 12, 9, 11.25, 9.25 ], "texture": "#voxels_atlas" },
				"south": { "uv": [ 2.75, 2, 3.5, 2.25 ], "texture": "#voxels_atlas" },
				"west": { "uv": [ 4.75, 2, 5, 2.25 ], "texture": "#voxels_atlas" },
				"east": { "uv": [ 5, 1.75, 4.75, 2 ], "texture": "#voxels_atlas" }
			}
		},
		{
			"__comment": "Voxels",
			"from": [ 9.5, 8.5, 9.5 ],
			"to": [ 11, 9, 10 ],
			"faces": {
				"down": { "uv": [ 5.5, 2.5, 6.25, 2.75 ], "texture": "#voxels_atlas" },
				"up": { "uv": [ 5.5, 2.5, 6.25, 2.25 ], "texture": "#voxels_atlas" },
				"north": { "uv": [ 6.25, 2, 5.5, 2.25 ], "texture": "#voxels_atlas" },
				"south": { "uv": [ 5.5, 0.5, 6.25, 0.75 ], "texture": "#voxels_atlas" },
				"west": { "uv": [ 4.75, 1.5, 5, 1.75 ], "texture": "#voxels_atlas" },
				"east": { "uv": [ 7.75, 2.75, 7.5, 3 ], "texture": "#voxels_atlas" }
			}
		},
		{
			"__comment": "Voxels",
			"from": [ 10, 8, 6 ],
			"to": [ 10.5, 8.5, 6.5 ],
			"faces": {
				"down": { "uv": [ 4.75, 1, 5, 1.25 ], "texture": "#voxels_atlas" },
				"up": { "uv": [ 4.75, 1, 5, 0.75 ], "texture": "#voxels_atlas" },
				"north": { "uv": [ 5, 0.5, 4.75, 0.75 ], "texture": "#voxels_atlas" },
				"south": { "uv": [ 4.75, 0.25, 5, 0.5 ], "texture": "#voxels_atlas" },
				"west": { "uv": [ 4.75, 0, 5, 0.25 ], "texture": "#voxels_atlas" },
				"east": { "uv": [ 16, 10, 15.75, 10.25 ], "texture": "#voxels_atlas" }
			}
		},
		{
			"__comment": "Voxels",
			"from": [ 10, 8, 9 ],
			"to": [ 10.5, 8.5, 9.5 ],
			"faces": {
				"down": { "uv": [ 6.25, 2.75, 6.5, 3 ], "texture": "#voxels_atlas" },
				"up": { "uv": [ 6.25, 2.75, 6.5, 2.5 ], "texture": "#voxels_atlas" },
				"north": { "uv": [ 6.5, 2.25, 6.25, 2.5 ], "texture": "#voxels_atlas" },
				"south": { "uv": [ 6.25, 2, 6.5, 2.25 ], "texture": "#voxels_atlas" },
				"west": { "uv": [ 6.25, 1.75, 6.5, 2 ], "texture": "#voxels_atlas" },
				"east": { "uv": [ 6.5, 1.5, 6.25, 1.75 ], "texture": "#voxels_atlas" }
			}
		},
		{
			"__comment": "Voxels",
			"from": [ 10, 8.5, 5 ],
			"to": [ 10.5, 9, 5.5 ],
			"faces": {
				"down": { "uv": [ 6.25, 1.25, 6.5, 1.5 ], "texture": "#voxels_atlas" },
				"up": { "uv": [ 6.25, 1.25, 6.5, 1 ], "texture": "#voxels_atlas" },
				"north": { "uv": [ 6.5, 0.75, 6.25, 1 ], "texture": "#voxels_atlas" },
				"south": { "uv": [ 6.25, 0.5, 6.5, 0.75 ], "texture": "#voxels_atlas" },
				"west": { "uv": [ 6.25, 0.25, 6.5, 0.5 ], "texture": "#voxels_atlas" },
				"east": { "uv": [ 6.5, 0, 6.25, 0.25 ], "texture": "#voxels_atlas" }
			}
		},
		{
			"__comment": "Voxels",
			"from": [ 10, 8.5, 10 ],
			"to": [ 10.5, 9, 10.5 ],
			"faces": {
				"down": { "uv": [ 15.75, 9.25, 16, 9.5 ], "texture": "#voxels_atlas" },
				"up": { "uv": [ 15.75, 9.25, 16, 9 ], "texture": "#voxels_atlas" },
				"north": { "uv": [ 16, 8.75, 15.75, 9 ], "texture": "#voxels_atlas" },
				"south": { "uv": [ 15.75, 8.5, 16, 8.75 ], "texture": "#voxels_atlas" },
				"west": { "uv": [ 7.25, 3.75, 7.5, 4 ], "texture": "#voxels_atlas" },
				"east": { "uv": [ 7.5, 3.5, 7.25, 3.75 ], "texture": "#voxels_atlas" }
			}
		},
		{
			"__comment": "Voxels",
			"from": [ 10, 9, 6 ],
			"to": [ 10.5, 9.5, 6.5 ],
			"faces": {
				"down": { "uv": [ 7.25, 3.25, 7.5, 3.5 ], "texture": "#voxels_atlas" },
				"up": { "uv": [ 7.25, 3.25, 7.5, 3 ], "texture": "#voxels_atlas" },
				"north": { "uv": [ 7.5, 2.75, 7.25, 3 ], "texture": "#voxels_atlas" },
				"south": { "uv": [ 7.25, 2.5, 7.5, 2.75 ], "texture": "#voxels_atlas" },
				"west": { "uv": [ 7.25, 2.25, 7.5, 2.5 ], "texture": "#voxels_atlas" },
				"east": { "uv": [ 7.5, 2, 7.25, 2.25 ], "texture": "#voxels_atlas" }
			}
		},
		{
			"__comment": "Voxels",
			"from": [ 10, 9, 9 ],
			"to": [ 10.5, 9.5, 9.5 ],
			"faces": {
				"down": { "uv": [ 7.25, 1.75, 7.5, 2 ], "texture": "#voxels_atlas" },
				"up": { "uv": [ 7.25, 1.75, 7.5, 1.5 ], "texture": "#voxels_atlas" },
				"north": { "uv": [ 7.5, 1.25, 7.25, 1.5 ], "texture": "#voxels_atlas" },
				"south": { "uv": [ 7.25, 1, 7.5, 1.25 ], "texture": "#voxels_atlas" },
				"west": { "uv": [ 7.25, 0.75, 7.5, 1 ], "texture": "#voxels_atlas" },
				"east": { "uv": [ 7.5, 0.5, 7.25, 0.75 ], "texture": "#voxels_atlas" }
			}
		},
		{
			"__comment": "Voxels",
			"from": [ 14.5, 8.5, 6 ],
			"to": [ 21, 9, 6.5 ],
			"faces": {
				"down": { "uv": [ 10.5, 12.25, 13.75, 12.5 ], "texture": "#voxels_atlas" },
				"up": { "uv": [ 12.5, 13.25, 15.75, 13 ], "texture": "#voxels_atlas" },
				"north": { "uv": [ 15.75, 13.25, 12.5, 13.5 ], "texture": "#voxels_atlas" },
				"south": { "uv": [ 12.5, 13.5, 15.75, 13.75 ], "texture": "#voxels_atlas" },
				"west": { "uv": [ 7.5, 4.75, 7.75, 5 ], "texture": "#voxels_atlas" },
				"east": { "uv": [ 8, 4.75, 7.75, 5 ], "texture": "#voxels_atlas" }
			}
		},
		{
			"__comment": "Voxels",
			"from": [ 14.5, 8.5, 9 ],
			"to": [ 21, 9, 9.5 ],
			"faces": {
				"down": { "uv": [ 12.5, 13.75, 15.75, 14 ], "texture": "#voxels_atlas" },
				"up": { "uv": [ 10.5, 11.75, 13.75, 11.5 ], "texture": "#voxels_atlas" },
				"north": { "uv": [ 13.75, 11.75, 10.5, 12 ], "texture": "#voxels_atlas" },
				"south": { "uv": [ 10.5, 12, 13.75, 12.25 ], "texture": "#voxels_atlas" },
				"west": { "uv": [ 7.5, 4, 7.75, 4.25 ], "texture": "#voxels_atlas" },
				"east": { "uv": [ 8, 4, 7.75, 4.25 ], "texture": "#voxels_atlas" }
			}
		},
		{
			"__comment": "Voxels",
			"from": [ 15, 8, 6.5 ],
			"to": [ 16.5, 8.5, 7 ],
			"faces": {
				"down": { "uv": [ 15, 9, 15.75, 9.25 ], "texture": "#voxels_atlas" },
				"up": { "uv": [ 6.75, 9, 7.5, 8.75 ], "texture": "#voxels_atlas" },
				"north": { "uv": [ 8.25, 8.75, 7.5, 9 ], "texture": "#voxels_atlas" },
				"south": { "uv": [ 8.25, 8.75, 9, 9 ], "texture": "#voxels_atlas" },
				"west": { "uv": [ 7.5, 3.25, 7.75, 3.5 ], "texture": "#voxels_atlas" },
				"east": { "uv": [ 8.25, 0.5, 8, 0.75 ], "texture": "#voxels_atlas" }
			}
		},
		{
			"__comment": "Voxels",
			"from": [ 15, 8, 8.5 ],
			"to": [ 16.5, 8.5, 9 ],
			"faces": {
				"down": { "uv": [ 9, 8.75, 9.75, 9 ], "texture": "#voxels_atlas" },
				"up": { "uv": [ 9.75, 9, 10.5, 8.75 ], "texture": "#voxels_atlas" },
				"north": { "uv": [ 15, 9.25, 14.25, 9.5 ], "texture": "#voxels_atlas" },
				"south": { "uv": [ 10.5, 8.75, 11.25, 9 ], "texture": "#voxels_atlas" },
				"west": { "uv": [ 7.5, 2.5, 7.75, 2.75 ], "texture": "#voxels_atlas" },
				"east": { "uv": [ 8, 2.5, 7.75, 2.75 ], "texture": "#voxels_atlas" }
			}
		},
		{
			"__comment": "Voxels",
			"from": [ 15, 9, 6.5 ],
			"to": [ 16.5, 9.5, 7 ],
			"faces": {
				"down": { "uv": [ 11.25, 8.75, 12, 9 ], "texture": "#voxels_atlas" },
				"up": { "uv": [ 12, 9, 12.75, 8.75 ], "texture": "#voxels_atlas" },
				"north": { "uv": [ 13.5, 8.75, 12.75, 9 ], "texture": "#voxels_atlas" },
				"south": { "uv": [ 13.5, 8.75, 14.25, 9 ], "texture": "#voxels_atlas" },
				"west": { "uv": [ 7.5, 1.75, 7.75, 2 ], "texture": "#voxels_atlas" },
				"east": { "uv": [ 8, 1.75, 7.75, 2 ], "texture": "#voxels_atlas" }
			}
		},
		{
			"__comment": "Voxels",
			"from": [ 15, 9, 8.5 ],
			"to": [ 16.5, 9.5, 9 ],
			"faces": {
				"down": { "uv": [ 14.25, 8.75, 15, 9 ], "texture": "#voxels_atlas" },
				"up": { "uv": [ 15, 9, 15.75, 8.75 ], "texture": "#voxels_atlas" },
				"north": { "uv": [ 7.5, 8.5, 6.75, 8.75 ], "texture": "#voxels_atlas" },
				"south": { "uv": [ 7.5, 8.5, 8.25, 8.75 ], "texture": "#voxels_atlas" },
				"west": { "uv": [ 7.5, 1, 7.75, 1.25 ], "texture": "#voxels_atlas" },
				"east": { "uv": [ 8, 1, 7.75, 1.25 ], "texture": "#voxels_atlas" }
			}
		},
		{
			"__comment": "Voxels",
			"from": [ 15.5, 8.5, 5.5 ],
			"to": [ 19, 9, 6 ],
			"faces": {
				"down": { "uv": [ 1, 3.75, 2.75, 4 ], "texture": "#voxels_atlas" },
				"up": { "uv": [ 1, 2.75, 2.75, 2.5 ], "texture": "#voxels_atlas" },
				"north": { "uv": [ 2.75, 1.25, 1, 1.5 ], "texture": "#voxels_atlas" },
				"south": { "uv": [ 1, 3.5, 2.75, 3.75 ], "texture": "#voxels_atlas" },
				"west": { "uv": [ 7.5, 0.25, 7.75, 0.5 ], "texture": "#voxels_atlas" },
				"east": { "uv": [ 8, 0.25, 7.75, 0.5 ], "texture": "#voxels_atlas" }
			}
		},
		{
			"__comment": "Voxels",
			"from": [ 15.5, 8.5, 9.5 ],
			"to": [ 19, 9, 10 ],
			"faces": {
				"down": { "uv": [ 1, 1.5, 2.75, 1.75 ], "texture": "#voxels_atlas" },
				"up": { "uv": [ 1, 2, 2.75, 1.75 ], "texture": "#voxels_atlas" },
				"north": { "uv": [ 2.75, 2, 1, 2.25 ], "texture": "#voxels_atlas" },
				"south": { "uv": [ 1, 2.25, 2.75, 2.5 ], "texture": "#voxels_atlas" },
				"west": { "uv": [ 8.5, 7.75, 8.75, 8 ], "texture": "#voxels_atlas" },
				"east": { "uv": [ 9, 7.75, 8.75, 8 ], "texture": "#voxels_atlas" }
			}
		},
		{
			"__comment": "Voxels",
			"from": [ 16, 8, 6 ],
			"to": [ 18.5, 8.5, 6.5 ],
			"faces": {
				"down": { "uv": [ 6.25, 10.25, 7.5, 10.5 ], "texture": "#voxels_atlas" },
				"up": { "uv": [ 5, 10.5, 6.25, 10.25 ], "texture": "#voxels_atlas" },
				"north": { "uv": [ 10, 10.5, 8.75, 10.75 ], "texture": "#voxels_atlas" },
				"south": { "uv": [ 7.5, 10.5, 8.75, 10.75 ], "texture": "#voxels_atlas" },
				"west": { "uv": [ 10, 7.75, 10.25, 8 ], "texture": "#voxels_atlas" },
				"east": { "uv": [ 10.5, 7.75, 10.25, 8 ], "texture": "#voxels_atlas" }
			}
		},
		{
			"__comment": "Voxels",
			"from": [ 16, 8, 9 ],
			"to": [ 18.5, 8.5, 9.5 ],
			"faces": {
				"down": { "uv": [ 13.75, 10.75, 15, 11 ], "texture": "#voxels_atlas" },
				"up": { "uv": [ 12.5, 11, 13.75, 10.75 ], "texture": "#voxels_atlas" },
				"north": { "uv": [ 12.5, 10.75, 11.25, 11 ], "texture": "#voxels_atlas" },
				"south": { "uv": [ 10, 10.75, 11.25, 11 ], "texture": "#voxels_atlas" },
				"west": { "uv": [ 11.5, 7.75, 11.75, 8 ], "texture": "#voxels_atlas" },
				"east": { "uv": [ 12, 7.75, 11.75, 8 ], "texture": "#voxels_atlas" }
			}
		},
		{
			"__comment": "Voxels",
			"from": [ 16, 8.5, 5 ],
			"to": [ 18, 9, 5.5 ],
			"faces": {
				"down": { "uv": [ 5.5, 7.75, 6.5, 8 ], "texture": "#voxels_atlas" },
				"up": { "uv": [ 5.5, 7, 6.5, 6.75 ], "texture": "#voxels_atlas" },
				"north": { "uv": [ 6.5, 6.5, 5.5, 6.75 ], "texture": "#voxels_atlas" },
				"south": { "uv": [ 5.5, 6.25, 6.5, 6.5 ], "texture": "#voxels_atlas" },
				"west": { "uv": [ 13, 7.75, 13.25, 8 ], "texture": "#voxels_atlas" },
				"east": { "uv": [ 13.5, 7.75, 13.25, 8 ], "texture": "#voxels_atlas" }
			}
		},
		{
			"__comment": "Voxels",
			"from": [ 16, 8.5, 7 ],
			"to": [ 23, 9, 8.5 ],
			"faces": {
				"down": { "uv": [ 12.5, 15.25, 16, 16 ], "texture": "#voxels_atlas" },
				"up": { "uv": [ 12.5, 15.25, 16, 14.5 ], "texture": "#voxels_atlas" },
				"north": { "uv": [ 16, 14.25, 12.5, 14.5 ], "texture": "#voxels_atlas" },
				"south": { "uv": [ 12.5, 14, 16, 14.25 ], "texture": "#voxels_atlas" },
				"west": { "uv": [ 8.25, 8.5, 9, 8.75 ], "texture": "#voxels_atlas" },
				"east": { "uv": [ 9.75, 8.5, 9, 8.75 ], "texture": "#voxels_atlas" }
			}
		},
		{
			"__comment": "Voxels",
			"from": [ 16, 8.5, 10 ],
			"to": [ 18, 9, 10.5 ],
			"faces": {
				"down": { "uv": [ 5.5, 6, 6.5, 6.25 ], "texture": "#voxels_atlas" },
				"up": { "uv": [ 5.5, 6, 6.5, 5.75 ], "texture": "#voxels_atlas" },
				"north": { "uv": [ 6.5, 5.5, 5.5, 5.75 ], "texture": "#voxels_atlas" },
				"south": { "uv": [ 5.5, 5.25, 6.5, 5.5 ], "texture": "#voxels_atlas" },
				"west": { "uv": [ 8, 7.5, 8.25, 7.75 ], "texture": "#voxels_atlas" },
				"east": { "uv": [ 8.25, 7.25, 8, 7.5 ], "texture": "#voxels_atlas" }
			}
		},
		{
			"__comment": "Voxels",
			"from": [ 16, 9, 6 ],
			"to": [ 18.5, 9.5, 6.5 ],
			"faces": {
				"down": { "uv": [ 3.5, 3.5, 4.75, 3.75 ], "texture": "#voxels_atlas" },
				"up": { "uv": [ 3.5, 4, 4.75, 3.75 ], "texture": "#voxels_atlas" },
				"north": { "uv": [ 4.75, 5.5, 3.5, 5.75 ], "texture": "#voxels_atlas" },
				"south": { "uv": [ 3.5, 5.75, 4.75, 6 ], "texture": "#voxels_atlas" },
				"west": { "uv": [ 8, 6, 8.25, 6.25 ], "texture": "#voxels_atlas" },
				"east": { "uv": [ 8.25, 5.75, 8, 6 ], "texture": "#voxels_atlas" }
			}
		},
		{
			"__comment": "Voxels",
			"from": [ 16, 9, 9 ],
			"to": [ 18.5, 9.5, 9.5 ],
			"faces": {
				"down": { "uv": [ 3.5, 6, 4.75, 6.25 ], "texture": "#voxels_atlas" },
				"up": { "uv": [ 12.5, 10.25, 13.75, 10 ], "texture": "#voxels_atlas" },
				"north": { "uv": [ 12.5, 10, 11.25, 10.25 ], "texture": "#voxels_atlas" },
				"south": { "uv": [ 10, 10, 11.25, 10.25 ], "texture": "#voxels_atlas" },
				"west": { "uv": [ 8, 4.5, 8.25, 4.75 ], "texture": "#voxels_atlas" },
				"east": { "uv": [ 8.25, 4.25, 8, 4.5 ], "texture": "#voxels_atlas" }
			}
		},
		{
			"__comment": "Voxels",
			"from": [ 16.5, 8, 5.5 ],
			"to": [ 17.5, 8.5, 6 ],
			"faces": {
				"down": { "uv": [ 12.5, 8.25, 13, 8.5 ], "texture": "#voxels_atlas" },
				"up": { "uv": [ 13, 8.5, 13.5, 8.25 ], "texture": "#voxels_atlas" },
				"north": { "uv": [ 14, 8.25, 13.5, 8.5 ], "texture": "#voxels_atlas" },
				"south": { "uv": [ 14, 8.25, 14.5, 8.5 ], "texture": "#voxels_atlas" },
				"west": { "uv": [ 8, 3, 8.25, 3.25 ], "texture": "#voxels_atlas" },
				"east": { "uv": [ 8.25, 2.75, 8, 3 ], "texture": "#voxels_atlas" }
			}
		},
		{
			"__comment": "Voxels",
			"from": [ 16.5, 8, 9.5 ],
			"to": [ 17.5, 8.5, 10 ],
			"faces": {
				"down": { "uv": [ 14.5, 8.25, 15, 8.5 ], "texture": "#voxels_atlas" },
				"up": { "uv": [ 15, 8.5, 15.5, 8.25 ], "texture": "#voxels_atlas" },
				"north": { "uv": [ 16, 8.25, 15.5, 8.5 ], "texture": "#voxels_atlas" },
				"south": { "uv": [ 7.5, 8, 8, 8.25 ], "texture": "#voxels_atlas" },
				"west": { "uv": [ 8, 1.5, 8.25, 1.75 ], "texture": "#voxels_atlas" },
				"east": { "uv": [ 8.25, 1.25, 8, 1.5 ], "texture": "#voxels_atlas" }
			}
		},
		{
			"__comment": "Voxels",
			"from": [ 16.5, 8.5, 4.5 ],
			"to": [ 17.5, 9, 5 ],
			"faces": {
				"down": { "uv": [ 8, 8, 8.5, 8.25 ], "texture": "#voxels_atlas" },
				"up": { "uv": [ 8.5, 8.25, 9, 8 ], "texture": "#voxels_atlas" },
				"north": { "uv": [ 7.25, 3.25, 6.75, 3.5 ], "texture": "#voxels_atlas" },
				"south": { "uv": [ 9, 8, 9.5, 8.25 ], "texture": "#voxels_atlas" },
				"west": { "uv": [ 8, 0, 8.25, 0.25 ], "texture": "#voxels_atlas" },
				"east": { "uv": [ 8.5, 7.5, 8.25, 7.75 ], "texture": "#voxels_atlas" }
			}
		},
		{
			"__comment": "Voxels",
			"from": [ 16.5, 8.5, 10.5 ],
			"to": [ 17.5, 9, 11 ],
			"faces": {
				"down": { "uv": [ 9.5, 8, 10, 8.25 ], "texture": "#voxels_atlas" },
				"up": { "uv": [ 10, 8.25, 10.5, 8 ], "texture": "#voxels_atlas" },
				"north": { "uv": [ 11, 8, 10.5, 8.25 ], "texture": "#voxels_atlas" },
				"south": { "uv": [ 11, 8, 11.5, 8.25 ], "texture": "#voxels_atlas" },
				"west": { "uv": [ 9.5, 7.5, 9.75, 7.75 ], "texture": "#voxels_atlas" },
				"east": { "uv": [ 10, 7.5, 9.75, 7.75 ], "texture": "#voxels_atlas" }
			}
		},
		{
			"__comment": "Voxels",
			"from": [ 16.5, 9, 5.5 ],
			"to": [ 17.5, 9.5, 6 ],
			"faces": {
				"down": { "uv": [ 11.5, 8, 12, 8.25 ], "texture": "#voxels_atlas" },
				"up": { "uv": [ 12, 8.25, 12.5, 8 ], "texture": "#voxels_atlas" },
				"north": { "uv": [ 13, 8, 12.5, 8.25 ], "texture": "#voxels_atlas" },
				"south": { "uv": [ 13, 8, 13.5, 8.25 ], "texture": "#voxels_atlas" },
				"west": { "uv": [ 11, 7.5, 11.25, 7.75 ], "texture": "#voxels_atlas" },
				"east": { "uv": [ 11.5, 7.5, 11.25, 7.75 ], "texture": "#voxels_atlas" }
			}
		},
		{
			"__comment": "Voxels",
			"from": [ 16.5, 9, 9.5 ],
			"to": [ 17.5, 9.5, 10 ],
			"faces": {
				"down": { "uv": [ 13.5, 8, 14, 8.25 ], "texture": "#voxels_atlas" },
				"up": { "uv": [ 14, 8.25, 14.5, 8 ], "texture": "#voxels_atlas" },
				"north": { "uv": [ 15, 8, 14.5, 8.25 ], "texture": "#voxels_atlas" },
				"south": { "uv": [ 15, 8, 15.5, 8.25 ], "texture": "#voxels_atlas" },
				"west": { "uv": [ 12.5, 7.5, 12.75, 7.75 ], "texture": "#voxels_atlas" },
				"east": { "uv": [ 13, 7.5, 12.75, 7.75 ], "texture": "#voxels_atlas" }
			}
		},
		{
			"__comment": "Voxels",
			"from": [ 18, 8, 6.5 ],
			"to": [ 20, 8.5, 7 ],
			"faces": {
				"down": { "uv": [ 5.5, 4, 6.5, 4.25 ], "texture": "#voxels_atlas" },
				"up": { "uv": [ 5.5, 4, 6.5, 3.75 ], "texture": "#voxels_atlas" },
				"north": { "uv": [ 6.5, 3.5, 5.5, 3.75 ], "texture": "#voxels_atlas" },
				"south": { "uv": [ 5.5, 3.25, 6.5, 3.5 ], "texture": "#voxels_atlas" },
				"west": { "uv": [ 14, 7.5, 14.25, 7.75 ], "texture": "#voxels_atlas" },
				"east": { "uv": [ 14.5, 7.5, 14.25, 7.75 ], "texture": "#voxels_atlas" }
			}
		},
		{
			"__comment": "Voxels",
			"from": [ 18, 8, 8.5 ],
			"to": [ 20, 8.5, 9 ],
			"faces": {
				"down": { "uv": [ 5.5, 3, 6.5, 3.25 ], "texture": "#voxels_atlas" },
				"up": { "uv": [ 2.5, 1.25, 3.5, 1 ], "texture": "#voxels_atlas" },
				"north": { "uv": [ 16, 10.75, 15, 11 ], "texture": "#voxels_atlas" },
				"south": { "uv": [ 15, 10.5, 16, 10.75 ], "texture": "#voxels_atlas" },
				"west": { "uv": [ 15.5, 7.5, 15.75, 7.75 ], "texture": "#voxels_atlas" },
				"east": { "uv": [ 16, 7.5, 15.75, 7.75 ], "texture": "#voxels_atlas" }
			}
		},
		{
			"__comment": "Voxels",
			"from": [ 18, 9, 6.5 ],
			"to": [ 20, 9.5, 7 ],
			"faces": {
				"down": { "uv": [ 15, 10.25, 16, 10.5 ], "texture": "#voxels_atlas" },
				"up": { "uv": [ 13.75, 10.25, 14.75, 10 ], "texture": "#voxels_atlas" },
				"north": { "uv": [ 15.75, 10, 14.75, 10.25 ], "texture": "#voxels_atlas" },
				"south": { "uv": [ 5.5, 9.75, 6.5, 10 ], "texture": "#voxels_atlas" },
				"west": { "uv": [ 8.25, 6.25, 8.5, 6.5 ], "texture": "#voxels_atlas" },
				"east": { "uv": [ 8.5, 6, 8.25, 6.25 ], "texture": "#voxels_atlas" }
			}
		},
		{
			"__comment": "Voxels",
			"from": [ 18, 9, 8.5 ],
			"to": [ 20, 9.5, 9 ],
			"faces": {
				"down": { "uv": [ 6.5, 9.75, 7.5, 10 ], "texture": "#voxels_atlas" },
				"up": { "uv": [ 7.5, 10, 8.5, 9.75 ], "texture": "#voxels_atlas" },
				"north": { "uv": [ 9.5, 9.75, 8.5, 10 ], "texture": "#voxels_atlas" },
				"south": { "uv": [ 9.5, 9.75, 10.5, 10 ], "texture": "#voxels_atlas" },
				"west": { "uv": [ 8.25, 4.75, 8.5, 5 ], "texture": "#voxels_atlas" },
				"east": { "uv": [ 8.5, 4.5, 8.25, 4.75 ], "texture": "#voxels_atlas" }
			}
		},
		{
			"__comment": "Voxels",
			"from": [ 18.5, 8, 7 ],
			"to": [ 21, 8.5, 7.5 ],
			"faces": {
				"down": { "uv": [ 8.75, 10, 10, 10.25 ], "texture": "#voxels_atlas" },
				"up": { "uv": [ 7.5, 10.25, 8.75, 10 ], "texture": "#voxels_atlas" },
				"north": { "uv": [ 7.5, 10, 6.25, 10.25 ], "texture": "#voxels_atlas" },
				"south": { "uv": [ 5, 10, 6.25, 10.25 ], "texture": "#voxels_atlas" },
				"west": { "uv": [ 8.25, 3.25, 8.5, 3.5 ], "texture": "#voxels_atlas" },
				"east": { "uv": [ 8.5, 3, 8.25, 3.25 ], "texture": "#voxels_atlas" }
			}
		},
		{
			"__comment": "Voxels",
			"from": [ 18.5, 8, 8 ],
			"to": [ 21, 8.5, 8.5 ],
			"faces": {
				"down": { "uv": [ 13.75, 10.25, 15, 10.5 ], "texture": "#voxels_atlas" },
				"up": { "uv": [ 12.5, 10.5, 13.75, 10.25 ], "texture": "#voxels_atlas" },
				"north": { "uv": [ 12.5, 10.25, 11.25, 10.5 ], "texture": "#voxels_atlas" },
				"south": { "uv": [ 10, 10.25, 11.25, 10.5 ], "texture": "#voxels_atlas" },
				"west": { "uv": [ 8.25, 1.75, 8.5, 2 ], "texture": "#voxels_atlas" },
				"east": { "uv": [ 8.5, 1.5, 8.25, 1.75 ], "texture": "#voxels_atlas" }
			}
		},
		{
			"__comment": "Voxels",
			"from": [ 18.5, 9, 7 ],
			"to": [ 21, 9.5, 7.5 ],
			"faces": {
				"down": { "uv": [ 11.25, 10.5, 12.5, 10.75 ], "texture": "#voxels_atlas" },
				"up": { "uv": [ 10, 10.75, 11.25, 10.5 ], "texture": "#voxels_atlas" },
				"north": { "uv": [ 6.25, 10.5, 5, 10.75 ], "texture": "#voxels_atlas" },
				"south": { "uv": [ 3.5, 0.5, 4.75, 0.75 ], "texture": "#voxels_atlas" },
				"west": { "uv": [ 8.25, 0.25, 8.5, 0.5 ], "texture": "#voxels_atlas" },
				"east": { "uv": [ 8.5, 0, 8.25, 0.25 ], "texture": "#voxels_atlas" }
			}
		},
		{
			"__comment": "Voxels",
			"from": [ 18.5, 9, 8 ],
			"to": [ 21, 9.5, 8.5 ],
			"faces": {
				"down": { "uv": [ 3.5, 0.75, 4.75, 1 ], "texture": "#voxels_atlas" },
				"up": { "uv": [ 3.5, 2.25, 4.75, 2 ], "texture": "#voxels_atlas" },
				"north": { "uv": [ 4.75, 4.75, 3.5, 5 ], "texture": "#voxels_atlas" },
				"south": { "uv": [ 3.5, 0.25, 4.75, 0.5 ], "texture": "#voxels_atlas" },
				"west": { "uv": [ 9.5, 7.25, 9.75, 7.5 ], "texture": "#voxels_atlas" },
				"east": { "uv": [ 10, 7.25, 9.75, 7.5 ], "texture": "#voxels_atlas" }
			}
		},
		{
			"__comment": "Voxels",
			"from": [ 19, 8, 7.5 ],
			"to": [ 22, 8.5, 8 ],
			"faces": {
				"down": { "uv": [ 3.5, 10.25, 5, 10.5 ], "texture": "#voxels_atlas" },
				"up": { "uv": [ 3.5, 10.75, 5, 10.5 ], "texture": "#voxels_atlas" },
				"north": { "uv": [ 5, 10.75, 3.5, 11 ], "texture": "#voxels_atlas" },
				"south": { "uv": [ 1, 0, 2.5, 0.25 ], "texture": "#voxels_atlas" },
				"west": { "uv": [ 11, 7.25, 11.25, 7.5 ], "texture": "#voxels_atlas" },
				"east": { "uv": [ 11.5, 7.25, 11.25, 7.5 ], "texture": "#voxels_atlas" }
			}
		},
		{
			"__comment": "Voxels",
			"from": [ 19, 9, 7.5 ],
			"to": [ 22, 9.5, 8 ],
			"faces": {
				"down": { "uv": [ 1, 0.25, 2.5, 0.5 ], "texture": "#voxels_atlas" },
				"up": { "uv": [ 1, 0.75, 2.5, 0.5 ], "texture": "#voxels_atlas" },
				"north": { "uv": [ 2.5, 0.75, 1, 1 ], "texture": "#voxels_atlas" },
				"south": { "uv": [ 1, 1, 2.5, 1.25 ], "texture": "#voxels_atlas" },
				"west": { "uv": [ 12.5, 7.25, 12.75, 7.5 ], "texture": "#voxels_atlas" },
				"east": { "uv": [ 13, 7.25, 12.75, 7.5 ], "texture": "#voxels_atlas" }
			}
		},
		{
			"__comment": "Voxels",
			"from": [ 23, 8.5, 7.5 ],
			"to": [ 24, 9, 8 ],
			"faces": {
				"down": { "uv": [ 7.5, 6, 8, 6.25 ], "texture": "#voxels_atlas" },
				"up": { "uv": [ 7.5, 6, 8, 5.75 ], "texture": "#voxels_atlas" },
				"north": { "uv": [ 8, 5.5, 7.5, 5.75 ], "texture": "#voxels_atlas" },
				"south": { "uv": [ 7.5, 5.25, 8, 5.5 ], "texture": "#voxels_atlas" },
				"west": { "uv": [ 14, 7.25, 14.25, 7.5 ], "texture": "#voxels_atlas" },
				"east": { "uv": [ 14.5, 7.25, 14.25, 7.5 ], "texture": "#voxels_atlas" }
			}
		}
	],
	"display": {
		"thirdperson_righthand": {
			"rotation":  [ -167, 5, -88 ],
			"translation":  [ 0.6956, 7.6521, 3.4886 ],
			"scale":  [ 0.8, 0.7, 0.7 ]
		},
		"thirdperson_lefthand": {
			"rotation":  [ 6, 5, -88 ],
			"translation":  [ -0.695, 7.6521, 2.0972 ],
			"scale":  [ 0.8, 0.7, 0.7 ]
		},
		"firstperson_righthand": {
			"rotation":  [ -1, -180, 92 ],
			"translation":  [ 2.7826, 5.5652, 0.6956 ],
			"scale":  [ 0.4, 0.4, 0.4 ]
		},
		"firstperson_lefthand": {
			"rotation":  [ -180, -180, 92 ],
			"translation":  [ 2.7826, 5.5652, 0.6956 ],
			"scale":  [ 0.4, 0.4, 0.4 ]
		},
		"gui": {
			"rotation":  [ 70, 52, 0 ],
			"translation":  [ 0, 0.0006, 0 ],
			"scale":  [ 0.55, 0.55, 0.55 ]
		},
		"ground": {
			"rotation":  [ 6, 19, -74 ],
			"translation":  [ 0, 3.4792, 0 ],
			"scale":  [ 0.7, 0.7, 0.7 ]
		},
		"fixed": {
			"rotation":  [ -89, -133, 0 ],
			"translation":  [ -1.391, 0, -1 ],
			"scale":  [ 0.65, 0.6, 0.6 ]
		}
	}
}