{
	"credit": "Made with Blockbench",
	"texture_size": [32, 32],
	"textures": {
		"0": "images/hammer",
		"particle": "images/hammer"
	},
	"elements": [
		{
			"from": [7.4, -0.4, 6.6],
			"to": [9.6, 0.6, 8.4],
			"faces": {
				"north": {"uv": [5.5, 4.5, 6.5, 5], "texture": "#0"},
				"east": {"uv": [9.5, 9, 10.5, 9.5], "texture": "#0"},
				"south": {"uv": [9.5, 9.5, 10.5, 10], "texture": "#0"},
				"west": {"uv": [10, 0, 11, 0.5], "texture": "#0"},
				"up": {"uv": [8, 9.5, 7, 8.5], "texture": "#0"},
				"down": {"uv": [10, 4, 9, 5], "texture": "#0"}
			}
		},
		{
			"from": [8, -0.65, 7],
			"to": [9, -0.4, 8],
			"faces": {
				"north": {"uv": [7.5, 11, 8, 11.25], "texture": "#0"},
				"east": {"uv": [10.5, 11, 11, 11.25], "texture": "#0"},
				"south": {"uv": [11, 10.5, 11.5, 10.75], "texture": "#0"},
				"west": {"uv": [11, 11, 11.5, 11.25], "texture": "#0"},
				"up": {"uv": [7, 5, 6.5, 4.5], "texture": "#0"},
				"down": {"uv": [9, 4, 8.5, 4.5], "texture": "#0"}
			}
		},
		{
			"from": [8, 0.5, 7],
			"to": [9, 12, 8],
			"faces": {
				"north": {"uv": [3, 5, 3.5, 10.75], "texture": "#0"},
				"east": {"uv": [3.5, 5, 4, 10.75], "texture": "#0"},
				"south": {"uv": [4, 5, 4.5, 10.75], "texture": "#0"},
				"west": {"uv": [4.5, 5, 5, 10.75], "texture": "#0"},
				"up": {"uv": [11, 5, 10.5, 4.5], "texture": "#0"},
				"down": {"uv": [8, 10.5, 7.5, 11], "texture": "#0"}
			}
		},
		{
			"from": [7.9, 5.6, 6.8],
			"to": [9.1, 8.4, 8.2],
			"faces": {
				"north": {"uv": [2.5, 8.5, 3, 10], "texture": "#0"},
				"east": {"uv": [5, 8.5, 5.75, 10], "texture": "#0"},
				"south": {"uv": [8, 9, 8.5, 10.5], "texture": "#0"},
				"west": {"uv": [6, 8.5, 6.75, 10], "texture": "#0"},
				"up": {"uv": [11, 4.25, 10.5, 3.5], "texture": "#0"},
				"down": {"uv": [7.5, 10.5, 7, 11.25], "texture": "#0"}
			}
		},
		{
			"from": [7.8, 6.2, 6.7],
			"to": [9.2, 7.8, 8.3],
			"faces": {
				"north": {"uv": [9, 8, 9.75, 8.75], "texture": "#0"},
				"east": {"uv": [8.5, 9, 9.25, 9.75], "texture": "#0"},
				"south": {"uv": [0, 9.5, 0.75, 10.25], "texture": "#0"},
				"west": {"uv": [1, 9.5, 1.75, 10.25], "texture": "#0"},
				"up": {"uv": [10.25, 2.75, 9.5, 2], "texture": "#0"},
				"down": {"uv": [7.75, 9.5, 7, 10.25], "texture": "#0"}
			}
		},
		{
			"from": [6.8, 12.9, 6.5],
			"to": [10.2, 13.9, 8.5],
			"faces": {
				"north": {"uv": [9, 5, 10.75, 5.5], "texture": "#0"},
				"east": {"uv": [10, 0.5, 11, 1], "texture": "#0"},
				"south": {"uv": [9, 5.5, 10.75, 6], "texture": "#0"},
				"west": {"uv": [10, 1, 11, 1.5], "texture": "#0"},
				"up": {"uv": [2.75, 8.5, 1, 7.5], "texture": "#0"},
				"down": {"uv": [9.25, 2, 7.5, 3], "texture": "#0"}
			}
		},
		{
			"from": [7.1, 12.6, 6.7],
			"to": [9.9, 13, 8.3],
			"faces": {
				"north": {"uv": [10.5, 2.5, 12, 2.75], "texture": "#0"},
				"east": {"uv": [11, 9.5, 11.75, 9.75], "texture": "#0"},
				"south": {"uv": [10.5, 3, 12, 3.25], "texture": "#0"},
				"west": {"uv": [11, 10, 11.75, 10.25], "texture": "#0"},
				"up": {"uv": [10, 1.75, 8.5, 1], "texture": "#0"},
				"down": {"uv": [10, 3, 8.5, 3.75], "texture": "#0"}
			}
		},
		{
			"from": [7.1, 13.7, 6.7],
			"to": [9.9, 14.1, 8.3],
			"faces": {
				"north": {"uv": [0.5, 10.5, 2, 10.75], "texture": "#0"},
				"east": {"uv": [11, 8.5, 11.75, 8.75], "texture": "#0"},
				"south": {"uv": [10.5, 2, 12, 2.25], "texture": "#0"},
				"west": {"uv": [11, 9, 11.75, 9.25], "texture": "#0"},
				"up": {"uv": [10, 0.75, 8.5, 0], "texture": "#0"},
				"down": {"uv": [2.5, 8.5, 1, 9.25], "texture": "#0"}
			}
		},
		{
			"from": [8.2, 14.1, 7.2],
			"to": [8.8, 14.3, 7.8],
			"faces": {
				"north": {"uv": [5.5, 12, 5.75, 12.25], "texture": "#0"},
				"east": {"uv": [12, 5.5, 12.25, 5.75], "texture": "#0"},
				"south": {"uv": [6, 12, 6.25, 12.25], "texture": "#0"},
				"west": {"uv": [12, 6, 12.25, 6.25], "texture": "#0"},
				"up": {"uv": [6.75, 12.25, 6.5, 12], "texture": "#0"},
				"down": {"uv": [12.25, 6.5, 12, 6.75], "texture": "#0"}
			}
		},
		{
			"from": [7.5, 12, 6.8],
			"to": [9.5, 12.6, 8.2],
			"faces": {
				"north": {"uv": [3, 11, 4, 11.25], "texture": "#0"},
				"east": {"uv": [11, 7.5, 11.75, 7.75], "texture": "#0"},
				"south": {"uv": [11, 3.5, 12, 3.75], "texture": "#0"},
				"west": {"uv": [11, 8, 11.75, 8.25], "texture": "#0"},
				"up": {"uv": [10, 6.75, 9, 6], "texture": "#0"},
				"down": {"uv": [10, 7, 9, 7.75], "texture": "#0"}
			}
		},
		{
			"from": [10.2, 13.1, 7.2],
			"to": [10.65, 13.7, 7.8],
			"faces": {
				"north": {"uv": [4, 12, 4.25, 12.25], "texture": "#0"},
				"east": {"uv": [12, 4, 12.25, 4.25], "texture": "#0"},
				"south": {"uv": [4.5, 12, 4.75, 12.25], "texture": "#0"},
				"west": {"uv": [12, 4.5, 12.25, 4.75], "texture": "#0"},
				"up": {"uv": [5.25, 12.25, 5, 12], "texture": "#0"},
				"down": {"uv": [12.25, 5, 12, 5.25], "texture": "#0"}
			}
		},
		{
			"from": [6.4, 13.1, 7.2],
			"to": [6.85, 13.7, 7.8],
			"faces": {
				"north": {"uv": [2.5, 12, 2.75, 12.25], "texture": "#0"},
				"east": {"uv": [12, 2.5, 12.25, 2.75], "texture": "#0"},
				"south": {"uv": [3, 12, 3.25, 12.25], "texture": "#0"},
				"west": {"uv": [12, 3, 12.25, 3.25], "texture": "#0"},
				"up": {"uv": [3.75, 12.25, 3.5, 12], "texture": "#0"},
				"down": {"uv": [12.25, 3.5, 12, 3.75], "texture": "#0"}
			}
		},
		{
			"from": [10.6, 11, 5.9],
			"to": [14.05, 15.8, 9.1],
			"faces": {
				"north": {"uv": [0, 2.5, 1.75, 5], "texture": "#0"},
				"east": {"uv": [0, 5, 1.5, 7.5], "texture": "#0"},
				"south": {"uv": [2, 2.5, 3.75, 5], "texture": "#0"},
				"west": {"uv": [1.5, 5, 3, 7.5], "texture": "#0"},
				"up": {"uv": [7.25, 3, 5.5, 1.5], "texture": "#0"},
				"down": {"uv": [7.25, 3, 5.5, 4.5], "texture": "#0"}
			}
		},
		{
			"from": [14, 11.6, 6.4],
			"to": [14.15, 15.2, 8.6],
			"faces": {
				"north": {"uv": [5.5, 10, 5.75, 11.75], "texture": "#0"},
				"east": {"uv": [0, 7.5, 1, 9.25], "texture": "#0"},
				"south": {"uv": [6, 10, 6.25, 11.75], "texture": "#0"},
				"west": {"uv": [7.5, 0, 8.5, 1.75], "texture": "#0"},
				"up": {"uv": [11.25, 2, 11, 1], "texture": "#0"},
				"down": {"uv": [1.75, 11, 1.5, 12], "texture": "#0"}
			}
		},
		{
			"from": [2.9, 11.6, 6.4],
			"to": [3.05, 15.2, 8.6],
			"faces": {
				"north": {"uv": [10, 3, 10.25, 4.75], "texture": "#0"},
				"east": {"uv": [7, 4.5, 8, 6.25], "texture": "#0"},
				"south": {"uv": [5, 10, 5.25, 11.75], "texture": "#0"},
				"west": {"uv": [7, 6.5, 8, 8.25], "texture": "#0"},
				"up": {"uv": [0.75, 12, 0.5, 11], "texture": "#0"},
				"down": {"uv": [1.25, 11, 1, 12], "texture": "#0"}
			}
		},
		{
			"from": [2.8, 11.7, 6.5],
			"to": [2.95, 15.1, 8.5],
			"faces": {
				"north": {"uv": [2, 9.5, 2.25, 11.25], "texture": "#0"},
				"east": {"uv": [5, 6.5, 6, 8.25], "texture": "#0"},
				"south": {"uv": [2.5, 10, 2.75, 11.75], "texture": "#0"},
				"west": {"uv": [6, 6.5, 7, 8.25], "texture": "#0"},
				"up": {"uv": [10.75, 11, 10.5, 10], "texture": "#0"},
				"down": {"uv": [11.25, 0, 11, 1], "texture": "#0"}
			}
		},
		{
			"from": [14.05, 11.7, 6.5],
			"to": [14.2, 15.1, 8.5],
			"faces": {
				"north": {"uv": [2, 9.5, 2.25, 11.25], "texture": "#0"},
				"east": {"uv": [5, 6.5, 6, 8.25], "texture": "#0"},
				"south": {"uv": [2.5, 10, 2.75, 11.75], "texture": "#0"},
				"west": {"uv": [6, 6.5, 7, 8.25], "texture": "#0"},
				"up": {"uv": [10.75, 11, 10.5, 10], "texture": "#0"},
				"down": {"uv": [11.25, 0, 11, 1], "texture": "#0"}
			}
		},
		{
			"from": [14.2, 11.8, 6.6],
			"to": [14.35, 15, 8.4],
			"faces": {
				"north": {"uv": [10, 10, 10.25, 11.5], "texture": "#0"},
				"east": {"uv": [8, 6, 9, 7.5], "texture": "#0"},
				"south": {"uv": [0, 10.5, 0.25, 12], "texture": "#0"},
				"west": {"uv": [8, 7.5, 9, 9], "texture": "#0"},
				"up": {"uv": [9.25, 11.5, 9, 10.5], "texture": "#0"},
				"down": {"uv": [10.75, 9, 10.5, 10], "texture": "#0"}
			}
		},
		{
			"from": [2.7, 11.8, 6.6],
			"to": [2.85, 15, 8.4],
			"faces": {
				"north": {"uv": [6.5, 10, 6.75, 11.5], "texture": "#0"},
				"east": {"uv": [7.5, 3, 8.5, 4.5], "texture": "#0"},
				"south": {"uv": [9.5, 10, 9.75, 11.5], "texture": "#0"},
				"west": {"uv": [8, 4.5, 9, 6], "texture": "#0"},
				"up": {"uv": [8.25, 11.5, 8, 10.5], "texture": "#0"},
				"down": {"uv": [8.75, 10.5, 8.5, 11.5], "texture": "#0"}
			}
		},
		{
			"from": [4.5, 13.2, 9.25],
			"to": [4.95, 13.6, 9.35],
			"faces": {
				"north": {"uv": [11.5, 11, 11.75, 11.25], "texture": "#0"},
				"east": {"uv": [11.5, 11.5, 11.75, 11.75], "texture": "#0"},
				"south": {"uv": [0, 12, 0.25, 12.25], "texture": "#0"},
				"west": {"uv": [12, 0, 12.25, 0.25], "texture": "#0"},
				"up": {"uv": [0.75, 12.25, 0.5, 12], "texture": "#0"},
				"down": {"uv": [12.25, 0.5, 12, 0.75], "texture": "#0"}
			}
		},
		{
			"from": [4.5, 13.2, 5.65],
			"to": [4.95, 13.6, 5.75],
			"faces": {
				"north": {"uv": [1, 12, 1.25, 12.25], "texture": "#0"},
				"east": {"uv": [12, 1, 12.25, 1.25], "texture": "#0"},
				"south": {"uv": [1.5, 12, 1.75, 12.25], "texture": "#0"},
				"west": {"uv": [12, 1.5, 12.25, 1.75], "texture": "#0"},
				"up": {"uv": [2.25, 12.25, 2, 12], "texture": "#0"},
				"down": {"uv": [12.25, 2, 12, 2.25], "texture": "#0"}
			}
		},
		{
			"from": [4.1, 12.9, 9.05],
			"to": [5.35, 13.9, 9.25],
			"faces": {
				"north": {"uv": [8.5, 10, 9.25, 10.5], "texture": "#0"},
				"east": {"uv": [3.5, 11.5, 3.75, 12], "texture": "#0"},
				"south": {"uv": [10, 8.5, 10.75, 9], "texture": "#0"},
				"west": {"uv": [4, 11.5, 4.25, 12], "texture": "#0"},
				"up": {"uv": [11.75, 6.75, 11, 6.5], "texture": "#0"},
				"down": {"uv": [11.75, 7, 11, 7.25], "texture": "#0"}
			}
		},
		{
			"from": [4.1, 12.9, 5.75],
			"to": [5.35, 13.9, 5.95],
			"faces": {
				"north": {"uv": [10, 7.5, 10.75, 8], "texture": "#0"},
				"east": {"uv": [2, 11.5, 2.25, 12], "texture": "#0"},
				"south": {"uv": [10, 8, 10.75, 8.5], "texture": "#0"},
				"west": {"uv": [3, 11.5, 3.25, 12], "texture": "#0"},
				"up": {"uv": [11.75, 5.75, 11, 5.5], "texture": "#0"},
				"down": {"uv": [11.75, 6, 11, 6.25], "texture": "#0"}
			}
		},
		{
			"from": [3, 11, 5.9],
			"to": [6.45, 15.8, 9.1],
			"faces": {
				"north": {"uv": [0, 0, 1.75, 2.5], "texture": "#0"},
				"east": {"uv": [4, 0, 5.5, 2.5], "texture": "#0"},
				"south": {"uv": [2, 0, 3.75, 2.5], "texture": "#0"},
				"west": {"uv": [4, 2.5, 5.5, 5], "texture": "#0"},
				"up": {"uv": [6.75, 6.5, 5, 5], "texture": "#0"},
				"down": {"uv": [7.25, 0, 5.5, 1.5], "texture": "#0"}
			}
		},
		{
			"from": [11.7, 12.9, 5.75],
			"to": [12.95, 13.9, 5.95],
			"faces": {
				"north": {"uv": [10, 6.5, 10.75, 7], "texture": "#0"},
				"east": {"uv": [11.5, 1, 11.75, 1.5], "texture": "#0"},
				"south": {"uv": [10, 7, 10.75, 7.5], "texture": "#0"},
				"west": {"uv": [11.5, 1.5, 11.75, 2], "texture": "#0"},
				"up": {"uv": [11.75, 4.75, 11, 4.5], "texture": "#0"},
				"down": {"uv": [11.75, 5, 11, 5.25], "texture": "#0"}
			}
		},
		{
			"from": [11.7, 12.9, 9.05],
			"to": [12.95, 13.9, 9.25],
			"faces": {
				"north": {"uv": [10, 1.5, 10.75, 2], "texture": "#0"},
				"east": {"uv": [11.5, 0, 11.75, 0.5], "texture": "#0"},
				"south": {"uv": [10, 6, 10.75, 6.5], "texture": "#0"},
				"west": {"uv": [11.5, 0.5, 11.75, 1], "texture": "#0"},
				"up": {"uv": [4.75, 11.25, 4, 11], "texture": "#0"},
				"down": {"uv": [11.75, 4, 11, 4.25], "texture": "#0"}
			}
		},
		{
			"from": [12.1, 13.2, 5.65],
			"to": [12.55, 13.6, 5.75],
			"faces": {
				"north": {"uv": [9, 11.5, 9.25, 11.75], "texture": "#0"},
				"east": {"uv": [9.5, 11.5, 9.75, 11.75], "texture": "#0"},
				"south": {"uv": [10, 11.5, 10.25, 11.75], "texture": "#0"},
				"west": {"uv": [10.5, 11.5, 10.75, 11.75], "texture": "#0"},
				"up": {"uv": [11.75, 10.75, 11.5, 10.5], "texture": "#0"},
				"down": {"uv": [11.25, 11.5, 11, 11.75], "texture": "#0"}
			}
		},
		{
			"from": [12.1, 13.2, 9.25],
			"to": [12.55, 13.6, 9.35],
			"faces": {
				"north": {"uv": [4.5, 11.5, 4.75, 11.75], "texture": "#0"},
				"east": {"uv": [6.5, 11.5, 6.75, 11.75], "texture": "#0"},
				"south": {"uv": [7, 11.5, 7.25, 11.75], "texture": "#0"},
				"west": {"uv": [7.5, 11.5, 7.75, 11.75], "texture": "#0"},
				"up": {"uv": [8.25, 11.75, 8, 11.5], "texture": "#0"},
				"down": {"uv": [8.75, 11.5, 8.5, 11.75], "texture": "#0"}
			}
		}
	],
	"gui_light": "front",
	"display": {
		"thirdperson_righthand": {
			"rotation": [0, 90, 0],
			"translation": [0, 2.75, 2.25],
			"scale": [2, 2, 2]
		},
		"thirdperson_lefthand": {
			"rotation": [-108.5, -358.5, -206.75],
			"translation": [-8.5, -7.75, 8.75],
			"scale": [2, 2, 2]
		},
		"firstperson_righthand": {
			"rotation": [0, 90, 0],
			"translation": [5, 4.25, 0]
		},
		"firstperson_lefthand": {
			"rotation": [0, 90, 0],
			"translation": [5, 4.25, 0]
		},
		"ground": {
			"rotation": [-159.5, 0, 0]
		},
		"gui": {
			"rotation": [0, -20.25, -10.75],
			"scale": [0.9, 0.9, 0.9]
		},
		"fixed": {
			"translation": [0, 0, -1.5]
		}
	}
}