{
	"__comment": "Designed by Pashjn with Cubik Studio - https://cubik.studio",
	"textures": {
		"particle": "images/ghoe",
		"texture": "images/ghoe",
		"voxels_atlas": "images/ghoe"
	},
	"elements": [ 	 
		{
			"__comment": "Voxels",
			"from": [ -9, 7.5, 7.5 ],
			"to": [ 21, 9.5, 9 ],
			"faces": {
				"down": { "uv": [ 0, 14.625, 7.5, 15 ], "texture": "#voxels_atlas" },
				"up": { "uv": [ 0, 14.625, 7.5, 14.25 ], "texture": "#voxels_atlas" },
				"north": { "uv": [ 7.5, 15.5, 0, 16 ], "texture": "#voxels_atlas" },
				"south": { "uv": [ 0, 15, 7.5, 15.5 ], "texture": "#voxels_atlas" },
				"west": { "uv": [ 3.875, 8.625, 4.25, 9.125 ], "texture": "#voxels_atlas" },
				"east": { "uv": [ 1.625, 8.25, 1.25, 8.75 ], "texture": "#voxels_atlas" }
			}
		},
		{
			"__comment": "Voxels",
			"from": [ -9, 8, 7 ],
			"to": [ 21.5, 9, 7.5 ],
			"faces": {
				"down": { "uv": [ 7.5, 14.75, 15.125, 14.875 ], "texture": "#voxels_atlas" },
				"up": { "uv": [ 7.5, 14.75, 15.125, 14.625 ], "texture": "#voxels_atlas" },
				"north": { "uv": [ 15.125, 15.75, 7.5, 16 ], "texture": "#voxels_atlas" },
				"south": { "uv": [ 7.5, 15.5, 15.125, 15.75 ], "texture": "#voxels_atlas" },
				"west": { "uv": [ 10.375, 8.75, 10.5, 9 ], "texture": "#voxels_atlas" },
				"east": { "uv": [ 1.25, 8, 1.125, 8.25 ], "texture": "#voxels_atlas" }
			}
		},
		{
			"__comment": "Voxels",
			"from": [ -9, 8, 9 ],
			"to": [ 21.5, 9, 9.5 ],
			"faces": {
				"down": { "uv": [ 7.5, 14.5, 15.125, 14.625 ], "texture": "#voxels_atlas" },
				"up": { "uv": [ 7.5, 15, 15.125, 14.875 ], "texture": "#voxels_atlas" },
				"north": { "uv": [ 15.125, 15.25, 7.5, 15.5 ], "texture": "#voxels_atlas" },
				"south": { "uv": [ 7.5, 15, 15.125, 15.25 ], "texture": "#voxels_atlas" },
				"west": { "uv": [ 7.375, 11.75, 7.5, 12 ], "texture": "#voxels_atlas" },
				"east": { "uv": [ 7.5, 11.5, 7.375, 11.75 ], "texture": "#voxels_atlas" }
			}
		},
		{
			"__comment": "Voxels",
			"from": [ -8.5, 7, 7.5 ],
			"to": [ -7.5, 7.5, 9 ],
			"faces": {
				"down": { "uv": [ 1.375, 9.875, 1.625, 10.25 ], "texture": "#voxels_atlas" },
				"up": { "uv": [ 1.375, 9.75, 1.625, 9.375 ], "texture": "#voxels_atlas" },
				"north": { "uv": [ 2.75, 9, 2.5, 9.125 ], "texture": "#voxels_atlas" },
				"south": { "uv": [ 2.5, 9.375, 2.75, 9.5 ], "texture": "#voxels_atlas" },
				"west": { "uv": [ 10.375, 12.75, 10.75, 12.875 ], "texture": "#voxels_atlas" },
				"east": { "uv": [ 10.75, 12.625, 10.375, 12.75 ], "texture": "#voxels_atlas" }
			}
		},
		{
			"__comment": "Voxels",
			"from": [ -8.5, 7.5, 7 ],
			"to": [ -7.5, 8, 7.5 ],
			"faces": {
				"down": { "uv": [ 13.25, 13.125, 13.5, 13.25 ], "texture": "#voxels_atlas" },
				"up": { "uv": [ 13, 13.125, 13.25, 13 ], "texture": "#voxels_atlas" },
				"north": { "uv": [ 13.25, 13.125, 13, 13.25 ], "texture": "#voxels_atlas" },
				"south": { "uv": [ 12.25, 13, 12.5, 13.125 ], "texture": "#voxels_atlas" },
				"west": { "uv": [ 10.875, 11.75, 11, 11.875 ], "texture": "#voxels_atlas" },
				"east": { "uv": [ 11, 11.875, 10.875, 12 ], "texture": "#voxels_atlas" }
			}
		},
		{
			"__comment": "Voxels",
			"from": [ -8.5, 7.5, 9 ],
			"to": [ -7.5, 8, 9.5 ],
			"faces": {
				"down": { "uv": [ 12.25, 13.125, 12.5, 13.25 ], "texture": "#voxels_atlas" },
				"up": { "uv": [ 15.75, 13.625, 16, 13.5 ], "texture": "#voxels_atlas" },
				"north": { "uv": [ 16, 13.625, 15.75, 13.75 ], "texture": "#voxels_atlas" },
				"south": { "uv": [ 15.75, 13.75, 16, 13.875 ], "texture": "#voxels_atlas" },
				"west": { "uv": [ 15.625, 13.125, 15.75, 13.25 ], "texture": "#voxels_atlas" },
				"east": { "uv": [ 15.375, 13.125, 15.25, 13.25 ], "texture": "#voxels_atlas" }
			}
		},
		{
			"__comment": "Voxels",
			"from": [ -8.5, 8, 6.5 ],
			"to": [ -7.5, 9, 7 ],
			"faces": {
				"down": { "uv": [ 15.75, 13.875, 16, 14 ], "texture": "#voxels_atlas" },
				"up": { "uv": [ 15.75, 14.125, 16, 14 ], "texture": "#voxels_atlas" },
				"north": { "uv": [ 7.5, 8.875, 7.25, 9.125 ], "texture": "#voxels_atlas" },
				"south": { "uv": [ 7.25, 8.625, 7.5, 8.875 ], "texture": "#voxels_atlas" },
				"west": { "uv": [ 11, 13, 11.125, 13.25 ], "texture": "#voxels_atlas" },
				"east": { "uv": [ 11, 13, 10.875, 13.25 ], "texture": "#voxels_atlas" }
			}
		},
		{
			"__comment": "Voxels",
			"from": [ -8.5, 8, 9.5 ],
			"to": [ -7.5, 9, 10 ],
			"faces": {
				"down": { "uv": [ 9.5, 9.875, 9.75, 10 ], "texture": "#voxels_atlas" },
				"up": { "uv": [ 9.5, 10.125, 9.75, 10 ], "texture": "#voxels_atlas" },
				"north": { "uv": [ 10, 11, 9.75, 11.25 ], "texture": "#voxels_atlas" },
				"south": { "uv": [ 9.75, 10.75, 10, 11 ], "texture": "#voxels_atlas" },
				"west": { "uv": [ 10.75, 8, 10.875, 8.25 ], "texture": "#voxels_atlas" },
				"east": { "uv": [ 10.875, 8.25, 10.75, 8.5 ], "texture": "#voxels_atlas" }
			}
		},
		{
			"__comment": "Voxels",
			"from": [ -8.5, 9, 7 ],
			"to": [ -7.5, 9.5, 7.5 ],
			"faces": {
				"down": { "uv": [ 9.5, 10.125, 9.75, 10.25 ], "texture": "#voxels_atlas" },
				"up": { "uv": [ 9.5, 10.375, 9.75, 10.25 ], "texture": "#voxels_atlas" },
				"north": { "uv": [ 9.75, 10.375, 9.5, 10.5 ], "texture": "#voxels_atlas" },
				"south": { "uv": [ 9.5, 10.5, 9.75, 10.625 ], "texture": "#voxels_atlas" },
				"west": { "uv": [ 10.875, 8.375, 11, 8.5 ], "texture": "#voxels_atlas" },
				"east": { "uv": [ 11.25, 12.875, 11.125, 13 ], "texture": "#voxels_atlas" }
			}
		},
		{
			"__comment": "Voxels",
			"from": [ -8.5, 9, 9 ],
			"to": [ -7.5, 9.5, 9.5 ],
			"faces": {
				"down": { "uv": [ 9.5, 10.625, 9.75, 10.75 ], "texture": "#voxels_atlas" },
				"up": { "uv": [ 9.5, 10.875, 9.75, 10.75 ], "texture": "#voxels_atlas" },
				"north": { "uv": [ 9.75, 11.375, 9.5, 11.5 ], "texture": "#voxels_atlas" },
				"south": { "uv": [ 9.5, 11.5, 9.75, 11.625 ], "texture": "#voxels_atlas" },
				"west": { "uv": [ 12.25, 12.875, 12.375, 13 ], "texture": "#voxels_atlas" },
				"east": { "uv": [ 11, 8.5, 10.875, 8.625 ], "texture": "#voxels_atlas" }
			}
		},
		{
			"__comment": "Voxels",
			"from": [ -8.5, 9.5, 7.5 ],
			"to": [ -7.5, 10, 9 ],
			"faces": {
				"down": { "uv": [ 1.375, 10.375, 1.625, 10.75 ], "texture": "#voxels_atlas" },
				"up": { "uv": [ 1.375, 9.25, 1.625, 8.875 ], "texture": "#voxels_atlas" },
				"north": { "uv": [ 9.75, 11.625, 9.5, 11.75 ], "texture": "#voxels_atlas" },
				"south": { "uv": [ 9.5, 11.75, 9.75, 11.875 ], "texture": "#voxels_atlas" },
				"west": { "uv": [ 10.375, 12.875, 10.75, 13 ], "texture": "#voxels_atlas" },
				"east": { "uv": [ 10.75, 13, 10.375, 13.125 ], "texture": "#voxels_atlas" }
			}
		},
		{
			"__comment": "Voxels",
			"from": [ 12, 7.5, 6.5 ],
			"to": [ 21, 9.5, 7 ],
			"faces": {
				"down": { "uv": [ 5, 11, 7.25, 11.125 ], "texture": "#voxels_atlas" },
				"up": { "uv": [ 2.75, 11, 5, 10.875 ], "texture": "#voxels_atlas" },
				"north": { "uv": [ 3.875, 13.75, 1.625, 14.25 ], "texture": "#voxels_atlas" },
				"south": { "uv": [ 3.875, 13.75, 6.125, 14.25 ], "texture": "#voxels_atlas" },
				"west": { "uv": [ 7.375, 13.75, 7.5, 14.25 ], "texture": "#voxels_atlas" },
				"east": { "uv": [ 7.5, 13.25, 7.375, 13.75 ], "texture": "#voxels_atlas" }
			}
		},
		{
			"__comment": "Voxels",
			"from": [ 12, 7.5, 7 ],
			"to": [ 21, 8, 7.5 ],
			"faces": {
				"down": { "uv": [ 2.75, 11.25, 5, 11.375 ], "texture": "#voxels_atlas" },
				"up": { "uv": [ 2.75, 10.875, 5, 10.75 ], "texture": "#voxels_atlas" },
				"north": { "uv": [ 7.25, 10.75, 5, 10.875 ], "texture": "#voxels_atlas" },
				"south": { "uv": [ 2.75, 10.625, 5, 10.75 ], "texture": "#voxels_atlas" },
				"west": { "uv": [ 15.125, 13.125, 15.25, 13.25 ], "texture": "#voxels_atlas" },
				"east": { "uv": [ 15.25, 13, 15.125, 13.125 ], "texture": "#voxels_atlas" }
			}
		},
		{
			"__comment": "Voxels",
			"from": [ 12, 7.5, 9 ],
			"to": [ 21, 8, 10 ],
			"faces": {
				"down": { "uv": [ 1.625, 12, 3.875, 12.25 ], "texture": "#voxels_atlas" },
				"up": { "uv": [ 3.875, 12.25, 6.125, 12 ], "texture": "#voxels_atlas" },
				"north": { "uv": [ 7.25, 10.625, 5, 10.75 ], "texture": "#voxels_atlas" },
				"south": { "uv": [ 3.875, 10.5, 6.125, 10.625 ], "texture": "#voxels_atlas" },
				"west": { "uv": [ 9.5, 12.125, 9.75, 12.25 ], "texture": "#voxels_atlas" },
				"east": { "uv": [ 9.75, 12.25, 9.5, 12.375 ], "texture": "#voxels_atlas" }
			}
		},
		{
			"__comment": "Voxels",
			"from": [ 12, 8, 9.5 ],
			"to": [ 21.5, 9, 10 ],
			"faces": {
				"down": { "uv": [ 2.75, 11.375, 5.125, 11.5 ], "texture": "#voxels_atlas" },
				"up": { "uv": [ 5.125, 11.5, 7.5, 11.375 ], "texture": "#voxels_atlas" },
				"north": { "uv": [ 4, 12.5, 1.625, 12.75 ], "texture": "#voxels_atlas" },
				"south": { "uv": [ 4, 12.5, 6.375, 12.75 ], "texture": "#voxels_atlas" },
				"west": { "uv": [ 10.75, 9, 10.875, 9.25 ], "texture": "#voxels_atlas" },
				"east": { "uv": [ 10.875, 9.25, 10.75, 9.5 ], "texture": "#voxels_atlas" }
			}
		},
		{
			"__comment": "Voxels",
			"from": [ 12, 9, 7 ],
			"to": [ 21, 9.5, 7.5 ],
			"faces": {
				"down": { "uv": [ 3.875, 10.375, 6.125, 10.5 ], "texture": "#voxels_atlas" },
				"up": { "uv": [ 5, 11.375, 7.25, 11.25 ], "texture": "#voxels_atlas" },
				"north": { "uv": [ 5, 11.125, 2.75, 11.25 ], "texture": "#voxels_atlas" },
				"south": { "uv": [ 5, 11.125, 7.25, 11.25 ], "texture": "#voxels_atlas" },
				"west": { "uv": [ 15.375, 13.125, 15.5, 13.25 ], "texture": "#voxels_atlas" },
				"east": { "uv": [ 15.5, 13, 15.375, 13.125 ], "texture": "#voxels_atlas" }
			}
		},
		{
			"__comment": "Voxels",
			"from": [ 12, 9, 9 ],
			"to": [ 21, 9.5, 10 ],
			"faces": {
				"down": { "uv": [ 1.625, 12.25, 3.875, 12.5 ], "texture": "#voxels_atlas" },
				"up": { "uv": [ 3.875, 12.5, 6.125, 12.25 ], "texture": "#voxels_atlas" },
				"north": { "uv": [ 5, 11, 2.75, 11.125 ], "texture": "#voxels_atlas" },
				"south": { "uv": [ 5, 10.875, 7.25, 11 ], "texture": "#voxels_atlas" },
				"west": { "uv": [ 7.25, 10.625, 7.5, 10.75 ], "texture": "#voxels_atlas" },
				"east": { "uv": [ 7.5, 10.75, 7.25, 10.875 ], "texture": "#voxels_atlas" }
			}
		},
		{
			"__comment": "Voxels",
			"from": [ 12.5, 8, -3.5 ],
			"to": [ 16, 9, -2.5 ],
			"faces": {
				"down": { "uv": [ 7.5, 10.5, 8.375, 10.75 ], "texture": "#voxels_atlas" },
				"up": { "uv": [ 7.5, 10.5, 8.375, 10.25 ], "texture": "#voxels_atlas" },
				"north": { "uv": [ 8.375, 10, 7.5, 10.25 ], "texture": "#voxels_atlas" },
				"south": { "uv": [ 7.5, 9.75, 8.375, 10 ], "texture": "#voxels_atlas" },
				"west": { "uv": [ 9.75, 10.5, 10, 10.75 ], "texture": "#voxels_atlas" },
				"east": { "uv": [ 10, 10.25, 9.75, 10.5 ], "texture": "#voxels_atlas" }
			}
		},
		{
			"__comment": "Voxels",
			"from": [ 12.5, 8, 19 ],
			"to": [ 17, 9, 19.5 ],
			"faces": {
				"down": { "uv": [ 8.375, 10.75, 9.5, 10.875 ], "texture": "#voxels_atlas" },
				"up": { "uv": [ 8.375, 10.75, 9.5, 10.625 ], "texture": "#voxels_atlas" },
				"north": { "uv": [ 2.75, 8.25, 1.625, 8.5 ], "texture": "#voxels_atlas" },
				"south": { "uv": [ 1.625, 8, 2.75, 8.25 ], "texture": "#voxels_atlas" },
				"west": { "uv": [ 10.75, 9.5, 10.875, 9.75 ], "texture": "#voxels_atlas" },
				"east": { "uv": [ 10.875, 9.75, 10.75, 10 ], "texture": "#voxels_atlas" }
			}
		},
		{
			"__comment": "Voxels",
			"from": [ 12.5, 8, 19.5 ],
			"to": [ 16, 9, 20 ],
			"faces": {
				"down": { "uv": [ 7.5, 8.875, 8.375, 9 ], "texture": "#voxels_atlas" },
				"up": { "uv": [ 7.5, 9.125, 8.375, 9 ], "texture": "#voxels_atlas" },
				"north": { "uv": [ 8.375, 13.75, 7.5, 14 ], "texture": "#voxels_atlas" },
				"south": { "uv": [ 7.5, 14, 8.375, 14.25 ], "texture": "#voxels_atlas" },
				"west": { "uv": [ 10.75, 10, 10.875, 10.25 ], "texture": "#voxels_atlas" },
				"east": { "uv": [ 10.875, 10.25, 10.75, 10.5 ], "texture": "#voxels_atlas" }
			}
		},
		{
			"__comment": "Voxels",
			"from": [ 13, 7, 6.5 ],
			"to": [ 19.5, 7.5, 10 ],
			"faces": {
				"down": { "uv": [ 0, 11.625, 1.625, 12.5 ], "texture": "#voxels_atlas" },
				"up": { "uv": [ 0, 13.375, 1.625, 12.5 ], "texture": "#voxels_atlas" },
				"north": { "uv": [ 11.625, 14.375, 10, 14.5 ], "texture": "#voxels_atlas" },
				"south": { "uv": [ 5.875, 10.25, 7.5, 10.375 ], "texture": "#voxels_atlas" },
				"west": { "uv": [ 15.125, 14.625, 16, 14.75 ], "texture": "#voxels_atlas" },
				"east": { "uv": [ 16, 14.5, 15.125, 14.625 ], "texture": "#voxels_atlas" }
			}
		},
		{
			"__comment": "Voxels",
			"from": [ 13, 7.5, 6 ],
			"to": [ 21, 9.5, 6.5 ],
			"faces": {
				"down": { "uv": [ 5.375, 10, 7.375, 10.125 ], "texture": "#voxels_atlas" },
				"up": { "uv": [ 5.375, 10, 7.375, 9.875 ], "texture": "#voxels_atlas" },
				"north": { "uv": [ 3.625, 12.75, 1.625, 13.25 ], "texture": "#voxels_atlas" },
				"south": { "uv": [ 3.625, 12.75, 5.625, 13.25 ], "texture": "#voxels_atlas" },
				"west": { "uv": [ 7.375, 12.75, 7.5, 13.25 ], "texture": "#voxels_atlas" },
				"east": { "uv": [ 4.375, 8.625, 4.25, 9.125 ], "texture": "#voxels_atlas" }
			}
		},
		{
			"__comment": "Voxels",
			"from": [ 13, 7.5, 10 ],
			"to": [ 21, 9.5, 10.5 ],
			"faces": {
				"down": { "uv": [ 3.875, 10.25, 5.875, 10.375 ], "texture": "#voxels_atlas" },
				"up": { "uv": [ 3.875, 10.25, 5.875, 10.125 ], "texture": "#voxels_atlas" },
				"north": { "uv": [ 5.625, 13.25, 3.625, 13.75 ], "texture": "#voxels_atlas" },
				"south": { "uv": [ 1.625, 13.25, 3.625, 13.75 ], "texture": "#voxels_atlas" },
				"west": { "uv": [ 9.75, 9.75, 9.875, 10.25 ], "texture": "#voxels_atlas" },
				"east": { "uv": [ 10, 9.75, 9.875, 10.25 ], "texture": "#voxels_atlas" }
			}
		},
		{
			"__comment": "Voxels",
			"from": [ 13, 8, -2.5 ],
			"to": [ 17.5, 9, -2 ],
			"faces": {
				"down": { "uv": [ 8.375, 12, 9.5, 12.125 ], "texture": "#voxels_atlas" },
				"up": { "uv": [ 8.375, 12.25, 9.5, 12.125 ], "texture": "#voxels_atlas" },
				"north": { "uv": [ 2.75, 8.75, 1.625, 9 ], "texture": "#voxels_atlas" },
				"south": { "uv": [ 1.625, 8.5, 2.75, 8.75 ], "texture": "#voxels_atlas" },
				"west": { "uv": [ 10.75, 10.5, 10.875, 10.75 ], "texture": "#voxels_atlas" },
				"east": { "uv": [ 10.875, 10.75, 10.75, 11 ], "texture": "#voxels_atlas" }
			}
		},
		{
			"__comment": "Voxels",
			"from": [ 13, 8, 18.5 ],
			"to": [ 17.5, 9, 19 ],
			"faces": {
				"down": { "uv": [ 8.375, 10.375, 9.5, 10.5 ], "texture": "#voxels_atlas" },
				"up": { "uv": [ 8.375, 10.625, 9.5, 10.5 ], "texture": "#voxels_atlas" },
				"north": { "uv": [ 3.875, 10.375, 2.75, 10.625 ], "texture": "#voxels_atlas" },
				"south": { "uv": [ 2.75, 10.125, 3.875, 10.375 ], "texture": "#voxels_atlas" },
				"west": { "uv": [ 10.75, 11, 10.875, 11.25 ], "texture": "#voxels_atlas" },
				"east": { "uv": [ 10.875, 11.25, 10.75, 11.5 ], "texture": "#voxels_atlas" }
			}
		},
		{
			"__comment": "Voxels",
			"from": [ 13, 9.5, 6.5 ],
			"to": [ 19.5, 10, 10 ],
			"faces": {
				"down": { "uv": [ 0, 10.75, 1.625, 11.625 ], "texture": "#voxels_atlas" },
				"up": { "uv": [ 0, 14.25, 1.625, 13.375 ], "texture": "#voxels_atlas" },
				"north": { "uv": [ 10, 14.375, 8.375, 14.5 ], "texture": "#voxels_atlas" },
				"south": { "uv": [ 5.875, 10.125, 7.5, 10.25 ], "texture": "#voxels_atlas" },
				"west": { "uv": [ 7.5, 9.375, 8.375, 9.5 ], "texture": "#voxels_atlas" },
				"east": { "uv": [ 8.375, 9.25, 7.5, 9.375 ], "texture": "#voxels_atlas" }
			}
		},
		{
			"__comment": "Voxels",
			"from": [ 13.5, 7, 6 ],
			"to": [ 19, 7.5, 6.5 ],
			"faces": {
				"down": { "uv": [ 8.375, 13.375, 9.75, 13.5 ], "texture": "#voxels_atlas" },
				"up": { "uv": [ 8.375, 13.375, 9.75, 13.25 ], "texture": "#voxels_atlas" },
				"north": { "uv": [ 9.75, 13.125, 8.375, 13.25 ], "texture": "#voxels_atlas" },
				"south": { "uv": [ 13.875, 14.25, 15.25, 14.375 ], "texture": "#voxels_atlas" },
				"west": { "uv": [ 13, 12.875, 13.125, 13 ], "texture": "#voxels_atlas" },
				"east": { "uv": [ 13.25, 12.875, 13.125, 13 ], "texture": "#voxels_atlas" }
			}
		},
		{
			"__comment": "Voxels",
			"from": [ 13.5, 7, 10 ],
			"to": [ 19, 7.5, 10.5 ],
			"faces": {
				"down": { "uv": [ 6.125, 10.375, 7.5, 10.5 ], "texture": "#voxels_atlas" },
				"up": { "uv": [ 8.375, 14.375, 9.75, 14.25 ], "texture": "#voxels_atlas" },
				"north": { "uv": [ 11.125, 14.25, 9.75, 14.375 ], "texture": "#voxels_atlas" },
				"south": { "uv": [ 8.375, 13, 9.75, 13.125 ], "texture": "#voxels_atlas" },
				"west": { "uv": [ 14.875, 13, 15, 13.125 ], "texture": "#voxels_atlas" },
				"east": { "uv": [ 15, 13.125, 14.875, 13.25 ], "texture": "#voxels_atlas" }
			}
		},
		{
			"__comment": "Voxels",
			"from": [ 13.5, 8, -4 ],
			"to": [ 15, 9, -3.5 ],
			"faces": {
				"down": { "uv": [ 10.375, 13.125, 10.75, 13.25 ], "texture": "#voxels_atlas" },
				"up": { "uv": [ 9.375, 8.125, 9.75, 8 ], "texture": "#voxels_atlas" },
				"north": { "uv": [ 7.25, 8.875, 6.875, 9.125 ], "texture": "#voxels_atlas" },
				"south": { "uv": [ 9.75, 12.375, 10.125, 12.625 ], "texture": "#voxels_atlas" },
				"west": { "uv": [ 10.75, 12, 10.875, 12.25 ], "texture": "#voxels_atlas" },
				"east": { "uv": [ 10.875, 12.25, 10.75, 12.5 ], "texture": "#voxels_atlas" }
			}
		},
		{
			"__comment": "Voxels",
			"from": [ 13.5, 8, 20 ],
			"to": [ 15, 9, 20.5 ],
			"faces": {
				"down": { "uv": [ 9.375, 8.875, 9.75, 9 ], "texture": "#voxels_atlas" },
				"up": { "uv": [ 9.375, 9.125, 9.75, 9 ], "texture": "#voxels_atlas" },
				"north": { "uv": [ 1.625, 8, 1.25, 8.25 ], "texture": "#voxels_atlas" },
				"south": { "uv": [ 9.75, 13.625, 10.125, 13.875 ], "texture": "#voxels_atlas" },
				"west": { "uv": [ 10.75, 12.5, 10.875, 12.75 ], "texture": "#voxels_atlas" },
				"east": { "uv": [ 10.875, 12.75, 10.75, 13 ], "texture": "#voxels_atlas" }
			}
		},
		{
			"__comment": "Voxels",
			"from": [ 13.5, 9.5, 6 ],
			"to": [ 19, 10, 6.5 ],
			"faces": {
				"down": { "uv": [ 13, 14.375, 14.375, 14.5 ], "texture": "#voxels_atlas" },
				"up": { "uv": [ 14.375, 14.5, 15.75, 14.375 ], "texture": "#voxels_atlas" },
				"north": { "uv": [ 12.5, 14.25, 11.125, 14.375 ], "texture": "#voxels_atlas" },
				"south": { "uv": [ 12.5, 14.25, 13.875, 14.375 ], "texture": "#voxels_atlas" },
				"west": { "uv": [ 14.75, 13, 14.875, 13.125 ], "texture": "#voxels_atlas" },
				"east": { "uv": [ 14.875, 13.125, 14.75, 13.25 ], "texture": "#voxels_atlas" }
			}
		},
		{
			"__comment": "Voxels",
			"from": [ 13.5, 9.5, 10 ],
			"to": [ 19, 10, 10.5 ],
			"faces": {
				"down": { "uv": [ 8.375, 13.5, 9.75, 13.625 ], "texture": "#voxels_atlas" },
				"up": { "uv": [ 8.375, 14, 9.75, 13.875 ], "texture": "#voxels_atlas" },
				"north": { "uv": [ 13, 14.375, 11.625, 14.5 ], "texture": "#voxels_atlas" },
				"south": { "uv": [ 8.375, 14.125, 9.75, 14.25 ], "texture": "#voxels_atlas" },
				"west": { "uv": [ 14.625, 13, 14.75, 13.125 ], "texture": "#voxels_atlas" },
				"east": { "uv": [ 14.75, 13.125, 14.625, 13.25 ], "texture": "#voxels_atlas" }
			}
		},
		{
			"__comment": "Voxels",
			"from": [ 14, 8, -2 ],
			"to": [ 18, 9, -1.5 ],
			"faces": {
				"down": { "uv": [ 8.375, 8.75, 9.375, 8.875 ], "texture": "#voxels_atlas" },
				"up": { "uv": [ 8.375, 9.125, 9.375, 9 ], "texture": "#voxels_atlas" },
				"north": { "uv": [ 3.75, 8.625, 2.75, 8.875 ], "texture": "#voxels_atlas" },
				"south": { "uv": [ 2.75, 8.875, 3.75, 9.125 ], "texture": "#voxels_atlas" },
				"west": { "uv": [ 10.5, 8, 10.625, 8.25 ], "texture": "#voxels_atlas" },
				"east": { "uv": [ 10.5, 8, 10.375, 8.25 ], "texture": "#voxels_atlas" }
			}
		},
		{
			"__comment": "Voxels",
			"from": [ 14, 8, 18 ],
			"to": [ 18, 9, 18.5 ],
			"faces": {
				"down": { "uv": [ 8.375, 8.625, 9.375, 8.75 ], "texture": "#voxels_atlas" },
				"up": { "uv": [ 8.375, 9.25, 9.375, 9.125 ], "texture": "#voxels_atlas" },
				"north": { "uv": [ 5.375, 9.125, 4.375, 9.375 ], "texture": "#voxels_atlas" },
				"south": { "uv": [ 4.375, 9.375, 5.375, 9.625 ], "texture": "#voxels_atlas" },
				"west": { "uv": [ 10.25, 8, 10.375, 8.25 ], "texture": "#voxels_atlas" },
				"east": { "uv": [ 10.25, 8, 10.125, 8.25 ], "texture": "#voxels_atlas" }
			}
		},
		{
			"__comment": "Voxels",
			"from": [ 14.5, 8, -1.5 ],
			"to": [ 18.5, 9, -1 ],
			"faces": {
				"down": { "uv": [ 8.375, 9.375, 9.375, 9.5 ], "texture": "#voxels_atlas" },
				"up": { "uv": [ 8.375, 9.625, 9.375, 9.5 ], "texture": "#voxels_atlas" },
				"north": { "uv": [ 5.375, 9.625, 4.375, 9.875 ], "texture": "#voxels_atlas" },
				"south": { "uv": [ 2.75, 8.125, 3.75, 8.375 ], "texture": "#voxels_atlas" },
				"west": { "uv": [ 10, 8, 10.125, 8.25 ], "texture": "#voxels_atlas" },
				"east": { "uv": [ 10.125, 10.25, 10, 10.5 ], "texture": "#voxels_atlas" }
			}
		},
		{
			"__comment": "Voxels",
			"from": [ 14.5, 8, 17.5 ],
			"to": [ 18.5, 9, 18 ],
			"faces": {
				"down": { "uv": [ 8.375, 9.25, 9.375, 9.375 ], "texture": "#voxels_atlas" },
				"up": { "uv": [ 8.375, 9, 9.375, 8.875 ], "texture": "#voxels_atlas" },
				"north": { "uv": [ 3.75, 8.375, 2.75, 8.625 ], "texture": "#voxels_atlas" },
				"south": { "uv": [ 4.375, 9.875, 5.375, 10.125 ], "texture": "#voxels_atlas" },
				"west": { "uv": [ 10, 11, 10.125, 11.25 ], "texture": "#voxels_atlas" },
				"east": { "uv": [ 7.5, 9.125, 7.375, 9.375 ], "texture": "#voxels_atlas" }
			}
		},
		{
			"__comment": "Voxels",
			"from": [ 15, 7.5, 5.5 ],
			"to": [ 20.5, 9.5, 6 ],
			"faces": {
				"down": { "uv": [ 8.375, 13.625, 9.75, 13.75 ], "texture": "#voxels_atlas" },
				"up": { "uv": [ 6.125, 10.625, 7.5, 10.5 ], "texture": "#voxels_atlas" },
				"north": { "uv": [ 1.375, 8.75, 0, 9.25 ], "texture": "#voxels_atlas" },
				"south": { "uv": [ 0, 9.25, 1.375, 9.75 ], "texture": "#voxels_atlas" },
				"west": { "uv": [ 10, 9.75, 10.125, 10.25 ], "texture": "#voxels_atlas" },
				"east": { "uv": [ 9.875, 9.25, 9.75, 9.75 ], "texture": "#voxels_atlas" }
			}
		},
		{
			"__comment": "Voxels",
			"from": [ 15, 7.5, 10.5 ],
			"to": [ 20.5, 9.5, 11 ],
			"faces": {
				"down": { "uv": [ 8.375, 14, 9.75, 14.125 ], "texture": "#voxels_atlas" },
				"up": { "uv": [ 8.375, 13.875, 9.75, 13.75 ], "texture": "#voxels_atlas" },
				"north": { "uv": [ 1.375, 9.75, 0, 10.25 ], "texture": "#voxels_atlas" },
				"south": { "uv": [ 0, 10.25, 1.375, 10.75 ], "texture": "#voxels_atlas" },
				"west": { "uv": [ 9.875, 9.25, 10, 9.75 ], "texture": "#voxels_atlas" },
				"east": { "uv": [ 10.125, 9.25, 10, 9.75 ], "texture": "#voxels_atlas" }
			}
		},
		{
			"__comment": "Voxels",
			"from": [ 15, 8, -1 ],
			"to": [ 19, 9, -0.5 ],
			"faces": {
				"down": { "uv": [ 8.375, 8, 9.375, 8.125 ], "texture": "#voxels_atlas" },
				"up": { "uv": [ 4.375, 8.125, 5.375, 8 ], "texture": "#voxels_atlas" },
				"north": { "uv": [ 3.75, 9.125, 2.75, 9.375 ], "texture": "#voxels_atlas" },
				"south": { "uv": [ 2.75, 9.375, 3.75, 9.625 ], "texture": "#voxels_atlas" },
				"west": { "uv": [ 7.375, 9.375, 7.5, 9.625 ], "texture": "#voxels_atlas" },
				"east": { "uv": [ 7.5, 9.625, 7.375, 9.875 ], "texture": "#voxels_atlas" }
			}
		},
		{
			"__comment": "Voxels",
			"from": [ 15, 8, 17 ],
			"to": [ 19, 9, 17.5 ],
			"faces": {
				"down": { "uv": [ 8.375, 9.75, 9.375, 9.875 ], "texture": "#voxels_atlas" },
				"up": { "uv": [ 8.375, 9.75, 9.375, 9.625 ], "texture": "#voxels_atlas" },
				"north": { "uv": [ 7.375, 9.625, 6.375, 9.875 ], "texture": "#voxels_atlas" },
				"south": { "uv": [ 5.375, 9.625, 6.375, 9.875 ], "texture": "#voxels_atlas" },
				"west": { "uv": [ 3.75, 8.875, 3.875, 9.125 ], "texture": "#voxels_atlas" },
				"east": { "uv": [ 3.875, 9.125, 3.75, 9.375 ], "texture": "#voxels_atlas" }
			}
		},
		{
			"__comment": "Voxels",
			"from": [ 15.5, 7, 5.5 ],
			"to": [ 18.5, 7.5, 6 ],
			"faces": {
				"down": { "uv": [ 15.125, 14.125, 15.875, 14.25 ], "texture": "#voxels_atlas" },
				"up": { "uv": [ 9.75, 14.125, 10.5, 14 ], "texture": "#voxels_atlas" },
				"north": { "uv": [ 11.25, 14, 10.5, 14.125 ], "texture": "#voxels_atlas" },
				"south": { "uv": [ 14.25, 14, 15, 14.125 ], "texture": "#voxels_atlas" },
				"west": { "uv": [ 7.375, 9.875, 7.5, 10 ], "texture": "#voxels_atlas" },
				"east": { "uv": [ 7.5, 10, 7.375, 10.125 ], "texture": "#voxels_atlas" }
			}
		},
		{
			"__comment": "Voxels",
			"from": [ 15.5, 7, 10.5 ],
			"to": [ 18.5, 7.5, 11 ],
			"faces": {
				"down": { "uv": [ 11.25, 14, 12, 14.125 ], "texture": "#voxels_atlas" },
				"up": { "uv": [ 12, 14.125, 12.75, 14 ], "texture": "#voxels_atlas" },
				"north": { "uv": [ 13.5, 14, 12.75, 14.125 ], "texture": "#voxels_atlas" },
				"south": { "uv": [ 13.5, 14, 14.25, 14.125 ], "texture": "#voxels_atlas" },
				"west": { "uv": [ 10.875, 8, 11, 8.125 ], "texture": "#voxels_atlas" },
				"east": { "uv": [ 11, 8.125, 10.875, 8.25 ], "texture": "#voxels_atlas" }
			}
		},
		{
			"__comment": "Voxels",
			"from": [ 15.5, 7.5, 5 ],
			"to": [ 20.5, 9.5, 5.5 ],
			"faces": {
				"down": { "uv": [ 8.375, 12.875, 9.625, 13 ], "texture": "#voxels_atlas" },
				"up": { "uv": [ 8.375, 12.75, 9.625, 12.625 ], "texture": "#voxels_atlas" },
				"north": { "uv": [ 1.25, 8.25, 0, 8.75 ], "texture": "#voxels_atlas" },
				"south": { "uv": [ 5.625, 12.75, 6.875, 13.25 ], "texture": "#voxels_atlas" },
				"west": { "uv": [ 9.75, 8.75, 9.875, 9.25 ], "texture": "#voxels_atlas" },
				"east": { "uv": [ 10, 8.75, 9.875, 9.25 ], "texture": "#voxels_atlas" }
			}
		},
		{
			"__comment": "Voxels",
			"from": [ 15.5, 7.5, 11 ],
			"to": [ 20.5, 9.5, 11.5 ],
			"faces": {
				"down": { "uv": [ 8.375, 12.5, 9.625, 12.625 ], "texture": "#voxels_atlas" },
				"up": { "uv": [ 8.375, 12.875, 9.625, 12.75 ], "texture": "#voxels_atlas" },
				"north": { "uv": [ 6.875, 13.25, 5.625, 13.75 ], "texture": "#voxels_atlas" },
				"south": { "uv": [ 6.125, 13.75, 7.375, 14.25 ], "texture": "#voxels_atlas" },
				"west": { "uv": [ 10, 8.75, 10.125, 9.25 ], "texture": "#voxels_atlas" },
				"east": { "uv": [ 9.875, 8.25, 9.75, 8.75 ], "texture": "#voxels_atlas" }
			}
		},
		{
			"__comment": "Voxels",
			"from": [ 15.5, 8, -0.5 ],
			"to": [ 19, 9, 0.5 ],
			"faces": {
				"down": { "uv": [ 15.125, 15.75, 16, 16 ], "texture": "#voxels_atlas" },
				"up": { "uv": [ 15.125, 15.75, 16, 15.5 ], "texture": "#voxels_atlas" },
				"north": { "uv": [ 8.375, 11.25, 7.5, 11.5 ], "texture": "#voxels_atlas" },
				"south": { "uv": [ 15.125, 15.25, 16, 15.5 ], "texture": "#voxels_atlas" },
				"west": { "uv": [ 9.875, 8.5, 10.125, 8.75 ], "texture": "#voxels_atlas" },
				"east": { "uv": [ 10.125, 8.25, 9.875, 8.5 ], "texture": "#voxels_atlas" }
			}
		},
		{
			"__comment": "Voxels",
			"from": [ 15.5, 8, 4 ],
			"to": [ 21, 9, 5 ],
			"faces": {
				"down": { "uv": [ 5.5, 11.5, 6.875, 11.75 ], "texture": "#voxels_atlas" },
				"up": { "uv": [ 4.125, 11.75, 5.5, 11.5 ], "texture": "#voxels_atlas" },
				"north": { "uv": [ 4.125, 11.5, 2.75, 11.75 ], "texture": "#voxels_atlas" },
				"south": { "uv": [ 5.5, 11.75, 6.875, 12 ], "texture": "#voxels_atlas" },
				"west": { "uv": [ 9.75, 8, 10, 8.25 ], "texture": "#voxels_atlas" },
				"east": { "uv": [ 10.375, 13.25, 10.125, 13.5 ], "texture": "#voxels_atlas" }
			}
		},
		{
			"__comment": "Voxels",
			"from": [ 15.5, 8, 11.5 ],
			"to": [ 21, 9, 12.5 ],
			"faces": {
				"down": { "uv": [ 4.125, 11.75, 5.5, 12 ], "texture": "#voxels_atlas" },
				"up": { "uv": [ 2.75, 12, 4.125, 11.75 ], "texture": "#voxels_atlas" },
				"north": { "uv": [ 7.5, 12, 6.125, 12.25 ], "texture": "#voxels_atlas" },
				"south": { "uv": [ 6.125, 12.25, 7.5, 12.5 ], "texture": "#voxels_atlas" },
				"west": { "uv": [ 10.125, 13, 10.375, 13.25 ], "texture": "#voxels_atlas" },
				"east": { "uv": [ 10.375, 12.75, 10.125, 13 ], "texture": "#voxels_atlas" }
			}
		},
		{
			"__comment": "Voxels",
			"from": [ 15.5, 8, 16 ],
			"to": [ 19.5, 9, 16.5 ],
			"faces": {
				"down": { "uv": [ 8.375, 8.5, 9.375, 8.625 ], "texture": "#voxels_atlas" },
				"up": { "uv": [ 8.375, 8.5, 9.375, 8.375 ], "texture": "#voxels_atlas" },
				"north": { "uv": [ 5.375, 8.625, 4.375, 8.875 ], "texture": "#voxels_atlas" },
				"south": { "uv": [ 4.375, 8.875, 5.375, 9.125 ], "texture": "#voxels_atlas" },
				"west": { "uv": [ 11.5, 13, 11.625, 13.25 ], "texture": "#voxels_atlas" },
				"east": { "uv": [ 11.5, 13, 11.375, 13.25 ], "texture": "#voxels_atlas" }
			}
		},
		{
			"__comment": "Voxels",
			"from": [ 15.5, 8, 16.5 ],
			"to": [ 19, 9, 17 ],
			"faces": {
				"down": { "uv": [ 7.5, 8, 8.375, 8.125 ], "texture": "#voxels_atlas" },
				"up": { "uv": [ 9.75, 14.25, 10.625, 14.125 ], "texture": "#voxels_atlas" },
				"north": { "uv": [ 8.375, 13, 7.5, 13.25 ], "texture": "#voxels_atlas" },
				"south": { "uv": [ 7.5, 12.75, 8.375, 13 ], "texture": "#voxels_atlas" },
				"west": { "uv": [ 11.25, 13, 11.375, 13.25 ], "texture": "#voxels_atlas" },
				"east": { "uv": [ 11.25, 13, 11.125, 13.25 ], "texture": "#voxels_atlas" }
			}
		},
		{
			"__comment": "Voxels",
			"from": [ 15.5, 9.5, 5.5 ],
			"to": [ 18.5, 10, 6 ],
			"faces": {
				"down": { "uv": [ 15, 14, 15.75, 14.125 ], "texture": "#voxels_atlas" },
				"up": { "uv": [ 9.75, 14, 10.5, 13.875 ], "texture": "#voxels_atlas" },
				"north": { "uv": [ 13.5, 13.875, 12.75, 14 ], "texture": "#voxels_atlas" },
				"south": { "uv": [ 13.5, 13.875, 14.25, 14 ], "texture": "#voxels_atlas" },
				"west": { "uv": [ 10.875, 9.625, 11, 9.75 ], "texture": "#voxels_atlas" },
				"east": { "uv": [ 11, 10, 10.875, 10.125 ], "texture": "#voxels_atlas" }
			}
		},
		{
			"__comment": "Voxels",
			"from": [ 15.5, 9.5, 10.5 ],
			"to": [ 18.5, 10, 11 ],
			"faces": {
				"down": { "uv": [ 10.625, 14.125, 11.375, 14.25 ], "texture": "#voxels_atlas" },
				"up": { "uv": [ 11.375, 14.25, 12.125, 14.125 ], "texture": "#voxels_atlas" },
				"north": { "uv": [ 12.75, 13.875, 12, 14 ], "texture": "#voxels_atlas" },
				"south": { "uv": [ 11.25, 13.875, 12, 14 ], "texture": "#voxels_atlas" },
				"west": { "uv": [ 10.875, 10.375, 11, 10.5 ], "texture": "#voxels_atlas" },
				"east": { "uv": [ 11, 10.75, 10.875, 10.875 ], "texture": "#voxels_atlas" }
			}
		},
		{
			"__comment": "Voxels",
			"from": [ 16, 7.5, -2 ],
			"to": [ 16.5, 8, -0.5 ],
			"faces": {
				"down": { "uv": [ 10.375, 9.75, 10.5, 10.125 ], "texture": "#voxels_atlas" },
				"up": { "uv": [ 10.5, 10.125, 10.625, 9.75 ], "texture": "#voxels_atlas" },
				"north": { "uv": [ 11, 11.375, 10.875, 11.5 ], "texture": "#voxels_atlas" },
				"south": { "uv": [ 10.875, 12.25, 11, 12.375 ], "texture": "#voxels_atlas" },
				"west": { "uv": [ 10.375, 9.625, 10.75, 9.75 ], "texture": "#voxels_atlas" },
				"east": { "uv": [ 10.75, 9.5, 10.375, 9.625 ], "texture": "#voxels_atlas" }
			}
		},
		{
			"__comment": "Voxels",
			"from": [ 16, 7.5, 4.5 ],
			"to": [ 20.5, 8, 5 ],
			"faces": {
				"down": { "uv": [ 8.375, 11.875, 9.5, 12 ], "texture": "#voxels_atlas" },
				"up": { "uv": [ 8.375, 11.875, 9.5, 11.75 ], "texture": "#voxels_atlas" },
				"north": { "uv": [ 9.5, 11.375, 8.375, 11.5 ], "texture": "#voxels_atlas" },
				"south": { "uv": [ 8.375, 11.25, 9.5, 11.375 ], "texture": "#voxels_atlas" },
				"west": { "uv": [ 10.875, 9.5, 11, 9.625 ], "texture": "#voxels_atlas" },
				"east": { "uv": [ 11, 9.375, 10.875, 9.5 ], "texture": "#voxels_atlas" }
			}
		},
		{
			"__comment": "Voxels",
			"from": [ 16, 7.5, 11.5 ],
			"to": [ 20.5, 8, 12 ],
			"faces": {
				"down": { "uv": [ 8.375, 11.125, 9.5, 11.25 ], "texture": "#voxels_atlas" },
				"up": { "uv": [ 8.375, 11.125, 9.5, 11 ], "texture": "#voxels_atlas" },
				"north": { "uv": [ 9.5, 12.25, 8.375, 12.375 ], "texture": "#voxels_atlas" },
				"south": { "uv": [ 8.375, 10.875, 9.5, 11 ], "texture": "#voxels_atlas" },
				"west": { "uv": [ 15.875, 13.125, 16, 13.25 ], "texture": "#voxels_atlas" },
				"east": { "uv": [ 11, 12.375, 10.875, 12.5 ], "texture": "#voxels_atlas" }
			}
		},
		{
			"__comment": "Voxels",
			"from": [ 16, 7.5, 17 ],
			"to": [ 18, 8, 17.5 ],
			"faces": {
				"down": { "uv": [ 10.75, 13.5, 11.25, 13.625 ], "texture": "#voxels_atlas" },
				"up": { "uv": [ 11.25, 13.625, 11.75, 13.5 ], "texture": "#voxels_atlas" },
				"north": { "uv": [ 12.25, 13.5, 11.75, 13.625 ], "texture": "#voxels_atlas" },
				"south": { "uv": [ 12.25, 13.5, 12.75, 13.625 ], "texture": "#voxels_atlas" },
				"west": { "uv": [ 11.375, 12.875, 11.5, 13 ], "texture": "#voxels_atlas" },
				"east": { "uv": [ 11.375, 12.875, 11.25, 13 ], "texture": "#voxels_atlas" }
			}
		},
		{
			"__comment": "Voxels",
			"from": [ 16, 7.5, 17.5 ],
			"to": [ 17.5, 8, 18 ],
			"faces": {
				"down": { "uv": [ 9.375, 9.5, 9.75, 9.625 ], "texture": "#voxels_atlas" },
				"up": { "uv": [ 9.375, 9.75, 9.75, 9.625 ], "texture": "#voxels_atlas" },
				"north": { "uv": [ 10.75, 12, 10.375, 12.125 ], "texture": "#voxels_atlas" },
				"south": { "uv": [ 10.375, 11.875, 10.75, 12 ], "texture": "#voxels_atlas" },
				"west": { "uv": [ 15.875, 13.25, 16, 13.375 ], "texture": "#voxels_atlas" },
				"east": { "uv": [ 10.75, 9.75, 10.625, 9.875 ], "texture": "#voxels_atlas" }
			}
		},
		{
			"__comment": "Voxels",
			"from": [ 16, 7.5, 18 ],
			"to": [ 16.5, 8, 18.5 ],
			"faces": {
				"down": { "uv": [ 12.625, 12.875, 12.75, 13 ], "texture": "#voxels_atlas" },
				"up": { "uv": [ 12.5, 13, 12.625, 12.875 ], "texture": "#voxels_atlas" },
				"north": { "uv": [ 11, 12.5, 10.875, 12.625 ], "texture": "#voxels_atlas" },
				"south": { "uv": [ 10.875, 12.625, 11, 12.75 ], "texture": "#voxels_atlas" },
				"west": { "uv": [ 15.875, 13, 16, 13.125 ], "texture": "#voxels_atlas" },
				"east": { "uv": [ 15.875, 13, 15.75, 13.125 ], "texture": "#voxels_atlas" }
			}
		},
		{
			"__comment": "Voxels",
			"from": [ 16, 8, -3 ],
			"to": [ 17, 9, -2.5 ],
			"faces": {
				"down": { "uv": [ 9.5, 11.25, 9.75, 11.375 ], "texture": "#voxels_atlas" },
				"up": { "uv": [ 9.5, 11.25, 9.75, 11.125 ], "texture": "#voxels_atlas" },
				"north": { "uv": [ 10.375, 12.5, 10.125, 12.75 ], "texture": "#voxels_atlas" },
				"south": { "uv": [ 10.125, 12.25, 10.375, 12.5 ], "texture": "#voxels_atlas" },
				"west": { "uv": [ 10.75, 8.75, 10.875, 9 ], "texture": "#voxels_atlas" },
				"east": { "uv": [ 10.875, 8.5, 10.75, 8.75 ], "texture": "#voxels_atlas" }
			}
		},
		{
			"__comment": "Voxels",
			"from": [ 16, 8, 0.5 ],
			"to": [ 19.5, 9, 1.5 ],
			"faces": {
				"down": { "uv": [ 7.5, 13.25, 8.375, 13.5 ], "texture": "#voxels_atlas" },
				"up": { "uv": [ 7.5, 13.75, 8.375, 13.5 ], "texture": "#voxels_atlas" },
				"north": { "uv": [ 6.875, 8.125, 6, 8.375 ], "texture": "#voxels_atlas" },
				"south": { "uv": [ 6, 9.375, 6.875, 9.625 ], "texture": "#voxels_atlas" },
				"west": { "uv": [ 10.125, 12, 10.375, 12.25 ], "texture": "#voxels_atlas" },
				"east": { "uv": [ 10.375, 11.75, 10.125, 12 ], "texture": "#voxels_atlas" }
			}
		},
		{
			"__comment": "Voxels",
			"from": [ 16, 8, 2.5 ],
			"to": [ 20.5, 9, 4 ],
			"faces": {
				"down": { "uv": [ 1.625, 11.625, 2.75, 12 ], "texture": "#voxels_atlas" },
				"up": { "uv": [ 1.625, 11.625, 2.75, 11.25 ], "texture": "#voxels_atlas" },
				"north": { "uv": [ 3.875, 9.625, 2.75, 9.875 ], "texture": "#voxels_atlas" },
				"south": { "uv": [ 2.75, 9.875, 3.875, 10.125 ], "texture": "#voxels_atlas" },
				"west": { "uv": [ 9.375, 8.125, 9.75, 8.375 ], "texture": "#voxels_atlas" },
				"east": { "uv": [ 7.25, 8.625, 6.875, 8.875 ], "texture": "#voxels_atlas" }
			}
		},
		{
			"__comment": "Voxels",
			"from": [ 16, 8, 12.5 ],
			"to": [ 20.5, 9, 14 ],
			"faces": {
				"down": { "uv": [ 1.625, 10.875, 2.75, 11.25 ], "texture": "#voxels_atlas" },
				"up": { "uv": [ 1.625, 10.875, 2.75, 10.5 ], "texture": "#voxels_atlas" },
				"north": { "uv": [ 7.5, 12.5, 6.375, 12.75 ], "texture": "#voxels_atlas" },
				"south": { "uv": [ 0, 8, 1.125, 8.25 ], "texture": "#voxels_atlas" },
				"west": { "uv": [ 9.75, 11.875, 10.125, 12.125 ], "texture": "#voxels_atlas" },
				"east": { "uv": [ 10.125, 12.125, 9.75, 12.375 ], "texture": "#voxels_atlas" }
			}
		},
		{
			"__comment": "Voxels",
			"from": [ 16, 8, 15 ],
			"to": [ 20, 9, 15.5 ],
			"faces": {
				"down": { "uv": [ 8.375, 8.125, 9.375, 8.25 ], "texture": "#voxels_atlas" },
				"up": { "uv": [ 8.375, 8.375, 9.375, 8.25 ], "texture": "#voxels_atlas" },
				"north": { "uv": [ 5.375, 8.375, 4.375, 8.625 ], "texture": "#voxels_atlas" },
				"south": { "uv": [ 4.375, 8.125, 5.375, 8.375 ], "texture": "#voxels_atlas" },
				"west": { "uv": [ 10.375, 9, 10.5, 9.25 ], "texture": "#voxels_atlas" },
				"east": { "uv": [ 10.625, 9, 10.5, 9.25 ], "texture": "#voxels_atlas" }
			}
		},
		{
			"__comment": "Voxels",
			"from": [ 16, 8, 15.5 ],
			"to": [ 19.5, 9, 16 ],
			"faces": {
				"down": { "uv": [ 15.125, 14.875, 16, 15 ], "texture": "#voxels_atlas" },
				"up": { "uv": [ 15.125, 14.875, 16, 14.75 ], "texture": "#voxels_atlas" },
				"north": { "uv": [ 8.375, 9.5, 7.5, 9.75 ], "texture": "#voxels_atlas" },
				"south": { "uv": [ 7.5, 11, 8.375, 11.25 ], "texture": "#voxels_atlas" },
				"west": { "uv": [ 3.75, 8.625, 3.875, 8.875 ], "texture": "#voxels_atlas" },
				"east": { "uv": [ 3.875, 8.375, 3.75, 8.625 ], "texture": "#voxels_atlas" }
			}
		},
		{
			"__comment": "Voxels",
			"from": [ 16, 9, -2 ],
			"to": [ 16.5, 9.5, -0.5 ],
			"faces": {
				"down": { "uv": [ 10.25, 9.375, 10.375, 9.75 ], "texture": "#voxels_atlas" },
				"up": { "uv": [ 10.125, 9.375, 10.25, 9 ], "texture": "#voxels_atlas" },
				"north": { "uv": [ 9.75, 12.875, 9.625, 13 ], "texture": "#voxels_atlas" },
				"south": { "uv": [ 9.625, 12.75, 9.75, 12.875 ], "texture": "#voxels_atlas" },
				"west": { "uv": [ 9.375, 8.5, 9.75, 8.625 ], "texture": "#voxels_atlas" },
				"east": { "uv": [ 9.75, 8.375, 9.375, 8.5 ], "texture": "#voxels_atlas" }
			}
		},
		{
			"__comment": "Voxels",
			"from": [ 16, 9, 4.5 ],
			"to": [ 20.5, 9.5, 5 ],
			"faces": {
				"down": { "uv": [ 8.375, 11.5, 9.5, 11.625 ], "texture": "#voxels_atlas" },
				"up": { "uv": [ 8.375, 11.75, 9.5, 11.625 ], "texture": "#voxels_atlas" },
				"north": { "uv": [ 9.5, 10.25, 8.375, 10.375 ], "texture": "#voxels_atlas" },
				"south": { "uv": [ 8.375, 12.375, 9.5, 12.5 ], "texture": "#voxels_atlas" },
				"west": { "uv": [ 9.625, 12.625, 9.75, 12.75 ], "texture": "#voxels_atlas" },
				"east": { "uv": [ 9.75, 12.5, 9.625, 12.625 ], "texture": "#voxels_atlas" }
			}
		},
		{
			"__comment": "Voxels",
			"from": [ 16, 9, 11.5 ],
			"to": [ 20.5, 9.5, 12 ],
			"faces": {
				"down": { "uv": [ 2.75, 8, 3.875, 8.125 ], "texture": "#voxels_atlas" },
				"up": { "uv": [ 8.375, 10, 9.5, 9.875 ], "texture": "#voxels_atlas" },
				"north": { "uv": [ 9.5, 10, 8.375, 10.125 ], "texture": "#voxels_atlas" },
				"south": { "uv": [ 8.375, 10.125, 9.5, 10.25 ], "texture": "#voxels_atlas" },
				"west": { "uv": [ 15.875, 14.125, 16, 14.25 ], "texture": "#voxels_atlas" },
				"east": { "uv": [ 16, 13.375, 15.875, 13.5 ], "texture": "#voxels_atlas" }
			}
		},
		{
			"__comment": "Voxels",
			"from": [ 16, 9, 17 ],
			"to": [ 18, 9.5, 17.5 ],
			"faces": {
				"down": { "uv": [ 12.75, 13.5, 13.25, 13.625 ], "texture": "#voxels_atlas" },
				"up": { "uv": [ 13.25, 13.625, 13.75, 13.5 ], "texture": "#voxels_atlas" },
				"north": { "uv": [ 14.25, 13.5, 13.75, 13.625 ], "texture": "#voxels_atlas" },
				"south": { "uv": [ 14.25, 13.5, 14.75, 13.625 ], "texture": "#voxels_atlas" },
				"west": { "uv": [ 13.75, 13, 13.875, 13.125 ], "texture": "#voxels_atlas" },
				"east": { "uv": [ 14, 13, 13.875, 13.125 ], "texture": "#voxels_atlas" }
			}
		},
		{
			"__comment": "Voxels",
			"from": [ 16, 9, 17.5 ],
			"to": [ 17.5, 9.5, 18 ],
			"faces": {
				"down": { "uv": [ 10.375, 11.5, 10.75, 11.625 ], "texture": "#voxels_atlas" },
				"up": { "uv": [ 9.375, 9.875, 9.75, 9.75 ], "texture": "#voxels_atlas" },
				"north": { "uv": [ 10.75, 11.25, 10.375, 11.375 ], "texture": "#voxels_atlas" },
				"south": { "uv": [ 10.375, 11.125, 10.75, 11.25 ], "texture": "#voxels_atlas" },
				"west": { "uv": [ 14.125, 13.125, 14.25, 13.25 ], "texture": "#voxels_atlas" },
				"east": { "uv": [ 14.25, 13, 14.125, 13.125 ], "texture": "#voxels_atlas" }
			}
		},
		{
			"__comment": "Voxels",
			"from": [ 16, 9, 18 ],
			"to": [ 16.5, 9.5, 18.5 ],
			"faces": {
				"down": { "uv": [ 14.25, 13.125, 14.375, 13.25 ], "texture": "#voxels_atlas" },
				"up": { "uv": [ 14.25, 13.125, 14.375, 13 ], "texture": "#voxels_atlas" },
				"north": { "uv": [ 14.5, 13.125, 14.375, 13.25 ], "texture": "#voxels_atlas" },
				"south": { "uv": [ 14.375, 13, 14.5, 13.125 ], "texture": "#voxels_atlas" },
				"west": { "uv": [ 14.5, 13.125, 14.625, 13.25 ], "texture": "#voxels_atlas" },
				"east": { "uv": [ 14.625, 13, 14.5, 13.125 ], "texture": "#voxels_atlas" }
			}
		},
		{
			"__comment": "Voxels",
			"from": [ 16.5, 7.5, -1.5 ],
			"to": [ 17.5, 8, 1 ],
			"faces": {
				"down": { "uv": [ 6.875, 8, 7.125, 8.625 ], "texture": "#voxels_atlas" },
				"up": { "uv": [ 4.125, 8.625, 4.375, 8 ], "texture": "#voxels_atlas" },
				"north": { "uv": [ 2.75, 10.125, 2.5, 10.25 ], "texture": "#voxels_atlas" },
				"south": { "uv": [ 2.5, 9.75, 2.75, 9.875 ], "texture": "#voxels_atlas" },
				"west": { "uv": [ 12.625, 13.625, 13.25, 13.75 ], "texture": "#voxels_atlas" },
				"east": { "uv": [ 12.625, 13.625, 12, 13.75 ], "texture": "#voxels_atlas" }
			}
		},
		{
			"__comment": "Voxels",
			"from": [ 16.5, 7.5, 3 ],
			"to": [ 20, 8, 4.5 ],
			"faces": {
				"down": { "uv": [ 1.625, 9.75, 2.5, 10.125 ], "texture": "#voxels_atlas" },
				"up": { "uv": [ 1.625, 10.5, 2.5, 10.125 ], "texture": "#voxels_atlas" },
				"north": { "uv": [ 8.375, 8.75, 7.5, 8.875 ], "texture": "#voxels_atlas" },
				"south": { "uv": [ 7.5, 9.125, 8.375, 9.25 ], "texture": "#voxels_atlas" },
				"west": { "uv": [ 9.375, 9.25, 9.75, 9.375 ], "texture": "#voxels_atlas" },
				"east": { "uv": [ 9.75, 9.125, 9.375, 9.25 ], "texture": "#voxels_atlas" }
			}
		},
		{
			"__comment": "Voxels",
			"from": [ 16.5, 7.5, 12 ],
			"to": [ 20, 8, 13 ],
			"faces": {
				"down": { "uv": [ 7.5, 12, 8.375, 12.25 ], "texture": "#voxels_atlas" },
				"up": { "uv": [ 7.5, 12.5, 8.375, 12.25 ], "texture": "#voxels_atlas" },
				"north": { "uv": [ 6.875, 8, 6, 8.125 ], "texture": "#voxels_atlas" },
				"south": { "uv": [ 7.5, 8.625, 8.375, 8.75 ], "texture": "#voxels_atlas" },
				"west": { "uv": [ 7.25, 11.25, 7.5, 11.375 ], "texture": "#voxels_atlas" },
				"east": { "uv": [ 7.5, 11.125, 7.25, 11.25 ], "texture": "#voxels_atlas" }
			}
		},
		{
			"__comment": "Voxels",
			"from": [ 16.5, 7.5, 15.5 ],
			"to": [ 19, 8, 16 ],
			"faces": {
				"down": { "uv": [ 13.25, 13.75, 13.875, 13.875 ], "texture": "#voxels_atlas" },
				"up": { "uv": [ 5.375, 8.125, 6, 8 ], "texture": "#voxels_atlas" },
				"north": { "uv": [ 10.75, 13.75, 10.125, 13.875 ], "texture": "#voxels_atlas" },
				"south": { "uv": [ 12.625, 13.75, 13.25, 13.875 ], "texture": "#voxels_atlas" },
				"west": { "uv": [ 13.375, 12.875, 13.5, 13 ], "texture": "#voxels_atlas" },
				"east": { "uv": [ 13.375, 12.875, 13.25, 13 ], "texture": "#voxels_atlas" }
			}
		},
		{
			"__comment": "Voxels",
			"from": [ 16.5, 7.5, 16 ],
			"to": [ 18.5, 8, 17 ],
			"faces": {
				"down": { "uv": [ 6.875, 11.75, 7.375, 12 ], "texture": "#voxels_atlas" },
				"up": { "uv": [ 6.875, 9.375, 7.375, 9.125 ], "texture": "#voxels_atlas" },
				"north": { "uv": [ 15.25, 13.5, 14.75, 13.625 ], "texture": "#voxels_atlas" },
				"south": { "uv": [ 15.25, 13.5, 15.75, 13.625 ], "texture": "#voxels_atlas" },
				"west": { "uv": [ 7.25, 11, 7.5, 11.125 ], "texture": "#voxels_atlas" },
				"east": { "uv": [ 7.5, 10.875, 7.25, 11 ], "texture": "#voxels_atlas" }
			}
		},
		{
			"__comment": "Voxels",
			"from": [ 16.5, 8, 1.5 ],
			"to": [ 20, 9, 2.5 ],
			"faces": {
				"down": { "uv": [ 6, 8.375, 6.875, 8.625 ], "texture": "#voxels_atlas" },
				"up": { "uv": [ 6, 8.875, 6.875, 8.625 ], "texture": "#voxels_atlas" },
				"north": { "uv": [ 8.375, 11.75, 7.5, 12 ], "texture": "#voxels_atlas" },
				"south": { "uv": [ 7.5, 11.5, 8.375, 11.75 ], "texture": "#voxels_atlas" },
				"west": { "uv": [ 10.125, 11.5, 10.375, 11.75 ], "texture": "#voxels_atlas" },
				"east": { "uv": [ 10.375, 11.25, 10.125, 11.5 ], "texture": "#voxels_atlas" }
			}
		},
		{
			"__comment": "Voxels",
			"from": [ 16.5, 8, 14 ],
			"to": [ 20, 9, 15 ],
			"faces": {
				"down": { "uv": [ 15.125, 15, 16, 15.25 ], "texture": "#voxels_atlas" },
				"up": { "uv": [ 7.5, 14.5, 8.375, 14.25 ], "texture": "#voxels_atlas" },
				"north": { "uv": [ 6.875, 8.875, 6, 9.125 ], "texture": "#voxels_atlas" },
				"south": { "uv": [ 6, 9.125, 6.875, 9.375 ], "texture": "#voxels_atlas" },
				"west": { "uv": [ 10.125, 11, 10.375, 11.25 ], "texture": "#voxels_atlas" },
				"east": { "uv": [ 10.375, 10.75, 10.125, 11 ], "texture": "#voxels_atlas" }
			}
		},
		{
			"__comment": "Voxels",
			"from": [ 16.5, 9, -1.5 ],
			"to": [ 17.5, 9.5, 1 ],
			"faces": {
				"down": { "uv": [ 3.875, 8, 4.125, 8.625 ], "texture": "#voxels_atlas" },
				"up": { "uv": [ 7.125, 8.625, 7.375, 8 ], "texture": "#voxels_atlas" },
				"north": { "uv": [ 16, 14.375, 15.75, 14.5 ], "texture": "#voxels_atlas" },
				"south": { "uv": [ 9.5, 12.375, 9.75, 12.5 ], "texture": "#voxels_atlas" },
				"west": { "uv": [ 10.75, 13.625, 11.375, 13.75 ], "texture": "#voxels_atlas" },
				"east": { "uv": [ 13.875, 13.625, 13.25, 13.75 ], "texture": "#voxels_atlas" }
			}
		},
		{
			"__comment": "Voxels",
			"from": [ 16.5, 9, 3 ],
			"to": [ 20, 9.5, 4.5 ],
			"faces": {
				"down": { "uv": [ 1.625, 9, 2.5, 9.375 ], "texture": "#voxels_atlas" },
				"up": { "uv": [ 1.625, 9.75, 2.5, 9.375 ], "texture": "#voxels_atlas" },
				"north": { "uv": [ 8.375, 8.5, 7.5, 8.625 ], "texture": "#voxels_atlas" },
				"south": { "uv": [ 7.5, 8.25, 8.375, 8.375 ], "texture": "#voxels_atlas" },
				"west": { "uv": [ 9.375, 8.75, 9.75, 8.875 ], "texture": "#voxels_atlas" },
				"east": { "uv": [ 9.75, 8.625, 9.375, 8.75 ], "texture": "#voxels_atlas" }
			}
		},
		{
			"__comment": "Voxels",
			"from": [ 16.5, 9, 12 ],
			"to": [ 20, 9.5, 13 ],
			"faces": {
				"down": { "uv": [ 7.5, 12.5, 8.375, 12.75 ], "texture": "#voxels_atlas" },
				"up": { "uv": [ 7.5, 11, 8.375, 10.75 ], "texture": "#voxels_atlas" },
				"north": { "uv": [ 8.375, 8.125, 7.5, 8.25 ], "texture": "#voxels_atlas" },
				"south": { "uv": [ 7.5, 8.375, 8.375, 8.5 ], "texture": "#voxels_atlas" },
				"west": { "uv": [ 9.5, 12, 9.75, 12.125 ], "texture": "#voxels_atlas" },
				"east": { "uv": [ 9.75, 11.875, 9.5, 12 ], "texture": "#voxels_atlas" }
			}
		},
		{
			"__comment": "Voxels",
			"from": [ 16.5, 9, 15.5 ],
			"to": [ 19, 9.5, 16 ],
			"faces": {
				"down": { "uv": [ 11.375, 13.625, 12, 13.75 ], "texture": "#voxels_atlas" },
				"up": { "uv": [ 13.875, 13.75, 14.5, 13.625 ], "texture": "#voxels_atlas" },
				"north": { "uv": [ 15.75, 13.625, 15.125, 13.75 ], "texture": "#voxels_atlas" },
				"south": { "uv": [ 10.75, 13.75, 11.375, 13.875 ], "texture": "#voxels_atlas" },
				"west": { "uv": [ 12.125, 12.875, 12.25, 13 ], "texture": "#voxels_atlas" },
				"east": { "uv": [ 11.625, 12.875, 11.5, 13 ], "texture": "#voxels_atlas" }
			}
		},
		{
			"__comment": "Voxels",
			"from": [ 16.5, 9, 16 ],
			"to": [ 18.5, 9.5, 17 ],
			"faces": {
				"down": { "uv": [ 6.875, 9.375, 7.375, 9.625 ], "texture": "#voxels_atlas" },
				"up": { "uv": [ 6.875, 11.75, 7.375, 11.5 ], "texture": "#voxels_atlas" },
				"north": { "uv": [ 10.875, 13.375, 10.375, 13.5 ], "texture": "#voxels_atlas" },
				"south": { "uv": [ 10.875, 13.375, 11.375, 13.5 ], "texture": "#voxels_atlas" },
				"west": { "uv": [ 9.5, 11, 9.75, 11.125 ], "texture": "#voxels_atlas" },
				"east": { "uv": [ 9.75, 10.875, 9.5, 11 ], "texture": "#voxels_atlas" }
			}
		},
		{
			"__comment": "Voxels",
			"from": [ 17, 7.5, 1 ],
			"to": [ 19, 8, 3 ],
			"faces": {
				"down": { "uv": [ 3.875, 9.125, 4.375, 9.625 ], "texture": "#voxels_atlas" },
				"up": { "uv": [ 3.875, 10.125, 4.375, 9.625 ], "texture": "#voxels_atlas" },
				"north": { "uv": [ 11.875, 13.375, 11.375, 13.5 ], "texture": "#voxels_atlas" },
				"south": { "uv": [ 11.875, 13.375, 12.375, 13.5 ], "texture": "#voxels_atlas" },
				"west": { "uv": [ 12.375, 13.375, 12.875, 13.5 ], "texture": "#voxels_atlas" },
				"east": { "uv": [ 13.375, 13.375, 12.875, 13.5 ], "texture": "#voxels_atlas" }
			}
		},
		{
			"__comment": "Voxels",
			"from": [ 17, 7.5, 13 ],
			"to": [ 20, 8, 13.5 ],
			"faces": {
				"down": { "uv": [ 14.375, 14.125, 15.125, 14.25 ], "texture": "#voxels_atlas" },
				"up": { "uv": [ 13.625, 14.25, 14.375, 14.125 ], "texture": "#voxels_atlas" },
				"north": { "uv": [ 13.625, 14.125, 12.875, 14.25 ], "texture": "#voxels_atlas" },
				"south": { "uv": [ 12.125, 14.125, 12.875, 14.25 ], "texture": "#voxels_atlas" },
				"west": { "uv": [ 10.875, 11.125, 11, 11.25 ], "texture": "#voxels_atlas" },
				"east": { "uv": [ 11, 11.25, 10.875, 11.375 ], "texture": "#voxels_atlas" }
			}
		},
		{
			"__comment": "Voxels",
			"from": [ 17, 7.5, 13.5 ],
			"to": [ 19.5, 8, 15 ],
			"faces": {
				"down": { "uv": [ 5.375, 8.875, 6, 9.25 ], "texture": "#voxels_atlas" },
				"up": { "uv": [ 5.375, 9.625, 6, 9.25 ], "texture": "#voxels_atlas" },
				"north": { "uv": [ 12, 13.75, 11.375, 13.875 ], "texture": "#voxels_atlas" },
				"south": { "uv": [ 13.875, 13.75, 14.5, 13.875 ], "texture": "#voxels_atlas" },
				"west": { "uv": [ 10.375, 12.125, 10.75, 12.25 ], "texture": "#voxels_atlas" },
				"east": { "uv": [ 10.75, 11.75, 10.375, 11.875 ], "texture": "#voxels_atlas" }
			}
		},
		{
			"__comment": "Voxels",
			"from": [ 17, 7.5, 15 ],
			"to": [ 19, 8, 15.5 ],
			"faces": {
				"down": { "uv": [ 13.375, 13.375, 13.875, 13.5 ], "texture": "#voxels_atlas" },
				"up": { "uv": [ 13.875, 13.5, 14.375, 13.375 ], "texture": "#voxels_atlas" },
				"north": { "uv": [ 14.875, 13.375, 14.375, 13.5 ], "texture": "#voxels_atlas" },
				"south": { "uv": [ 14.875, 13.375, 15.375, 13.5 ], "texture": "#voxels_atlas" },
				"west": { "uv": [ 15.75, 13.125, 15.875, 13.25 ], "texture": "#voxels_atlas" },
				"east": { "uv": [ 15.75, 13, 15.625, 13.125 ], "texture": "#voxels_atlas" }
			}
		},
		{
			"__comment": "Voxels",
			"from": [ 17, 9, 1 ],
			"to": [ 19, 9.5, 3 ],
			"faces": {
				"down": { "uv": [ 6.875, 12.75, 7.375, 13.25 ], "texture": "#voxels_atlas" },
				"up": { "uv": [ 6.875, 13.75, 7.375, 13.25 ], "texture": "#voxels_atlas" },
				"north": { "uv": [ 15.875, 13.375, 15.375, 13.5 ], "texture": "#voxels_atlas" },
				"south": { "uv": [ 10.375, 13.25, 10.875, 13.375 ], "texture": "#voxels_atlas" },
				"west": { "uv": [ 10.875, 13.25, 11.375, 13.375 ], "texture": "#voxels_atlas" },
				"east": { "uv": [ 11.875, 13.25, 11.375, 13.375 ], "texture": "#voxels_atlas" }
			}
		},
		{
			"__comment": "Voxels",
			"from": [ 17, 9, 13 ],
			"to": [ 20, 9.5, 13.5 ],
			"faces": {
				"down": { "uv": [ 15.25, 14.25, 16, 14.375 ], "texture": "#voxels_atlas" },
				"up": { "uv": [ 15, 14, 15.75, 13.875 ], "texture": "#voxels_atlas" },
				"north": { "uv": [ 15, 13.875, 14.25, 14 ], "texture": "#voxels_atlas" },
				"south": { "uv": [ 10.5, 13.875, 11.25, 14 ], "texture": "#voxels_atlas" },
				"west": { "uv": [ 10.875, 8.75, 11, 8.875 ], "texture": "#voxels_atlas" },
				"east": { "uv": [ 11, 8.625, 10.875, 8.75 ], "texture": "#voxels_atlas" }
			}
		},
		{
			"__comment": "Voxels",
			"from": [ 17, 9, 13.5 ],
			"to": [ 19.5, 9.5, 15 ],
			"faces": {
				"down": { "uv": [ 5.375, 8.125, 6, 8.5 ], "texture": "#voxels_atlas" },
				"up": { "uv": [ 5.375, 8.875, 6, 8.5 ], "texture": "#voxels_atlas" },
				"north": { "uv": [ 15.125, 13.75, 14.5, 13.875 ], "texture": "#voxels_atlas" },
				"south": { "uv": [ 12, 13.75, 12.625, 13.875 ], "texture": "#voxels_atlas" },
				"west": { "uv": [ 10.375, 10.125, 10.75, 10.25 ], "texture": "#voxels_atlas" },
				"east": { "uv": [ 10.75, 10.25, 10.375, 10.375 ], "texture": "#voxels_atlas" }
			}
		},
		{
			"__comment": "Voxels",
			"from": [ 17, 9, 15 ],
			"to": [ 19, 9.5, 15.5 ],
			"faces": {
				"down": { "uv": [ 11.875, 13.25, 12.375, 13.375 ], "texture": "#voxels_atlas" },
				"up": { "uv": [ 12.375, 13.375, 12.875, 13.25 ], "texture": "#voxels_atlas" },
				"north": { "uv": [ 13.375, 13.25, 12.875, 13.375 ], "texture": "#voxels_atlas" },
				"south": { "uv": [ 13.375, 13.25, 13.875, 13.375 ], "texture": "#voxels_atlas" },
				"west": { "uv": [ 10.875, 11, 11, 11.125 ], "texture": "#voxels_atlas" },
				"east": { "uv": [ 11, 10.875, 10.875, 11 ], "texture": "#voxels_atlas" }
			}
		},
		{
			"__comment": "Voxels",
			"from": [ 17.5, 7.5, -1 ],
			"to": [ 18, 8, 1 ],
			"faces": {
				"down": { "uv": [ 10.125, 10.25, 10.25, 10.75 ], "texture": "#voxels_atlas" },
				"up": { "uv": [ 10.25, 10.75, 10.375, 10.25 ], "texture": "#voxels_atlas" },
				"north": { "uv": [ 11, 10.25, 10.875, 10.375 ], "texture": "#voxels_atlas" },
				"south": { "uv": [ 10.875, 10.125, 11, 10.25 ], "texture": "#voxels_atlas" },
				"west": { "uv": [ 13.875, 13.25, 14.375, 13.375 ], "texture": "#voxels_atlas" },
				"east": { "uv": [ 14.875, 13.25, 14.375, 13.375 ], "texture": "#voxels_atlas" }
			}
		},
		{
			"__comment": "Voxels",
			"from": [ 17.5, 9, -1 ],
			"to": [ 18, 9.5, 1 ],
			"faces": {
				"down": { "uv": [ 10.125, 9.75, 10.25, 10.25 ], "texture": "#voxels_atlas" },
				"up": { "uv": [ 10.25, 10.25, 10.375, 9.75 ], "texture": "#voxels_atlas" },
				"north": { "uv": [ 11, 9.25, 10.875, 9.375 ], "texture": "#voxels_atlas" },
				"south": { "uv": [ 10.875, 8.875, 11, 9 ], "texture": "#voxels_atlas" },
				"west": { "uv": [ 14.875, 13.25, 15.375, 13.375 ], "texture": "#voxels_atlas" },
				"east": { "uv": [ 15.875, 13.25, 15.375, 13.375 ], "texture": "#voxels_atlas" }
			}
		},
		{
			"__comment": "Voxels",
			"from": [ 18, 7.5, -0.5 ],
			"to": [ 18.5, 8, 1 ],
			"faces": {
				"down": { "uv": [ 10.625, 12.25, 10.75, 12.625 ], "texture": "#voxels_atlas" },
				"up": { "uv": [ 10.5, 12.625, 10.625, 12.25 ], "texture": "#voxels_atlas" },
				"north": { "uv": [ 11, 8.25, 10.875, 8.375 ], "texture": "#voxels_atlas" },
				"south": { "uv": [ 11, 12.875, 11.125, 13 ], "texture": "#voxels_atlas" },
				"west": { "uv": [ 10.375, 11.625, 10.75, 11.75 ], "texture": "#voxels_atlas" },
				"east": { "uv": [ 9.75, 9.375, 9.375, 9.5 ], "texture": "#voxels_atlas" }
			}
		},
		{
			"__comment": "Voxels",
			"from": [ 18, 9, -0.5 ],
			"to": [ 18.5, 9.5, 1 ],
			"faces": {
				"down": { "uv": [ 10.125, 9.375, 10.25, 9.75 ], "texture": "#voxels_atlas" },
				"up": { "uv": [ 10.375, 10.75, 10.5, 10.375 ], "texture": "#voxels_atlas" },
				"north": { "uv": [ 11.75, 12.875, 11.625, 13 ], "texture": "#voxels_atlas" },
				"south": { "uv": [ 12, 12.875, 12.125, 13 ], "texture": "#voxels_atlas" },
				"west": { "uv": [ 10.375, 10.75, 10.75, 10.875 ], "texture": "#voxels_atlas" },
				"east": { "uv": [ 10.75, 11.375, 10.375, 11.5 ], "texture": "#voxels_atlas" }
			}
		},
		{
			"__comment": "Voxels",
			"from": [ 18.5, 7.5, 0.5 ],
			"to": [ 19, 8, 1 ],
			"faces": {
				"down": { "uv": [ 12.375, 12.875, 12.5, 13 ], "texture": "#voxels_atlas" },
				"up": { "uv": [ 12.75, 13, 12.875, 12.875 ], "texture": "#voxels_atlas" },
				"north": { "uv": [ 13, 12.875, 12.875, 13 ], "texture": "#voxels_atlas" },
				"south": { "uv": [ 13.5, 12.875, 13.625, 13 ], "texture": "#voxels_atlas" },
				"west": { "uv": [ 13.625, 12.875, 13.75, 13 ], "texture": "#voxels_atlas" },
				"east": { "uv": [ 13.875, 12.875, 13.75, 13 ], "texture": "#voxels_atlas" }
			}
		},
		{
			"__comment": "Voxels",
			"from": [ 18.5, 9, 0.5 ],
			"to": [ 19, 9.5, 1 ],
			"faces": {
				"down": { "uv": [ 13.875, 12.875, 14, 13 ], "texture": "#voxels_atlas" },
				"up": { "uv": [ 14.25, 13, 14.375, 12.875 ], "texture": "#voxels_atlas" },
				"north": { "uv": [ 14.5, 12.875, 14.375, 13 ], "texture": "#voxels_atlas" },
				"south": { "uv": [ 14.5, 12.875, 14.625, 13 ], "texture": "#voxels_atlas" },
				"west": { "uv": [ 15, 13.125, 15.125, 13.25 ], "texture": "#voxels_atlas" },
				"east": { "uv": [ 15.125, 13, 15, 13.125 ], "texture": "#voxels_atlas" }
			}
		},
		{
			"__comment": "Voxels",
			"from": [ 19, 7.5, 1.5 ],
			"to": [ 19.5, 8, 3 ],
			"faces": {
				"down": { "uv": [ 10.125, 8.625, 10.25, 9 ], "texture": "#voxels_atlas" },
				"up": { "uv": [ 10.25, 9.375, 10.375, 9 ], "texture": "#voxels_atlas" },
				"north": { "uv": [ 14.75, 12.875, 14.625, 13 ], "texture": "#voxels_atlas" },
				"south": { "uv": [ 15.25, 13, 15.375, 13.125 ], "texture": "#voxels_atlas" },
				"west": { "uv": [ 10.375, 9.25, 10.75, 9.375 ], "texture": "#voxels_atlas" },
				"east": { "uv": [ 10.75, 9.375, 10.375, 9.5 ], "texture": "#voxels_atlas" }
			}
		},
		{
			"__comment": "Voxels",
			"from": [ 19, 8, 0 ],
			"to": [ 19.5, 9, 0.5 ],
			"faces": {
				"down": { "uv": [ 15.5, 13.125, 15.625, 13.25 ], "texture": "#voxels_atlas" },
				"up": { "uv": [ 15.5, 13.125, 15.625, 13 ], "texture": "#voxels_atlas" },
				"north": { "uv": [ 11.875, 13, 11.75, 13.25 ], "texture": "#voxels_atlas" },
				"south": { "uv": [ 11.875, 13, 12, 13.25 ], "texture": "#voxels_atlas" },
				"west": { "uv": [ 12, 13, 12.125, 13.25 ], "texture": "#voxels_atlas" },
				"east": { "uv": [ 12.25, 13, 12.125, 13.25 ], "texture": "#voxels_atlas" }
			}
		},
		{
			"__comment": "Voxels",
			"from": [ 19, 9, 1.5 ],
			"to": [ 19.5, 9.5, 3 ],
			"faces": {
				"down": { "uv": [ 10.625, 10.375, 10.75, 10.75 ], "texture": "#voxels_atlas" },
				"up": { "uv": [ 10.5, 10.75, 10.625, 10.375 ], "texture": "#voxels_atlas" },
				"north": { "uv": [ 11, 12.875, 10.875, 13 ], "texture": "#voxels_atlas" },
				"south": { "uv": [ 10.875, 12.75, 11, 12.875 ], "texture": "#voxels_atlas" },
				"west": { "uv": [ 10.375, 10.875, 10.75, 11 ], "texture": "#voxels_atlas" },
				"east": { "uv": [ 10.75, 11, 10.375, 11.125 ], "texture": "#voxels_atlas" }
			}
		},
		{
			"__comment": "Voxels",
			"from": [ 19.5, 7, 7 ],
			"to": [ 20, 7.5, 9.5 ],
			"faces": {
				"down": { "uv": [ 7.375, 8, 7.5, 8.625 ], "texture": "#voxels_atlas" },
				"up": { "uv": [ 9.75, 11.875, 9.875, 11.25 ], "texture": "#voxels_atlas" },
				"north": { "uv": [ 11, 12.125, 10.875, 12.25 ], "texture": "#voxels_atlas" },
				"south": { "uv": [ 10.875, 12, 11, 12.125 ], "texture": "#voxels_atlas" },
				"west": { "uv": [ 15.125, 13.75, 15.75, 13.875 ], "texture": "#voxels_atlas" },
				"east": { "uv": [ 10.75, 13.625, 10.125, 13.75 ], "texture": "#voxels_atlas" }
			}
		},
		{
			"__comment": "Voxels",
			"from": [ 19.5, 8, 1 ],
			"to": [ 20, 9, 1.5 ],
			"faces": {
				"down": { "uv": [ 10.875, 11.625, 11, 11.75 ], "texture": "#voxels_atlas" },
				"up": { "uv": [ 10.875, 11.625, 11, 11.5 ], "texture": "#voxels_atlas" },
				"north": { "uv": [ 12.625, 13, 12.5, 13.25 ], "texture": "#voxels_atlas" },
				"south": { "uv": [ 12.625, 13, 12.75, 13.25 ], "texture": "#voxels_atlas" },
				"west": { "uv": [ 12.75, 13, 12.875, 13.25 ], "texture": "#voxels_atlas" },
				"east": { "uv": [ 13, 13, 12.875, 13.25 ], "texture": "#voxels_atlas" }
			}
		},
		{
			"__comment": "Voxels",
			"from": [ 19.5, 9.5, 7 ],
			"to": [ 20, 10, 9.5 ],
			"faces": {
				"down": { "uv": [ 10, 11.25, 10.125, 11.875 ], "texture": "#voxels_atlas" },
				"up": { "uv": [ 9.875, 11.875, 10, 11.25 ], "texture": "#voxels_atlas" },
				"north": { "uv": [ 11, 10.625, 10.875, 10.75 ], "texture": "#voxels_atlas" },
				"south": { "uv": [ 10.875, 10.5, 11, 10.625 ], "texture": "#voxels_atlas" },
				"west": { "uv": [ 14.5, 13.625, 15.125, 13.75 ], "texture": "#voxels_atlas" },
				"east": { "uv": [ 10.75, 13.5, 10.125, 13.625 ], "texture": "#voxels_atlas" }
			}
		},
		{
			"__comment": "Voxels",
			"from": [ 20, 7, 7.5 ],
			"to": [ 20.5, 7.5, 8.5 ],
			"faces": {
				"down": { "uv": [ 13.5, 13, 13.625, 13.25 ], "texture": "#voxels_atlas" },
				"up": { "uv": [ 13.625, 13.25, 13.75, 13 ], "texture": "#voxels_atlas" },
				"north": { "uv": [ 11, 9.875, 10.875, 10 ], "texture": "#voxels_atlas" },
				"south": { "uv": [ 10.875, 9.75, 11, 9.875 ], "texture": "#voxels_atlas" },
				"west": { "uv": [ 13.25, 13, 13.5, 13.125 ], "texture": "#voxels_atlas" },
				"east": { "uv": [ 14, 13.125, 13.75, 13.25 ], "texture": "#voxels_atlas" }
			}
		},
		{
			"__comment": "Voxels",
			"from": [ 20, 9.5, 7.5 ],
			"to": [ 20.5, 10, 8.5 ],
			"faces": {
				"down": { "uv": [ 14, 13, 14.125, 13.25 ], "texture": "#voxels_atlas" },
				"up": { "uv": [ 3.75, 9.625, 3.875, 9.375 ], "texture": "#voxels_atlas" },
				"north": { "uv": [ 11, 9.125, 10.875, 9.25 ], "texture": "#voxels_atlas" },
				"south": { "uv": [ 10.875, 9, 11, 9.125 ], "texture": "#voxels_atlas" },
				"west": { "uv": [ 1.375, 10.25, 1.625, 10.375 ], "texture": "#voxels_atlas" },
				"east": { "uv": [ 1.625, 9.75, 1.375, 9.875 ], "texture": "#voxels_atlas" }
			}
		},
		{
			"__comment": "Voxels",
			"from": [ 20.5, 8, 5 ],
			"to": [ 21, 9, 6 ],
			"faces": {
				"down": { "uv": [ 3.75, 8.125, 3.875, 8.375 ], "texture": "#voxels_atlas" },
				"up": { "uv": [ 10, 11, 10.125, 10.75 ], "texture": "#voxels_atlas" },
				"north": { "uv": [ 10.125, 10.5, 10, 10.75 ], "texture": "#voxels_atlas" },
				"south": { "uv": [ 10.625, 9.875, 10.75, 10.125 ], "texture": "#voxels_atlas" },
				"west": { "uv": [ 2.5, 10.25, 2.75, 10.5 ], "texture": "#voxels_atlas" },
				"east": { "uv": [ 2.75, 9.875, 2.5, 10.125 ], "texture": "#voxels_atlas" }
			}
		},
		{
			"__comment": "Voxels",
			"from": [ 20.5, 8, 10.5 ],
			"to": [ 21.5, 9, 11 ],
			"faces": {
				"down": { "uv": [ 1.375, 9.25, 1.625, 9.375 ], "texture": "#voxels_atlas" },
				"up": { "uv": [ 1.375, 8.875, 1.625, 8.75 ], "texture": "#voxels_atlas" },
				"north": { "uv": [ 2.75, 9.5, 2.5, 9.75 ], "texture": "#voxels_atlas" },
				"south": { "uv": [ 2.5, 9.125, 2.75, 9.375 ], "texture": "#voxels_atlas" },
				"west": { "uv": [ 10.625, 9, 10.75, 9.25 ], "texture": "#voxels_atlas" },
				"east": { "uv": [ 10.625, 8.75, 10.5, 9 ], "texture": "#voxels_atlas" }
			}
		},
		{
			"__comment": "Voxels",
			"from": [ 20.5, 8, 11 ],
			"to": [ 21, 9, 11.5 ],
			"faces": {
				"down": { "uv": [ 11.75, 12.875, 11.875, 13 ], "texture": "#voxels_atlas" },
				"up": { "uv": [ 11.875, 13, 12, 12.875 ], "texture": "#voxels_atlas" },
				"north": { "uv": [ 10.75, 8.75, 10.625, 9 ], "texture": "#voxels_atlas" },
				"south": { "uv": [ 10.375, 8.5, 10.5, 8.75 ], "texture": "#voxels_atlas" },
				"west": { "uv": [ 10.5, 8.5, 10.625, 8.75 ], "texture": "#voxels_atlas" },
				"east": { "uv": [ 10.75, 8.5, 10.625, 8.75 ], "texture": "#voxels_atlas" }
			}
		},
		{
			"__comment": "Voxels",
			"from": [ 21, 8, 5.5 ],
			"to": [ 21.5, 9, 7 ],
			"faces": {
				"down": { "uv": [ 10.375, 12.25, 10.5, 12.625 ], "texture": "#voxels_atlas" },
				"up": { "uv": [ 10.25, 8.625, 10.375, 8.25 ], "texture": "#voxels_atlas" },
				"north": { "uv": [ 10.5, 8.25, 10.375, 8.5 ], "texture": "#voxels_atlas" },
				"south": { "uv": [ 10.5, 8.25, 10.625, 8.5 ], "texture": "#voxels_atlas" },
				"west": { "uv": [ 9.75, 12.625, 10.125, 12.875 ], "texture": "#voxels_atlas" },
				"east": { "uv": [ 10.125, 12.875, 9.75, 13.125 ], "texture": "#voxels_atlas" }
			}
		},
		{
			"__comment": "Voxels",
			"from": [ 21, 8, 7.5 ],
			"to": [ 21.5, 9, 9 ],
			"faces": {
				"down": { "uv": [ 10.125, 8.25, 10.25, 8.625 ], "texture": "#voxels_atlas" },
				"up": { "uv": [ 10.25, 9, 10.375, 8.625 ], "texture": "#voxels_atlas" },
				"north": { "uv": [ 10.75, 8.25, 10.625, 8.5 ], "texture": "#voxels_atlas" },
				"south": { "uv": [ 10.625, 8, 10.75, 8.25 ], "texture": "#voxels_atlas" },
				"west": { "uv": [ 9.75, 13.125, 10.125, 13.375 ], "texture": "#voxels_atlas" },
				"east": { "uv": [ 10.125, 13.375, 9.75, 13.625 ], "texture": "#voxels_atlas" }
			}
		},
		{
			"__comment": "Voxels",
			"from": [ 21, 8, 10 ],
			"to": [ 21.5, 9, 10.5 ],
			"faces": {
				"down": { "uv": [ 14, 12.875, 14.125, 13 ], "texture": "#voxels_atlas" },
				"up": { "uv": [ 14.125, 13, 14.25, 12.875 ], "texture": "#voxels_atlas" },
				"north": { "uv": [ 10.875, 13, 10.75, 13.25 ], "texture": "#voxels_atlas" },
				"south": { "uv": [ 10.75, 11.75, 10.875, 12 ], "texture": "#voxels_atlas" },
				"west": { "uv": [ 10.75, 11.5, 10.875, 11.75 ], "texture": "#voxels_atlas" },
				"east": { "uv": [ 11.75, 13, 11.625, 13.25 ], "texture": "#voxels_atlas" }
			}
		}
	],
	"gui_light": "front",	
	"display": {
		"thirdperson_righthand": {
			"rotation":  [ 94, 88, 0 ],
			"translation":  [ 0, 4.1739, 0.6956 ],
			"scale":  [ 1.3129, 0.6521, 0.8608 ]
		},
		"thirdperson_lefthand": {
			"rotation":  [ -90, 88, 0 ],
			"translation":  [ 0, 4.1739, 0.6956 ],
			"scale":  [ 1.3129, 0.6521, 0.8608 ]
		},
		"firstperson_righthand": {
			"rotation":  [ 11, 49, 70 ],
			"translation":  [ 1.3913, 0.6956, 0 ],
			"scale":  [ 0.4, 0.7565, 0.2695 ]
		},
		"firstperson_lefthand": {
			"rotation":  [ -167, 138, 70 ],
			"translation":  [ 1.3913, 0.6956, 0 ],
			"scale":  [ 0.4, 0.7565, 0.2695 ]
		},
		"gui": {
			"rotation":  [ 90, 90, 0 ],
			"translation":  [ 0, 0.6956, 0 ],
			"scale":  [ 0.4782, 1, 0.4434 ]
		},
		"ground": {
			"rotation":  [ -23, 38, 91 ],
			"translation":  [ 0, 3.4782, 0 ],
			"scale":  [ 0.6521, 0.4781, 0.5826 ]
		},
		"fixed": {
			"rotation":  [ 90, 90, 0 ],
			"translation":  [ 0, 1.3913, -2 ],
			"scale":  [ 0.5825, 0.513, 0.4782 ]
		}
	}
}