{
	"__comment": "Designed by Pashjn with Cubik Studio - https://cubik.studio",
	"textures": {
		"particle": "images/ironpickaxe",
		"texture": "images/ironpickaxe",
		"voxels_atlas": "images/ironpickaxe"
	},
	"elements": [ 	 
		{
			"__comment": "Voxels",
			"from": [ -12, 8, 7 ],
			"to": [ 6.5, 9.5, 8.5 ],
			"faces": {
				"down": { "uv": [ 0, 15.25, 9.25, 16 ], "texture": "#voxels_atlas" },
				"up": { "uv": [ 0, 15.25, 9.25, 14.5 ], "texture": "#voxels_atlas" },
				"north": { "uv": [ 9.25, 13.75, 0, 14.5 ], "texture": "#voxels_atlas" },
				"south": { "uv": [ 0, 13, 9.25, 13.75 ], "texture": "#voxels_atlas" },
				"west": { "uv": [ 2, 7, 2.75, 7.75 ], "texture": "#voxels_atlas" },
				"east": { "uv": [ 2.75, 6.25, 2, 7 ], "texture": "#voxels_atlas" }
			}
		},
		{
			"__comment": "Voxels",
			"from": [ -11.5, 7.5, 7 ],
			"to": [ -10.5, 8, 8.5 ],
			"faces": {
				"down": { "uv": [ 3.25, 8.75, 3.75, 9.5 ], "texture": "#voxels_atlas" },
				"up": { "uv": [ 3.25, 10.25, 3.75, 9.5 ], "texture": "#voxels_atlas" },
				"north": { "uv": [ 3.25, 2, 2.75, 2.25 ], "texture": "#voxels_atlas" },
				"south": { "uv": [ 12.25, 10.25, 12.75, 10.5 ], "texture": "#voxels_atlas" },
				"west": { "uv": [ 7.75, 10.5, 8.5, 10.75 ], "texture": "#voxels_atlas" },
				"east": { "uv": [ 9.25, 10.5, 8.5, 10.75 ], "texture": "#voxels_atlas" }
			}
		},
		{
			"__comment": "Voxels",
			"from": [ -11.5, 8, 6.5 ],
			"to": [ -10.5, 9.5, 7 ],
			"faces": {
				"down": { "uv": [ 12.75, 10.25, 13.25, 10.5 ], "texture": "#voxels_atlas" },
				"up": { "uv": [ 13.25, 10.5, 13.75, 10.25 ], "texture": "#voxels_atlas" },
				"north": { "uv": [ 3.75, 10.25, 3.25, 11 ], "texture": "#voxels_atlas" },
				"south": { "uv": [ 2, 1, 2.5, 1.75 ], "texture": "#voxels_atlas" },
				"west": { "uv": [ 1.75, 7.75, 2, 8.5 ], "texture": "#voxels_atlas" },
				"east": { "uv": [ 2, 7, 1.75, 7.75 ], "texture": "#voxels_atlas" }
			}
		},
		{
			"__comment": "Voxels",
			"from": [ -11.5, 8, 8.5 ],
			"to": [ -10.5, 9.5, 9 ],
			"faces": {
				"down": { "uv": [ 13.75, 10.25, 14.25, 10.5 ], "texture": "#voxels_atlas" },
				"up": { "uv": [ 14.25, 10.5, 14.75, 10.25 ], "texture": "#voxels_atlas" },
				"north": { "uv": [ 3.25, 7.75, 2.75, 8.5 ], "texture": "#voxels_atlas" },
				"south": { "uv": [ 2.75, 8.5, 3.25, 9.25 ], "texture": "#voxels_atlas" },
				"west": { "uv": [ 1.75, 6.25, 2, 7 ], "texture": "#voxels_atlas" },
				"east": { "uv": [ 2, 5.5, 1.75, 6.25 ], "texture": "#voxels_atlas" }
			}
		},
		{
			"__comment": "Voxels",
			"from": [ -11.5, 9.5, 7 ],
			"to": [ -10.5, 10, 8.5 ],
			"faces": {
				"down": { "uv": [ 2.75, 9.25, 3.25, 10 ], "texture": "#voxels_atlas" },
				"up": { "uv": [ 3.25, 8, 3.75, 7.25 ], "texture": "#voxels_atlas" },
				"north": { "uv": [ 15.25, 10.25, 14.75, 10.5 ], "texture": "#voxels_atlas" },
				"south": { "uv": [ 15.25, 10.25, 15.75, 10.5 ], "texture": "#voxels_atlas" },
				"west": { "uv": [ 11.5, 10.5, 12.25, 10.75 ], "texture": "#voxels_atlas" },
				"east": { "uv": [ 13, 10.5, 12.25, 10.75 ], "texture": "#voxels_atlas" }
			}
		},
		{
			"__comment": "Voxels",
			"from": [ -0.5, 7.5, 7 ],
			"to": [ 0, 8, 8.5 ],
			"faces": {
				"down": { "uv": [ 1.75, 4.75, 2, 5.5 ], "texture": "#voxels_atlas" },
				"up": { "uv": [ 1.75, 4.75, 2, 4 ], "texture": "#voxels_atlas" },
				"north": { "uv": [ 3.25, 3, 3, 3.25 ], "texture": "#voxels_atlas" },
				"south": { "uv": [ 3, 3.25, 3.25, 3.5 ], "texture": "#voxels_atlas" },
				"west": { "uv": [ 14.5, 10.5, 15.25, 10.75 ], "texture": "#voxels_atlas" },
				"east": { "uv": [ 5.5, 8.75, 4.75, 9 ], "texture": "#voxels_atlas" }
			}
		},
		{
			"__comment": "Voxels",
			"from": [ -0.5, 8, 6.5 ],
			"to": [ 0, 9.5, 7 ],
			"faces": {
				"down": { "uv": [ 3, 3.5, 3.25, 3.75 ], "texture": "#voxels_atlas" },
				"up": { "uv": [ 3, 4, 3.25, 3.75 ], "texture": "#voxels_atlas" },
				"north": { "uv": [ 2, 2.5, 1.75, 3.25 ], "texture": "#voxels_atlas" },
				"south": { "uv": [ 1.75, 1.75, 2, 2.5 ], "texture": "#voxels_atlas" },
				"west": { "uv": [ 1.75, 1, 2, 1.75 ], "texture": "#voxels_atlas" },
				"east": { "uv": [ 2, 0.25, 1.75, 1 ], "texture": "#voxels_atlas" }
			}
		},
		{
			"__comment": "Voxels",
			"from": [ -0.5, 8, 8.5 ],
			"to": [ 0, 9.5, 9 ],
			"faces": {
				"down": { "uv": [ 3, 4, 3.25, 4.25 ], "texture": "#voxels_atlas" },
				"up": { "uv": [ 3, 4.5, 3.25, 4.25 ], "texture": "#voxels_atlas" },
				"north": { "uv": [ 3.5, 6.5, 3.25, 7.25 ], "texture": "#voxels_atlas" },
				"south": { "uv": [ 3.5, 6.5, 3.75, 7.25 ], "texture": "#voxels_atlas" },
				"west": { "uv": [ 3.25, 5.75, 3.5, 6.5 ], "texture": "#voxels_atlas" },
				"east": { "uv": [ 3.75, 5.75, 3.5, 6.5 ], "texture": "#voxels_atlas" }
			}
		},
		{
			"__comment": "Voxels",
			"from": [ -0.5, 9.5, 7 ],
			"to": [ 0, 10, 8.5 ],
			"faces": {
				"down": { "uv": [ 3.25, 5, 3.5, 5.75 ], "texture": "#voxels_atlas" },
				"up": { "uv": [ 3.5, 5.75, 3.75, 5 ], "texture": "#voxels_atlas" },
				"north": { "uv": [ 3.25, 4.5, 3, 4.75 ], "texture": "#voxels_atlas" },
				"south": { "uv": [ 3, 4.75, 3.25, 5 ], "texture": "#voxels_atlas" },
				"west": { "uv": [ 4.75, 9.5, 5.5, 9.75 ], "texture": "#voxels_atlas" },
				"east": { "uv": [ 5.5, 9.25, 4.75, 9.5 ], "texture": "#voxels_atlas" }
			}
		},
		{
			"__comment": "Voxels",
			"from": [ 0, 8.5, -3 ],
			"to": [ 2.5, 9, -2.5 ],
			"faces": {
				"down": { "uv": [ 12.5, 11.25, 13.75, 11.5 ], "texture": "#voxels_atlas" },
				"up": { "uv": [ 13.75, 11.5, 15, 11.25 ], "texture": "#voxels_atlas" },
				"north": { "uv": [ 9.5, 12.25, 8.25, 12.5 ], "texture": "#voxels_atlas" },
				"south": { "uv": [ 9.5, 12.25, 10.75, 12.5 ], "texture": "#voxels_atlas" },
				"west": { "uv": [ 3, 5, 3.25, 5.25 ], "texture": "#voxels_atlas" },
				"east": { "uv": [ 3.25, 5.25, 3, 5.5 ], "texture": "#voxels_atlas" }
			}
		},
		{
			"__comment": "Voxels",
			"from": [ 0, 8.5, 18 ],
			"to": [ 2.5, 9, 18.5 ],
			"faces": {
				"down": { "uv": [ 13.25, 12.25, 14.5, 12.5 ], "texture": "#voxels_atlas" },
				"up": { "uv": [ 14.5, 12.5, 15.75, 12.25 ], "texture": "#voxels_atlas" },
				"north": { "uv": [ 5.75, 11.75, 4.5, 12 ], "texture": "#voxels_atlas" },
				"south": { "uv": [ 4.5, 12, 5.75, 12.25 ], "texture": "#voxels_atlas" },
				"west": { "uv": [ 3, 5.5, 3.25, 5.75 ], "texture": "#voxels_atlas" },
				"east": { "uv": [ 5.75, 1, 5.5, 1.25 ], "texture": "#voxels_atlas" }
			}
		},
		{
			"__comment": "Voxels",
			"from": [ 0.5, 8, -3 ],
			"to": [ 2.5, 8.5, -2.5 ],
			"faces": {
				"down": { "uv": [ 3.75, 1, 4.75, 1.25 ], "texture": "#voxels_atlas" },
				"up": { "uv": [ 3.75, 1, 4.75, 0.75 ], "texture": "#voxels_atlas" },
				"north": { "uv": [ 4.75, 0.5, 3.75, 0.75 ], "texture": "#voxels_atlas" },
				"south": { "uv": [ 3.75, 0.25, 4.75, 0.5 ], "texture": "#voxels_atlas" },
				"west": { "uv": [ 6, 9.25, 6.25, 9.5 ], "texture": "#voxels_atlas" },
				"east": { "uv": [ 6.25, 9.5, 6, 9.75 ], "texture": "#voxels_atlas" }
			}
		},
		{
			"__comment": "Voxels",
			"from": [ 0.5, 8, 18 ],
			"to": [ 2.5, 8.5, 18.5 ],
			"faces": {
				"down": { "uv": [ 5.75, 11, 6.75, 11.25 ], "texture": "#voxels_atlas" },
				"up": { "uv": [ 6.75, 11.25, 7.75, 11 ], "texture": "#voxels_atlas" },
				"north": { "uv": [ 8.75, 11, 7.75, 11.25 ], "texture": "#voxels_atlas" },
				"south": { "uv": [ 8.75, 11, 9.75, 11.25 ], "texture": "#voxels_atlas" },
				"west": { "uv": [ 5.75, 0, 6, 0.25 ], "texture": "#voxels_atlas" },
				"east": { "uv": [ 6, 0.25, 5.75, 0.5 ], "texture": "#voxels_atlas" }
			}
		},
		{
			"__comment": "Voxels",
			"from": [ 0.5, 8.5, -2.5 ],
			"to": [ 3.5, 9, -2 ],
			"faces": {
				"down": { "uv": [ 11.25, 12.75, 12.75, 13 ], "texture": "#voxels_atlas" },
				"up": { "uv": [ 12.75, 13, 14.25, 12.75 ], "texture": "#voxels_atlas" },
				"north": { "uv": [ 15.75, 12.75, 14.25, 13 ], "texture": "#voxels_atlas" },
				"south": { "uv": [ 3.25, 12.5, 4.75, 12.75 ], "texture": "#voxels_atlas" },
				"west": { "uv": [ 5.75, 4, 6, 4.25 ], "texture": "#voxels_atlas" },
				"east": { "uv": [ 6, 4.25, 5.75, 4.5 ], "texture": "#voxels_atlas" }
			}
		},
		{
			"__comment": "Voxels",
			"from": [ 0.5, 8.5, 17.5 ],
			"to": [ 3.5, 9, 18 ],
			"faces": {
				"down": { "uv": [ 4.75, 12.5, 6.25, 12.75 ], "texture": "#voxels_atlas" },
				"up": { "uv": [ 10.75, 12.75, 12.25, 12.5 ], "texture": "#voxels_atlas" },
				"north": { "uv": [ 7.75, 12.5, 6.25, 12.75 ], "texture": "#voxels_atlas" },
				"south": { "uv": [ 7.75, 12.5, 9.25, 12.75 ], "texture": "#voxels_atlas" },
				"west": { "uv": [ 5.75, 5.5, 6, 5.75 ], "texture": "#voxels_atlas" },
				"east": { "uv": [ 6, 5.75, 5.75, 6 ], "texture": "#voxels_atlas" }
			}
		},
		{
			"__comment": "Voxels",
			"from": [ 0.5, 9, -3 ],
			"to": [ 2.5, 9.5, -2.5 ],
			"faces": {
				"down": { "uv": [ 4.75, 10.75, 5.75, 11 ], "texture": "#voxels_atlas" },
				"up": { "uv": [ 5.75, 11, 6.75, 10.75 ], "texture": "#voxels_atlas" },
				"north": { "uv": [ 7.75, 10.75, 6.75, 11 ], "texture": "#voxels_atlas" },
				"south": { "uv": [ 7.75, 10.75, 8.75, 11 ], "texture": "#voxels_atlas" },
				"west": { "uv": [ 5.75, 6, 6, 6.25 ], "texture": "#voxels_atlas" },
				"east": { "uv": [ 6, 6.25, 5.75, 6.5 ], "texture": "#voxels_atlas" }
			}
		},
		{
			"__comment": "Voxels",
			"from": [ 0.5, 9, 18 ],
			"to": [ 2.5, 9.5, 18.5 ],
			"faces": {
				"down": { "uv": [ 10.75, 10.75, 11.75, 11 ], "texture": "#voxels_atlas" },
				"up": { "uv": [ 11.75, 11, 12.75, 10.75 ], "texture": "#voxels_atlas" },
				"north": { "uv": [ 13.75, 10.75, 12.75, 11 ], "texture": "#voxels_atlas" },
				"south": { "uv": [ 13.75, 10.75, 14.75, 11 ], "texture": "#voxels_atlas" },
				"west": { "uv": [ 5.75, 7, 6, 7.25 ], "texture": "#voxels_atlas" },
				"east": { "uv": [ 6, 7.25, 5.75, 7.5 ], "texture": "#voxels_atlas" }
			}
		},
		{
			"__comment": "Voxels",
			"from": [ 1, 8, -2.5 ],
			"to": [ 3.5, 8.5, -2 ],
			"faces": {
				"down": { "uv": [ 8.75, 11.25, 10, 11.5 ], "texture": "#voxels_atlas" },
				"up": { "uv": [ 10, 11.5, 11.25, 11.25 ], "texture": "#voxels_atlas" },
				"north": { "uv": [ 12.5, 11.25, 11.25, 11.5 ], "texture": "#voxels_atlas" },
				"south": { "uv": [ 10.75, 12.25, 12, 12.5 ], "texture": "#voxels_atlas" },
				"west": { "uv": [ 5.75, 7.5, 6, 7.75 ], "texture": "#voxels_atlas" },
				"east": { "uv": [ 6, 7.75, 5.75, 8 ], "texture": "#voxels_atlas" }
			}
		},
		{
			"__comment": "Voxels",
			"from": [ 1, 8, 17.5 ],
			"to": [ 3.5, 8.5, 18 ],
			"faces": {
				"down": { "uv": [ 5.75, 12, 7, 12.25 ], "texture": "#voxels_atlas" },
				"up": { "uv": [ 5.75, 12, 7, 11.75 ], "texture": "#voxels_atlas" },
				"north": { "uv": [ 8.25, 12, 7, 12.25 ], "texture": "#voxels_atlas" },
				"south": { "uv": [ 7, 11.75, 8.25, 12 ], "texture": "#voxels_atlas" },
				"west": { "uv": [ 5.75, 8.5, 6, 8.75 ], "texture": "#voxels_atlas" },
				"east": { "uv": [ 6, 8.75, 5.75, 9 ], "texture": "#voxels_atlas" }
			}
		},
		{
			"__comment": "Voxels",
			"from": [ 1, 9, -2.5 ],
			"to": [ 3.5, 9.5, -2 ],
			"faces": {
				"down": { "uv": [ 9.5, 12, 10.75, 12.25 ], "texture": "#voxels_atlas" },
				"up": { "uv": [ 9.5, 12, 10.75, 11.75 ], "texture": "#voxels_atlas" },
				"north": { "uv": [ 12, 12, 10.75, 12.25 ], "texture": "#voxels_atlas" },
				"south": { "uv": [ 10.75, 11.75, 12, 12 ], "texture": "#voxels_atlas" },
				"west": { "uv": [ 5.75, 9, 6, 9.25 ], "texture": "#voxels_atlas" },
				"east": { "uv": [ 6, 9.25, 5.75, 9.5 ], "texture": "#voxels_atlas" }
			}
		},
		{
			"__comment": "Voxels",
			"from": [ 1, 9, 17.5 ],
			"to": [ 3.5, 9.5, 18 ],
			"faces": {
				"down": { "uv": [ 13.25, 12, 14.5, 12.25 ], "texture": "#voxels_atlas" },
				"up": { "uv": [ 13.25, 12, 14.5, 11.75 ], "texture": "#voxels_atlas" },
				"north": { "uv": [ 15.75, 12, 14.5, 12.25 ], "texture": "#voxels_atlas" },
				"south": { "uv": [ 14.5, 11.75, 15.75, 12 ], "texture": "#voxels_atlas" },
				"west": { "uv": [ 15.75, 10, 16, 10.25 ], "texture": "#voxels_atlas" },
				"east": { "uv": [ 16, 10.25, 15.75, 10.5 ], "texture": "#voxels_atlas" }
			}
		},
		{
			"__comment": "Voxels",
			"from": [ 1.5, 8.5, -2 ],
			"to": [ 4, 9, -1.5 ],
			"faces": {
				"down": { "uv": [ 6.25, 11.5, 7.5, 11.75 ], "texture": "#voxels_atlas" },
				"up": { "uv": [ 7.5, 11.75, 8.75, 11.5 ], "texture": "#voxels_atlas" },
				"north": { "uv": [ 10, 11.5, 8.75, 11.75 ], "texture": "#voxels_atlas" },
				"south": { "uv": [ 10, 11.5, 11.25, 11.75 ], "texture": "#voxels_atlas" },
				"west": { "uv": [ 5.5, 0, 5.75, 0.25 ], "texture": "#voxels_atlas" },
				"east": { "uv": [ 5.75, 0.25, 5.5, 0.5 ], "texture": "#voxels_atlas" }
			}
		},
		{
			"__comment": "Voxels",
			"from": [ 1.5, 8.5, 17 ],
			"to": [ 4, 9, 17.5 ],
			"faces": {
				"down": { "uv": [ 13.75, 11.5, 15, 11.75 ], "texture": "#voxels_atlas" },
				"up": { "uv": [ 3.75, 11.5, 5, 11.25 ], "texture": "#voxels_atlas" },
				"north": { "uv": [ 6.25, 11.25, 5, 11.5 ], "texture": "#voxels_atlas" },
				"south": { "uv": [ 6.25, 11.25, 7.5, 11.5 ], "texture": "#voxels_atlas" },
				"west": { "uv": [ 5.5, 0.5, 5.75, 0.75 ], "texture": "#voxels_atlas" },
				"east": { "uv": [ 5.75, 0.75, 5.5, 1 ], "texture": "#voxels_atlas" }
			}
		},
		{
			"__comment": "Voxels",
			"from": [ 2, 8, -2 ],
			"to": [ 4, 8.5, -1.5 ],
			"faces": {
				"down": { "uv": [ 3.75, 9.25, 4.75, 9.5 ], "texture": "#voxels_atlas" },
				"up": { "uv": [ 3.75, 9.25, 4.75, 9 ], "texture": "#voxels_atlas" },
				"north": { "uv": [ 1, 0, 0, 0.25 ], "texture": "#voxels_atlas" },
				"south": { "uv": [ 3.75, 8.25, 4.75, 8.5 ], "texture": "#voxels_atlas" },
				"west": { "uv": [ 5.5, 1.25, 5.75, 1.5 ], "texture": "#voxels_atlas" },
				"east": { "uv": [ 16, 11.75, 15.75, 12 ], "texture": "#voxels_atlas" }
			}
		},
		{
			"__comment": "Voxels",
			"from": [ 2, 8, 17 ],
			"to": [ 4, 8.5, 17.5 ],
			"faces": {
				"down": { "uv": [ 3.75, 8, 4.75, 8.25 ], "texture": "#voxels_atlas" },
				"up": { "uv": [ 3.75, 8, 4.75, 7.75 ], "texture": "#voxels_atlas" },
				"north": { "uv": [ 4.75, 7.5, 3.75, 7.75 ], "texture": "#voxels_atlas" },
				"south": { "uv": [ 3.75, 7.25, 4.75, 7.5 ], "texture": "#voxels_atlas" },
				"west": { "uv": [ 15.75, 12, 16, 12.25 ], "texture": "#voxels_atlas" },
				"east": { "uv": [ 16, 12.25, 15.75, 12.5 ], "texture": "#voxels_atlas" }
			}
		},
		{
			"__comment": "Voxels",
			"from": [ 2, 9, -2 ],
			"to": [ 4, 9.5, -1.5 ],
			"faces": {
				"down": { "uv": [ 3.75, 7, 4.75, 7.25 ], "texture": "#voxels_atlas" },
				"up": { "uv": [ 3.75, 6.75, 4.75, 6.5 ], "texture": "#voxels_atlas" },
				"north": { "uv": [ 4.75, 6.25, 3.75, 6.5 ], "texture": "#voxels_atlas" },
				"south": { "uv": [ 3.75, 6, 4.75, 6.25 ], "texture": "#voxels_atlas" },
				"west": { "uv": [ 15.75, 12.75, 16, 13 ], "texture": "#voxels_atlas" },
				"east": { "uv": [ 3.25, 2.25, 3, 2.5 ], "texture": "#voxels_atlas" }
			}
		},
		{
			"__comment": "Voxels",
			"from": [ 2, 9, 17 ],
			"to": [ 4, 9.5, 17.5 ],
			"faces": {
				"down": { "uv": [ 3.75, 5.5, 4.75, 5.75 ], "texture": "#voxels_atlas" },
				"up": { "uv": [ 3.75, 5.5, 4.75, 5.25 ], "texture": "#voxels_atlas" },
				"north": { "uv": [ 4.75, 5, 3.75, 5.25 ], "texture": "#voxels_atlas" },
				"south": { "uv": [ 3.75, 4.75, 4.75, 5 ], "texture": "#voxels_atlas" },
				"west": { "uv": [ 15.75, 10.75, 16, 11 ], "texture": "#voxels_atlas" },
				"east": { "uv": [ 16, 11, 15.75, 11.25 ], "texture": "#voxels_atlas" }
			}
		},
		{
			"__comment": "Voxels",
			"from": [ 2.5, 8, -1.5 ],
			"to": [ 4.5, 9.5, -1 ],
			"faces": {
				"down": { "uv": [ 3.75, 9.5, 4.75, 9.75 ], "texture": "#voxels_atlas" },
				"up": { "uv": [ 3.75, 8.75, 4.75, 8.5 ], "texture": "#voxels_atlas" },
				"north": { "uv": [ 2, 11.5, 1, 12.25 ], "texture": "#voxels_atlas" },
				"south": { "uv": [ 1, 12.25, 2, 13 ], "texture": "#voxels_atlas" },
				"west": { "uv": [ 1.75, 3.25, 2, 4 ], "texture": "#voxels_atlas" },
				"east": { "uv": [ 3.25, 1, 3, 1.75 ], "texture": "#voxels_atlas" }
			}
		},
		{
			"__comment": "Voxels",
			"from": [ 2.5, 8, 16.5 ],
			"to": [ 4.5, 9.5, 17 ],
			"faces": {
				"down": { "uv": [ 3.75, 1.75, 4.75, 2 ], "texture": "#voxels_atlas" },
				"up": { "uv": [ 3.75, 7, 4.75, 6.75 ], "texture": "#voxels_atlas" },
				"north": { "uv": [ 1, 5.5, 0, 6.25 ], "texture": "#voxels_atlas" },
				"south": { "uv": [ 0, 7, 1, 7.75 ], "texture": "#voxels_atlas" },
				"west": { "uv": [ 3.25, 4.25, 3.5, 5 ], "texture": "#voxels_atlas" },
				"east": { "uv": [ 3.75, 4.25, 3.5, 5 ], "texture": "#voxels_atlas" }
			}
		},
		{
			"__comment": "Voxels",
			"from": [ 3, 7.5, 7 ],
			"to": [ 6, 8, 8.5 ],
			"faces": {
				"down": { "uv": [ 12.75, 14.5, 14.25, 15.25 ], "texture": "#voxels_atlas" },
				"up": { "uv": [ 12.25, 14.5, 13.75, 13.75 ], "texture": "#voxels_atlas" },
				"north": { "uv": [ 8.25, 12.25, 6.75, 12.5 ], "texture": "#voxels_atlas" },
				"south": { "uv": [ 9.25, 12.5, 10.75, 12.75 ], "texture": "#voxels_atlas" },
				"west": { "uv": [ 4.75, 8.5, 5.5, 8.75 ], "texture": "#voxels_atlas" },
				"east": { "uv": [ 5.5, 8.25, 4.75, 8.5 ], "texture": "#voxels_atlas" }
			}
		},
		{
			"__comment": "Voxels",
			"from": [ 3, 8, -1 ],
			"to": [ 5, 9.5, -0.5 ],
			"faces": {
				"down": { "uv": [ 5.75, 10.5, 6.75, 10.75 ], "texture": "#voxels_atlas" },
				"up": { "uv": [ 6.75, 10.75, 7.75, 10.5 ], "texture": "#voxels_atlas" },
				"north": { "uv": [ 1, 10, 0, 10.75 ], "texture": "#voxels_atlas" },
				"south": { "uv": [ 0, 10.75, 1, 11.5 ], "texture": "#voxels_atlas" },
				"west": { "uv": [ 3.5, 3.5, 3.75, 4.25 ], "texture": "#voxels_atlas" },
				"east": { "uv": [ 3.5, 2.75, 3.25, 3.5 ], "texture": "#voxels_atlas" }
			}
		},
		{
			"__comment": "Voxels",
			"from": [ 3, 8, 6.5 ],
			"to": [ 7, 9.5, 7 ],
			"faces": {
				"down": { "uv": [ 5.25, 12.75, 7.25, 13 ], "texture": "#voxels_atlas" },
				"up": { "uv": [ 3.25, 13, 5.25, 12.75 ], "texture": "#voxels_atlas" },
				"north": { "uv": [ 11.25, 15.25, 9.25, 16 ], "texture": "#voxels_atlas" },
				"south": { "uv": [ 11.25, 15.25, 13.25, 16 ], "texture": "#voxels_atlas" },
				"west": { "uv": [ 3.5, 2, 3.75, 2.75 ], "texture": "#voxels_atlas" },
				"east": { "uv": [ 3.5, 1.25, 3.25, 2 ], "texture": "#voxels_atlas" }
			}
		},
		{
			"__comment": "Voxels",
			"from": [ 3, 8, 8.5 ],
			"to": [ 7, 9.5, 9 ],
			"faces": {
				"down": { "uv": [ 7.25, 12.75, 9.25, 13 ], "texture": "#voxels_atlas" },
				"up": { "uv": [ 9.25, 13, 11.25, 12.75 ], "texture": "#voxels_atlas" },
				"north": { "uv": [ 11.25, 14.5, 9.25, 15.25 ], "texture": "#voxels_atlas" },
				"south": { "uv": [ 13.25, 15.25, 15.25, 16 ], "texture": "#voxels_atlas" },
				"west": { "uv": [ 5, 5.25, 5.25, 6 ], "texture": "#voxels_atlas" },
				"east": { "uv": [ 5.25, 4.5, 5, 5.25 ], "texture": "#voxels_atlas" }
			}
		},
		{
			"__comment": "Voxels",
			"from": [ 3, 8, 16 ],
			"to": [ 5, 9.5, 16.5 ],
			"faces": {
				"down": { "uv": [ 3.75, 2.5, 4.75, 2.75 ], "texture": "#voxels_atlas" },
				"up": { "uv": [ 3.75, 2.5, 4.75, 2.25 ], "texture": "#voxels_atlas" },
				"north": { "uv": [ 1, 7.75, 0, 8.5 ], "texture": "#voxels_atlas" },
				"south": { "uv": [ 13, 13, 14, 13.75 ], "texture": "#voxels_atlas" },
				"west": { "uv": [ 5, 3.75, 5.25, 4.5 ], "texture": "#voxels_atlas" },
				"east": { "uv": [ 5.25, 2.5, 5, 3.25 ], "texture": "#voxels_atlas" }
			}
		},
		{
			"__comment": "Voxels",
			"from": [ 3, 9.5, 7 ],
			"to": [ 6, 10, 8.5 ],
			"faces": {
				"down": { "uv": [ 9.25, 13.75, 10.75, 14.5 ], "texture": "#voxels_atlas" },
				"up": { "uv": [ 10.75, 14.5, 12.25, 13.75 ], "texture": "#voxels_atlas" },
				"north": { "uv": [ 15.25, 12.5, 13.75, 12.75 ], "texture": "#voxels_atlas" },
				"south": { "uv": [ 12.25, 12.5, 13.75, 12.75 ], "texture": "#voxels_atlas" },
				"west": { "uv": [ 15.25, 12.5, 16, 12.75 ], "texture": "#voxels_atlas" },
				"east": { "uv": [ 11.5, 10.5, 10.75, 10.75 ], "texture": "#voxels_atlas" }
			}
		},
		{
			"__comment": "Voxels",
			"from": [ 3.5, 7.5, 6.5 ],
			"to": [ 4.5, 8, 7 ],
			"faces": {
				"down": { "uv": [ 2.75, 0.25, 3.25, 0.5 ], "texture": "#voxels_atlas" },
				"up": { "uv": [ 2.75, 0.75, 3.25, 0.5 ], "texture": "#voxels_atlas" },
				"north": { "uv": [ 3.25, 0.75, 2.75, 1 ], "texture": "#voxels_atlas" },
				"south": { "uv": [ 2.75, 1.75, 3.25, 2 ], "texture": "#voxels_atlas" },
				"west": { "uv": [ 6, 4.25, 6.25, 4.5 ], "texture": "#voxels_atlas" },
				"east": { "uv": [ 3.25, 2.75, 3, 3 ], "texture": "#voxels_atlas" }
			}
		},
		{
			"__comment": "Voxels",
			"from": [ 3.5, 7.5, 8.5 ],
			"to": [ 4.5, 8, 9 ],
			"faces": {
				"down": { "uv": [ 7.25, 9.75, 7.75, 10 ], "texture": "#voxels_atlas" },
				"up": { "uv": [ 6.75, 10, 7.25, 9.75 ], "texture": "#voxels_atlas" },
				"north": { "uv": [ 6.75, 9.75, 6.25, 10 ], "texture": "#voxels_atlas" },
				"south": { "uv": [ 5.75, 9.75, 6.25, 10 ], "texture": "#voxels_atlas" },
				"west": { "uv": [ 5.75, 3.75, 6, 4 ], "texture": "#voxels_atlas" },
				"east": { "uv": [ 6, 3.5, 5.75, 3.75 ], "texture": "#voxels_atlas" }
			}
		},
		{
			"__comment": "Voxels",
			"from": [ 3.5, 8, -0.5 ],
			"to": [ 5.5, 9.5, 0 ],
			"faces": {
				"down": { "uv": [ 14.75, 10.75, 15.75, 11 ], "texture": "#voxels_atlas" },
				"up": { "uv": [ 8.75, 11, 9.75, 10.75 ], "texture": "#voxels_atlas" },
				"north": { "uv": [ 1, 1, 0, 1.75 ], "texture": "#voxels_atlas" },
				"south": { "uv": [ 0, 0.25, 1, 1 ], "texture": "#voxels_atlas" },
				"west": { "uv": [ 4.75, 6, 5, 6.75 ], "texture": "#voxels_atlas" },
				"east": { "uv": [ 5.5, 6.75, 5.25, 7.5 ], "texture": "#voxels_atlas" }
			}
		},
		{
			"__comment": "Voxels",
			"from": [ 3.5, 8, 15.5 ],
			"to": [ 5.5, 9.5, 16 ],
			"faces": {
				"down": { "uv": [ 10.75, 11, 11.75, 11.25 ], "texture": "#voxels_atlas" },
				"up": { "uv": [ 9.75, 11.25, 10.75, 11 ], "texture": "#voxels_atlas" },
				"north": { "uv": [ 2, 10.75, 1, 11.5 ], "texture": "#voxels_atlas" },
				"south": { "uv": [ 1, 10, 2, 10.75 ], "texture": "#voxels_atlas" },
				"west": { "uv": [ 3.25, 3.5, 3.5, 4.25 ], "texture": "#voxels_atlas" },
				"east": { "uv": [ 3.5, 0.5, 3.25, 1.25 ], "texture": "#voxels_atlas" }
			}
		},
		{
			"__comment": "Voxels",
			"from": [ 3.5, 9.5, 6.5 ],
			"to": [ 4.5, 10, 7 ],
			"faces": {
				"down": { "uv": [ 7.25, 10, 7.75, 10.25 ], "texture": "#voxels_atlas" },
				"up": { "uv": [ 6.75, 10.25, 7.25, 10 ], "texture": "#voxels_atlas" },
				"north": { "uv": [ 6.75, 10, 6.25, 10.25 ], "texture": "#voxels_atlas" },
				"south": { "uv": [ 5.75, 10, 6.25, 10.25 ], "texture": "#voxels_atlas" },
				"west": { "uv": [ 6, 4.5, 6.25, 4.75 ], "texture": "#voxels_atlas" },
				"east": { "uv": [ 3.25, 2.5, 3, 2.75 ], "texture": "#voxels_atlas" }
			}
		},
		{
			"__comment": "Voxels",
			"from": [ 3.5, 9.5, 8.5 ],
			"to": [ 4.5, 10, 9 ],
			"faces": {
				"down": { "uv": [ 14.25, 9.75, 14.75, 10 ], "texture": "#voxels_atlas" },
				"up": { "uv": [ 13.75, 10, 14.25, 9.75 ], "texture": "#voxels_atlas" },
				"north": { "uv": [ 12.75, 9.75, 12.25, 10 ], "texture": "#voxels_atlas" },
				"south": { "uv": [ 11.75, 9.75, 12.25, 10 ], "texture": "#voxels_atlas" },
				"west": { "uv": [ 6, 5, 6.25, 5.25 ], "texture": "#voxels_atlas" },
				"east": { "uv": [ 6.25, 4.75, 6, 5 ], "texture": "#voxels_atlas" }
			}
		},
		{
			"__comment": "Voxels",
			"from": [ 4, 8, 0 ],
			"to": [ 6, 9.5, 0.5 ],
			"faces": {
				"down": { "uv": [ 3.75, 3, 4.75, 3.25 ], "texture": "#voxels_atlas" },
				"up": { "uv": [ 3.75, 3.5, 4.75, 3.25 ], "texture": "#voxels_atlas" },
				"north": { "uv": [ 2, 9.25, 1, 10 ], "texture": "#voxels_atlas" },
				"south": { "uv": [ 14, 13, 15, 13.75 ], "texture": "#voxels_atlas" },
				"west": { "uv": [ 5.25, 2.5, 5.5, 3.25 ], "texture": "#voxels_atlas" },
				"east": { "uv": [ 3.75, 1.25, 3.5, 2 ], "texture": "#voxels_atlas" }
			}
		},
		{
			"__comment": "Voxels",
			"from": [ 4, 8, 5.5 ],
			"to": [ 6.5, 9.5, 6.5 ],
			"faces": {
				"down": { "uv": [ 2, 11.5, 3.25, 12 ], "texture": "#voxels_atlas" },
				"up": { "uv": [ 2, 10.5, 3.25, 10 ], "texture": "#voxels_atlas" },
				"north": { "uv": [ 15, 13.75, 13.75, 14.5 ], "texture": "#voxels_atlas" },
				"south": { "uv": [ 11.75, 13, 13, 13.75 ], "texture": "#voxels_atlas" },
				"west": { "uv": [ 3.25, 11.75, 3.75, 12.5 ], "texture": "#voxels_atlas" },
				"east": { "uv": [ 3.75, 11, 3.25, 11.75 ], "texture": "#voxels_atlas" }
			}
		},
		{
			"__comment": "Voxels",
			"from": [ 4, 8, 9 ],
			"to": [ 7, 9.5, 9.5 ],
			"faces": {
				"down": { "uv": [ 3.75, 12.25, 5.25, 12.5 ], "texture": "#voxels_atlas" },
				"up": { "uv": [ 5.25, 12.5, 6.75, 12.25 ], "texture": "#voxels_atlas" },
				"north": { "uv": [ 15.75, 14.5, 14.25, 15.25 ], "texture": "#voxels_atlas" },
				"south": { "uv": [ 11.25, 14.5, 12.75, 15.25 ], "texture": "#voxels_atlas" },
				"west": { "uv": [ 5.25, 3.75, 5.5, 4.5 ], "texture": "#voxels_atlas" },
				"east": { "uv": [ 5, 2.5, 4.75, 3.25 ], "texture": "#voxels_atlas" }
			}
		},
		{
			"__comment": "Voxels",
			"from": [ 4, 8, 9.5 ],
			"to": [ 6.5, 9.5, 10 ],
			"faces": {
				"down": { "uv": [ 8.25, 12, 9.5, 12.25 ], "texture": "#voxels_atlas" },
				"up": { "uv": [ 8.25, 12, 9.5, 11.75 ], "texture": "#voxels_atlas" },
				"north": { "uv": [ 11.75, 13, 10.5, 13.75 ], "texture": "#voxels_atlas" },
				"south": { "uv": [ 9.25, 13, 10.5, 13.75 ], "texture": "#voxels_atlas" },
				"west": { "uv": [ 5, 6.75, 5.25, 7.5 ], "texture": "#voxels_atlas" },
				"east": { "uv": [ 5.25, 6, 5, 6.75 ], "texture": "#voxels_atlas" }
			}
		},
		{
			"__comment": "Voxels",
			"from": [ 4, 8, 15 ],
			"to": [ 6, 9.5, 15.5 ],
			"faces": {
				"down": { "uv": [ 3.75, 4.25, 4.75, 4.5 ], "texture": "#voxels_atlas" },
				"up": { "uv": [ 3.75, 4.25, 4.75, 4 ], "texture": "#voxels_atlas" },
				"north": { "uv": [ 16, 13.75, 15, 14.5 ], "texture": "#voxels_atlas" },
				"south": { "uv": [ 15, 13, 16, 13.75 ], "texture": "#voxels_atlas" },
				"west": { "uv": [ 5.25, 4.5, 5.5, 5.25 ], "texture": "#voxels_atlas" },
				"east": { "uv": [ 5, 3.75, 4.75, 4.5 ], "texture": "#voxels_atlas" }
			}
		},
		{
			"__comment": "Voxels",
			"from": [ 4, 8.5, 10 ],
			"to": [ 6.5, 9, 10.5 ],
			"faces": {
				"down": { "uv": [ 12, 12, 13.25, 12.25 ], "texture": "#voxels_atlas" },
				"up": { "uv": [ 12, 12, 13.25, 11.75 ], "texture": "#voxels_atlas" },
				"north": { "uv": [ 5, 11.5, 3.75, 11.75 ], "texture": "#voxels_atlas" },
				"south": { "uv": [ 5, 11.5, 6.25, 11.75 ], "texture": "#voxels_atlas" },
				"west": { "uv": [ 6, 6.25, 6.25, 6.5 ], "texture": "#voxels_atlas" },
				"east": { "uv": [ 6.25, 8, 6, 8.25 ], "texture": "#voxels_atlas" }
			}
		},
		{
			"__comment": "Voxels",
			"from": [ 4.5, 8, 0.5 ],
			"to": [ 6, 9.5, 1.5 ],
			"faces": {
				"down": { "uv": [ 2, 0, 2.75, 0.5 ], "texture": "#voxels_atlas" },
				"up": { "uv": [ 2, 1, 2.75, 0.5 ], "texture": "#voxels_atlas" },
				"north": { "uv": [ 1.75, 5.5, 1, 6.25 ], "texture": "#voxels_atlas" },
				"south": { "uv": [ 1, 6.25, 1.75, 7 ], "texture": "#voxels_atlas" },
				"west": { "uv": [ 3.25, 8, 3.75, 8.75 ], "texture": "#voxels_atlas" },
				"east": { "uv": [ 3, 1, 2.5, 1.75 ], "texture": "#voxels_atlas" }
			}
		},
		{
			"__comment": "Voxels",
			"from": [ 4.5, 8, 5 ],
			"to": [ 6.5, 9.5, 5.5 ],
			"faces": {
				"down": { "uv": [ 13.75, 11, 14.75, 11.25 ], "texture": "#voxels_atlas" },
				"up": { "uv": [ 14.75, 11.25, 15.75, 11 ], "texture": "#voxels_atlas" },
				"north": { "uv": [ 1, 1.75, 0, 2.5 ], "texture": "#voxels_atlas" },
				"south": { "uv": [ 0, 2.5, 1, 3.25 ], "texture": "#voxels_atlas" },
				"west": { "uv": [ 5.25, 5.25, 5.5, 6 ], "texture": "#voxels_atlas" },
				"east": { "uv": [ 5, 4.5, 4.75, 5.25 ], "texture": "#voxels_atlas" }
			}
		},
		{
			"__comment": "Voxels",
			"from": [ 4.5, 8, 10 ],
			"to": [ 6.5, 8.5, 10.5 ],
			"faces": {
				"down": { "uv": [ 1, 0, 2, 0.25 ], "texture": "#voxels_atlas" },
				"up": { "uv": [ 15, 11.75, 16, 11.5 ], "texture": "#voxels_atlas" },
				"north": { "uv": [ 4.75, 10.75, 3.75, 11 ], "texture": "#voxels_atlas" },
				"south": { "uv": [ 3.75, 10.5, 4.75, 10.75 ], "texture": "#voxels_atlas" },
				"west": { "uv": [ 6, 8.25, 6.25, 8.5 ], "texture": "#voxels_atlas" },
				"east": { "uv": [ 6.25, 8.5, 6, 8.75 ], "texture": "#voxels_atlas" }
			}
		},
		{
			"__comment": "Voxels",
			"from": [ 4.5, 8, 14 ],
			"to": [ 6.5, 9.5, 14.5 ],
			"faces": {
				"down": { "uv": [ 3.75, 10, 4.75, 10.25 ], "texture": "#voxels_atlas" },
				"up": { "uv": [ 3.75, 10, 4.75, 9.75 ], "texture": "#voxels_atlas" },
				"north": { "uv": [ 1, 3.25, 0, 4 ], "texture": "#voxels_atlas" },
				"south": { "uv": [ 0, 4, 1, 4.75 ], "texture": "#voxels_atlas" },
				"west": { "uv": [ 15.75, 14.5, 16, 15.25 ], "texture": "#voxels_atlas" },
				"east": { "uv": [ 2, 8.5, 1.75, 9.25 ], "texture": "#voxels_atlas" }
			}
		},
		{
			"__comment": "Voxels",
			"from": [ 4.5, 8, 14.5 ],
			"to": [ 6, 9.5, 15 ],
			"faces": {
				"down": { "uv": [ 9.25, 10.5, 10, 10.75 ], "texture": "#voxels_atlas" },
				"up": { "uv": [ 10, 10.75, 10.75, 10.5 ], "texture": "#voxels_atlas" },
				"north": { "uv": [ 1.75, 7, 1, 7.75 ], "texture": "#voxels_atlas" },
				"south": { "uv": [ 1, 7.75, 1.75, 8.5 ], "texture": "#voxels_atlas" },
				"west": { "uv": [ 3.5, 0.5, 3.75, 1.25 ], "texture": "#voxels_atlas" },
				"east": { "uv": [ 5, 6.75, 4.75, 7.5 ], "texture": "#voxels_atlas" }
			}
		},
		{
			"__comment": "Voxels",
			"from": [ 4.5, 8.5, 4 ],
			"to": [ 7, 9, 5 ],
			"faces": {
				"down": { "uv": [ 2, 10.5, 3.25, 11 ], "texture": "#voxels_atlas" },
				"up": { "uv": [ 2, 11.5, 3.25, 11 ], "texture": "#voxels_atlas" },
				"north": { "uv": [ 12.5, 11.5, 11.25, 11.75 ], "texture": "#voxels_atlas" },
				"south": { "uv": [ 12.5, 11.5, 13.75, 11.75 ], "texture": "#voxels_atlas" },
				"west": { "uv": [ 12.75, 9.75, 13.25, 10 ], "texture": "#voxels_atlas" },
				"east": { "uv": [ 13.75, 9.75, 13.25, 10 ], "texture": "#voxels_atlas" }
			}
		},
		{
			"__comment": "Voxels",
			"from": [ 4.5, 8.5, 10.5 ],
			"to": [ 7, 9, 11.5 ],
			"faces": {
				"down": { "uv": [ 2, 12.5, 3.25, 13 ], "texture": "#voxels_atlas" },
				"up": { "uv": [ 2, 12.5, 3.25, 12 ], "texture": "#voxels_atlas" },
				"north": { "uv": [ 8.75, 11.25, 7.5, 11.5 ], "texture": "#voxels_atlas" },
				"south": { "uv": [ 12, 12.25, 13.25, 12.5 ], "texture": "#voxels_atlas" },
				"west": { "uv": [ 14.75, 9.75, 15.25, 10 ], "texture": "#voxels_atlas" },
				"east": { "uv": [ 15.75, 9.75, 15.25, 10 ], "texture": "#voxels_atlas" }
			}
		},
		{
			"__comment": "Voxels",
			"from": [ 4.5, 9, 10 ],
			"to": [ 6.5, 9.5, 10.5 ],
			"faces": {
				"down": { "uv": [ 3.75, 3.75, 4.75, 4 ], "texture": "#voxels_atlas" },
				"up": { "uv": [ 3.75, 3.75, 4.75, 3.5 ], "texture": "#voxels_atlas" },
				"north": { "uv": [ 4.75, 1.5, 3.75, 1.75 ], "texture": "#voxels_atlas" },
				"south": { "uv": [ 3.75, 8.75, 4.75, 9 ], "texture": "#voxels_atlas" },
				"west": { "uv": [ 6, 7.75, 6.25, 8 ], "texture": "#voxels_atlas" },
				"east": { "uv": [ 6.25, 6.5, 6, 6.75 ], "texture": "#voxels_atlas" }
			}
		},
		{
			"__comment": "Voxels",
			"from": [ 5, 8, 1.5 ],
			"to": [ 6.5, 9.5, 2.5 ],
			"faces": {
				"down": { "uv": [ 3.75, 11.75, 4.5, 12.25 ], "texture": "#voxels_atlas" },
				"up": { "uv": [ 2, 2.25, 2.75, 1.75 ], "texture": "#voxels_atlas" },
				"north": { "uv": [ 1.75, 8.5, 1, 9.25 ], "texture": "#voxels_atlas" },
				"south": { "uv": [ 15.25, 15.25, 16, 16 ], "texture": "#voxels_atlas" },
				"west": { "uv": [ 2.75, 7, 3.25, 7.75 ], "texture": "#voxels_atlas" },
				"east": { "uv": [ 3.25, 6.25, 2.75, 7 ], "texture": "#voxels_atlas" }
			}
		},
		{
			"__comment": "Voxels",
			"from": [ 5, 8, 4 ],
			"to": [ 7, 8.5, 5 ],
			"faces": {
				"down": { "uv": [ 2, 3.75, 3, 4.25 ], "texture": "#voxels_atlas" },
				"up": { "uv": [ 2, 3.75, 3, 3.25 ], "texture": "#voxels_atlas" },
				"north": { "uv": [ 4.75, 10.25, 3.75, 10.5 ], "texture": "#voxels_atlas" },
				"south": { "uv": [ 3.75, 2, 4.75, 2.25 ], "texture": "#voxels_atlas" },
				"west": { "uv": [ 2.75, 0, 3.25, 0.25 ], "texture": "#voxels_atlas" },
				"east": { "uv": [ 3.75, 0.25, 3.25, 0.5 ], "texture": "#voxels_atlas" }
			}
		},
		{
			"__comment": "Voxels",
			"from": [ 5, 8, 10.5 ],
			"to": [ 7, 8.5, 11.5 ],
			"faces": {
				"down": { "uv": [ 2, 2.25, 3, 2.75 ], "texture": "#voxels_atlas" },
				"up": { "uv": [ 2, 3.25, 3, 2.75 ], "texture": "#voxels_atlas" },
				"north": { "uv": [ 4.75, 2.75, 3.75, 3 ], "texture": "#voxels_atlas" },
				"south": { "uv": [ 9.75, 10.75, 10.75, 11 ], "texture": "#voxels_atlas" },
				"west": { "uv": [ 3.25, 0, 3.75, 0.25 ], "texture": "#voxels_atlas" },
				"east": { "uv": [ 6.25, 10.25, 5.75, 10.5 ], "texture": "#voxels_atlas" }
			}
		},
		{
			"__comment": "Voxels",
			"from": [ 5, 8, 13 ],
			"to": [ 7, 9.5, 13.5 ],
			"faces": {
				"down": { "uv": [ 3.75, 4.5, 4.75, 4.75 ], "texture": "#voxels_atlas" },
				"up": { "uv": [ 3.75, 6, 4.75, 5.75 ], "texture": "#voxels_atlas" },
				"north": { "uv": [ 1, 4.75, 0, 5.5 ], "texture": "#voxels_atlas" },
				"south": { "uv": [ 0, 6.25, 1, 7 ], "texture": "#voxels_atlas" },
				"west": { "uv": [ 4.75, 5.25, 5, 6 ], "texture": "#voxels_atlas" },
				"east": { "uv": [ 5.5, 6, 5.25, 6.75 ], "texture": "#voxels_atlas" }
			}
		},
		{
			"__comment": "Voxels",
			"from": [ 5, 8, 13.5 ],
			"to": [ 6.5, 9.5, 14 ],
			"faces": {
				"down": { "uv": [ 4.75, 3.5, 5.5, 3.75 ], "texture": "#voxels_atlas" },
				"up": { "uv": [ 4.75, 3.5, 5.5, 3.25 ], "texture": "#voxels_atlas" },
				"north": { "uv": [ 2.75, 7.75, 2, 8.5 ], "texture": "#voxels_atlas" },
				"south": { "uv": [ 2, 8.5, 2.75, 9.25 ], "texture": "#voxels_atlas" },
				"west": { "uv": [ 3.25, 2, 3.5, 2.75 ], "texture": "#voxels_atlas" },
				"east": { "uv": [ 3.75, 2.75, 3.5, 3.5 ], "texture": "#voxels_atlas" }
			}
		},
		{
			"__comment": "Voxels",
			"from": [ 5, 8.5, 2.5 ],
			"to": [ 7, 9, 4 ],
			"faces": {
				"down": { "uv": [ 0, 12.25, 1, 13 ], "texture": "#voxels_atlas" },
				"up": { "uv": [ 0, 12.25, 1, 11.5 ], "texture": "#voxels_atlas" },
				"north": { "uv": [ 4.75, 11, 3.75, 11.25 ], "texture": "#voxels_atlas" },
				"south": { "uv": [ 15, 11.25, 16, 11.5 ], "texture": "#voxels_atlas" },
				"west": { "uv": [ 4.75, 7.5, 5.5, 7.75 ], "texture": "#voxels_atlas" },
				"east": { "uv": [ 5.5, 7.75, 4.75, 8 ], "texture": "#voxels_atlas" }
			}
		},
		{
			"__comment": "Voxels",
			"from": [ 5, 8.5, 11.5 ],
			"to": [ 7, 9, 13 ],
			"faces": {
				"down": { "uv": [ 0, 9.25, 1, 10 ], "texture": "#voxels_atlas" },
				"up": { "uv": [ 0, 9.25, 1, 8.5 ], "texture": "#voxels_atlas" },
				"north": { "uv": [ 5.75, 10.5, 4.75, 10.75 ], "texture": "#voxels_atlas" },
				"south": { "uv": [ 3.75, 1.25, 4.75, 1.5 ], "texture": "#voxels_atlas" },
				"west": { "uv": [ 4.75, 2, 5.5, 2.25 ], "texture": "#voxels_atlas" },
				"east": { "uv": [ 5.5, 8, 4.75, 8.25 ], "texture": "#voxels_atlas" }
			}
		},
		{
			"__comment": "Voxels",
			"from": [ 5, 9, 4 ],
			"to": [ 7, 9.5, 5 ],
			"faces": {
				"down": { "uv": [ 2, 5.75, 3, 6.25 ], "texture": "#voxels_atlas" },
				"up": { "uv": [ 2, 5.75, 3, 5.25 ], "texture": "#voxels_atlas" },
				"north": { "uv": [ 13.75, 11, 12.75, 11.25 ], "texture": "#voxels_atlas" },
				"south": { "uv": [ 11.75, 11, 12.75, 11.25 ], "texture": "#voxels_atlas" },
				"west": { "uv": [ 6.25, 10.25, 6.75, 10.5 ], "texture": "#voxels_atlas" },
				"east": { "uv": [ 7.25, 10.25, 6.75, 10.5 ], "texture": "#voxels_atlas" }
			}
		},
		{
			"__comment": "Voxels",
			"from": [ 5, 9, 10.5 ],
			"to": [ 7, 9.5, 11.5 ],
			"faces": {
				"down": { "uv": [ 2, 4.25, 3, 4.75 ], "texture": "#voxels_atlas" },
				"up": { "uv": [ 2, 5.25, 3, 4.75 ], "texture": "#voxels_atlas" },
				"north": { "uv": [ 5.75, 11, 4.75, 11.25 ], "texture": "#voxels_atlas" },
				"south": { "uv": [ 3.75, 0, 4.75, 0.25 ], "texture": "#voxels_atlas" },
				"west": { "uv": [ 7.25, 10.25, 7.75, 10.5 ], "texture": "#voxels_atlas" },
				"east": { "uv": [ 8.25, 10.25, 7.75, 10.5 ], "texture": "#voxels_atlas" }
			}
		},
		{
			"__comment": "Voxels",
			"from": [ 5.5, 7.5, 6.5 ],
			"to": [ 6.5, 8, 7 ],
			"faces": {
				"down": { "uv": [ 8.25, 10.25, 8.75, 10.5 ], "texture": "#voxels_atlas" },
				"up": { "uv": [ 8.75, 10.5, 9.25, 10.25 ], "texture": "#voxels_atlas" },
				"north": { "uv": [ 9.75, 10.25, 9.25, 10.5 ], "texture": "#voxels_atlas" },
				"south": { "uv": [ 9.75, 10.25, 10.25, 10.5 ], "texture": "#voxels_atlas" },
				"west": { "uv": [ 6, 6, 6.25, 6.25 ], "texture": "#voxels_atlas" },
				"east": { "uv": [ 6.25, 5.75, 6, 6 ], "texture": "#voxels_atlas" }
			}
		},
		{
			"__comment": "Voxels",
			"from": [ 5.5, 7.5, 8.5 ],
			"to": [ 6.5, 8, 9 ],
			"faces": {
				"down": { "uv": [ 10.25, 10.25, 10.75, 10.5 ], "texture": "#voxels_atlas" },
				"up": { "uv": [ 10.75, 10.5, 11.25, 10.25 ], "texture": "#voxels_atlas" },
				"north": { "uv": [ 11.75, 10.25, 11.25, 10.5 ], "texture": "#voxels_atlas" },
				"south": { "uv": [ 11.75, 10.25, 12.25, 10.5 ], "texture": "#voxels_atlas" },
				"west": { "uv": [ 3, 6, 3.25, 6.25 ], "texture": "#voxels_atlas" },
				"east": { "uv": [ 3.25, 5.75, 3, 6 ], "texture": "#voxels_atlas" }
			}
		},
		{
			"__comment": "Voxels",
			"from": [ 5.5, 8, 2.5 ],
			"to": [ 7, 8.5, 4 ],
			"faces": {
				"down": { "uv": [ 2, 9.25, 2.75, 10 ], "texture": "#voxels_atlas" },
				"up": { "uv": [ 1, 1, 1.75, 0.25 ], "texture": "#voxels_atlas" },
				"north": { "uv": [ 5.5, 9, 4.75, 9.25 ], "texture": "#voxels_atlas" },
				"south": { "uv": [ 4.75, 9.75, 5.5, 10 ], "texture": "#voxels_atlas" },
				"west": { "uv": [ 4.75, 10, 5.5, 10.25 ], "texture": "#voxels_atlas" },
				"east": { "uv": [ 5.5, 10.25, 4.75, 10.5 ], "texture": "#voxels_atlas" }
			}
		},
		{
			"__comment": "Voxels",
			"from": [ 5.5, 8, 11.5 ],
			"to": [ 7, 8.5, 13 ],
			"faces": {
				"down": { "uv": [ 1, 4.75, 1.75, 5.5 ], "texture": "#voxels_atlas" },
				"up": { "uv": [ 1, 1.75, 1.75, 1 ], "texture": "#voxels_atlas" },
				"north": { "uv": [ 16, 10.5, 15.25, 10.75 ], "texture": "#voxels_atlas" },
				"south": { "uv": [ 13.75, 10.5, 14.5, 10.75 ], "texture": "#voxels_atlas" },
				"west": { "uv": [ 13, 10.5, 13.75, 10.75 ], "texture": "#voxels_atlas" },
				"east": { "uv": [ 5.5, 2.25, 4.75, 2.5 ], "texture": "#voxels_atlas" }
			}
		},
		{
			"__comment": "Voxels",
			"from": [ 5.5, 9, 2.5 ],
			"to": [ 7, 9.5, 4 ],
			"faces": {
				"down": { "uv": [ 1, 1.75, 1.75, 2.5 ], "texture": "#voxels_atlas" },
				"up": { "uv": [ 1, 3.25, 1.75, 2.5 ], "texture": "#voxels_atlas" },
				"north": { "uv": [ 5.5, 1.75, 4.75, 2 ], "texture": "#voxels_atlas" },
				"south": { "uv": [ 4.75, 1.5, 5.5, 1.75 ], "texture": "#voxels_atlas" },
				"west": { "uv": [ 4.75, 1.25, 5.5, 1.5 ], "texture": "#voxels_atlas" },
				"east": { "uv": [ 5.5, 1, 4.75, 1.25 ], "texture": "#voxels_atlas" }
			}
		},
		{
			"__comment": "Voxels",
			"from": [ 5.5, 9, 11.5 ],
			"to": [ 7, 9.5, 13 ],
			"faces": {
				"down": { "uv": [ 1, 3.25, 1.75, 4 ], "texture": "#voxels_atlas" },
				"up": { "uv": [ 1, 4.75, 1.75, 4 ], "texture": "#voxels_atlas" },
				"north": { "uv": [ 5.5, 0.75, 4.75, 1 ], "texture": "#voxels_atlas" },
				"south": { "uv": [ 4.75, 0.5, 5.5, 0.75 ], "texture": "#voxels_atlas" },
				"west": { "uv": [ 4.75, 0.25, 5.5, 0.5 ], "texture": "#voxels_atlas" },
				"east": { "uv": [ 5.5, 0, 4.75, 0.25 ], "texture": "#voxels_atlas" }
			}
		},
		{
			"__comment": "Voxels",
			"from": [ 5.5, 9.5, 6.5 ],
			"to": [ 6.5, 10, 7 ],
			"faces": {
				"down": { "uv": [ 7.75, 10, 8.25, 10.25 ], "texture": "#voxels_atlas" },
				"up": { "uv": [ 8.25, 10.25, 8.75, 10 ], "texture": "#voxels_atlas" },
				"north": { "uv": [ 9.25, 10, 8.75, 10.25 ], "texture": "#voxels_atlas" },
				"south": { "uv": [ 9.25, 10, 9.75, 10.25 ], "texture": "#voxels_atlas" },
				"west": { "uv": [ 15.75, 9.75, 16, 10 ], "texture": "#voxels_atlas" },
				"east": { "uv": [ 6, 9.5, 5.75, 9.75 ], "texture": "#voxels_atlas" }
			}
		},
		{
			"__comment": "Voxels",
			"from": [ 5.5, 9.5, 8.5 ],
			"to": [ 6.5, 10, 9 ],
			"faces": {
				"down": { "uv": [ 9.75, 10, 10.25, 10.25 ], "texture": "#voxels_atlas" },
				"up": { "uv": [ 10.25, 10.25, 10.75, 10 ], "texture": "#voxels_atlas" },
				"north": { "uv": [ 11.25, 10, 10.75, 10.25 ], "texture": "#voxels_atlas" },
				"south": { "uv": [ 11.25, 10, 11.75, 10.25 ], "texture": "#voxels_atlas" },
				"west": { "uv": [ 5.75, 8.25, 6, 8.5 ], "texture": "#voxels_atlas" },
				"east": { "uv": [ 6, 8, 5.75, 8.25 ], "texture": "#voxels_atlas" }
			}
		},
		{
			"__comment": "Voxels",
			"from": [ 6, 7.5, 6 ],
			"to": [ 7, 8, 6.5 ],
			"faces": {
				"down": { "uv": [ 11.75, 10, 12.25, 10.25 ], "texture": "#voxels_atlas" },
				"up": { "uv": [ 12.25, 10.25, 12.75, 10 ], "texture": "#voxels_atlas" },
				"north": { "uv": [ 13.25, 10, 12.75, 10.25 ], "texture": "#voxels_atlas" },
				"south": { "uv": [ 13.25, 10, 13.75, 10.25 ], "texture": "#voxels_atlas" },
				"west": { "uv": [ 5.75, 6.75, 6, 7 ], "texture": "#voxels_atlas" },
				"east": { "uv": [ 6, 6.5, 5.75, 6.75 ], "texture": "#voxels_atlas" }
			}
		},
		{
			"__comment": "Voxels",
			"from": [ 6, 7.5, 9 ],
			"to": [ 7, 8, 9.5 ],
			"faces": {
				"down": { "uv": [ 13.75, 10, 14.25, 10.25 ], "texture": "#voxels_atlas" },
				"up": { "uv": [ 14.25, 10.25, 14.75, 10 ], "texture": "#voxels_atlas" },
				"north": { "uv": [ 15.25, 10, 14.75, 10.25 ], "texture": "#voxels_atlas" },
				"south": { "uv": [ 15.25, 10, 15.75, 10.25 ], "texture": "#voxels_atlas" },
				"west": { "uv": [ 5.75, 5.25, 6, 5.5 ], "texture": "#voxels_atlas" },
				"east": { "uv": [ 6, 5, 5.75, 5.25 ], "texture": "#voxels_atlas" }
			}
		},
		{
			"__comment": "Voxels",
			"from": [ 6, 8, 1 ],
			"to": [ 6.5, 9.5, 1.5 ],
			"faces": {
				"down": { "uv": [ 5.75, 4.75, 6, 5 ], "texture": "#voxels_atlas" },
				"up": { "uv": [ 5.75, 4.75, 6, 4.5 ], "texture": "#voxels_atlas" },
				"north": { "uv": [ 5.75, 9.75, 5.5, 10.5 ], "texture": "#voxels_atlas" },
				"south": { "uv": [ 5.5, 9, 5.75, 9.75 ], "texture": "#voxels_atlas" },
				"west": { "uv": [ 5.5, 8.25, 5.75, 9 ], "texture": "#voxels_atlas" },
				"east": { "uv": [ 5.75, 7.5, 5.5, 8.25 ], "texture": "#voxels_atlas" }
			}
		},
		{
			"__comment": "Voxels",
			"from": [ 6, 8.5, 0.5 ],
			"to": [ 6.5, 9, 1 ],
			"faces": {
				"down": { "uv": [ 5.75, 3.25, 6, 3.5 ], "texture": "#voxels_atlas" },
				"up": { "uv": [ 5.75, 3.25, 6, 3 ], "texture": "#voxels_atlas" },
				"north": { "uv": [ 6, 2.75, 5.75, 3 ], "texture": "#voxels_atlas" },
				"south": { "uv": [ 5.75, 2.5, 6, 2.75 ], "texture": "#voxels_atlas" },
				"west": { "uv": [ 5.75, 2.25, 6, 2.5 ], "texture": "#voxels_atlas" },
				"east": { "uv": [ 6, 2, 5.75, 2.25 ], "texture": "#voxels_atlas" }
			}
		},
		{
			"__comment": "Voxels",
			"from": [ 6, 8.5, 14.5 ],
			"to": [ 6.5, 9, 15 ],
			"faces": {
				"down": { "uv": [ 5.75, 1.75, 6, 2 ], "texture": "#voxels_atlas" },
				"up": { "uv": [ 5.75, 1.75, 6, 1.5 ], "texture": "#voxels_atlas" },
				"north": { "uv": [ 6, 1.25, 5.75, 1.5 ], "texture": "#voxels_atlas" },
				"south": { "uv": [ 5.75, 1, 6, 1.25 ], "texture": "#voxels_atlas" },
				"west": { "uv": [ 5.75, 0.75, 6, 1 ], "texture": "#voxels_atlas" },
				"east": { "uv": [ 6, 0.5, 5.75, 0.75 ], "texture": "#voxels_atlas" }
			}
		},
		{
			"__comment": "Voxels",
			"from": [ 6, 9.5, 6 ],
			"to": [ 7, 10, 6.5 ],
			"faces": {
				"down": { "uv": [ 7.75, 9.75, 8.25, 10 ], "texture": "#voxels_atlas" },
				"up": { "uv": [ 8.25, 10, 8.75, 9.75 ], "texture": "#voxels_atlas" },
				"north": { "uv": [ 9.25, 9.75, 8.75, 10 ], "texture": "#voxels_atlas" },
				"south": { "uv": [ 9.25, 9.75, 9.75, 10 ], "texture": "#voxels_atlas" },
				"west": { "uv": [ 6, 9, 6.25, 9.25 ], "texture": "#voxels_atlas" },
				"east": { "uv": [ 6.25, 8.75, 6, 9 ], "texture": "#voxels_atlas" }
			}
		},
		{
			"__comment": "Voxels",
			"from": [ 6, 9.5, 9 ],
			"to": [ 7, 10, 9.5 ],
			"faces": {
				"down": { "uv": [ 9.75, 9.75, 10.25, 10 ], "texture": "#voxels_atlas" },
				"up": { "uv": [ 10.25, 10, 10.75, 9.75 ], "texture": "#voxels_atlas" },
				"north": { "uv": [ 11.25, 9.75, 10.75, 10 ], "texture": "#voxels_atlas" },
				"south": { "uv": [ 11.25, 9.75, 11.75, 10 ], "texture": "#voxels_atlas" },
				"west": { "uv": [ 6, 7.5, 6.25, 7.75 ], "texture": "#voxels_atlas" },
				"east": { "uv": [ 6.25, 7.25, 6, 7.5 ], "texture": "#voxels_atlas" }
			}
		},
		{
			"__comment": "Voxels",
			"from": [ 6.5, 8, 2 ],
			"to": [ 7, 9.5, 2.5 ],
			"faces": {
				"down": { "uv": [ 6, 7, 6.25, 7.25 ], "texture": "#voxels_atlas" },
				"up": { "uv": [ 6, 7, 6.25, 6.75 ], "texture": "#voxels_atlas" },
				"north": { "uv": [ 5.75, 6.75, 5.5, 7.5 ], "texture": "#voxels_atlas" },
				"south": { "uv": [ 5.5, 6, 5.75, 6.75 ], "texture": "#voxels_atlas" },
				"west": { "uv": [ 5.5, 5.25, 5.75, 6 ], "texture": "#voxels_atlas" },
				"east": { "uv": [ 5.75, 4.5, 5.5, 5.25 ], "texture": "#voxels_atlas" }
			}
		},
		{
			"__comment": "Voxels",
			"from": [ 6.5, 8, 6 ],
			"to": [ 7, 9.5, 6.5 ],
			"faces": {
				"down": { "uv": [ 6, 5.5, 6.25, 5.75 ], "texture": "#voxels_atlas" },
				"up": { "uv": [ 6, 5.5, 6.25, 5.25 ], "texture": "#voxels_atlas" },
				"north": { "uv": [ 5.75, 3.75, 5.5, 4.5 ], "texture": "#voxels_atlas" },
				"south": { "uv": [ 5.5, 3, 5.75, 3.75 ], "texture": "#voxels_atlas" },
				"west": { "uv": [ 5.5, 2.25, 5.75, 3 ], "texture": "#voxels_atlas" },
				"east": { "uv": [ 5.75, 1.5, 5.5, 2.25 ], "texture": "#voxels_atlas" }
			}
		},
		{
			"__comment": "Voxels",
			"from": [ 6.5, 8.5, 1.5 ],
			"to": [ 7, 9, 2 ],
			"faces": {
				"down": { "uv": [ 6, 4, 6.25, 4.25 ], "texture": "#voxels_atlas" },
				"up": { "uv": [ 6, 4, 6.25, 3.75 ], "texture": "#voxels_atlas" },
				"north": { "uv": [ 6.25, 3.5, 6, 3.75 ], "texture": "#voxels_atlas" },
				"south": { "uv": [ 6, 3.25, 6.25, 3.5 ], "texture": "#voxels_atlas" },
				"west": { "uv": [ 6, 3, 6.25, 3.25 ], "texture": "#voxels_atlas" },
				"east": { "uv": [ 6.25, 2.75, 6, 3 ], "texture": "#voxels_atlas" }
			}
		},
		{
			"__comment": "Voxels",
			"from": [ 6.5, 8.5, 13.5 ],
			"to": [ 7, 9, 14 ],
			"faces": {
				"down": { "uv": [ 6, 2.5, 6.25, 2.75 ], "texture": "#voxels_atlas" },
				"up": { "uv": [ 6, 2.5, 6.25, 2.25 ], "texture": "#voxels_atlas" },
				"north": { "uv": [ 6.25, 2, 6, 2.25 ], "texture": "#voxels_atlas" },
				"south": { "uv": [ 6, 1.75, 6.25, 2 ], "texture": "#voxels_atlas" },
				"west": { "uv": [ 6, 1.5, 6.25, 1.75 ], "texture": "#voxels_atlas" },
				"east": { "uv": [ 6.25, 1.25, 6, 1.5 ], "texture": "#voxels_atlas" }
			}
		}
	],
	"display": {
		"thirdperson_righthand": {
			"rotation":  [ -169, 5, -88 ],
			"translation":  [ 0.6959, 15.304, 5.5756 ],
			"scale":  [ 1.1043, 0.9, 0.6565 ]
		},
		"thirdperson_lefthand": {
			"rotation":  [ 11, 5, -88 ],
			"translation":  [ -1.391, 15.304, 5.5756 ],
			"scale":  [ 1.1043, 0.9, 0.6565 ]
		},
		"firstperson_righthand": {
			"rotation":  [ -31, -180, 92 ],
			"translation":  [ 1.3913, 8.3478, 0 ],
			"scale":  [ 0.6, 0.6, 0.6 ]
		},
		"firstperson_lefthand": {
			"rotation":  [ 155, 2, 92 ],
			"translation":  [ 1.3913, 8.3478, 0 ],
			"scale":  [ 0.6, 0.6, 0.6 ]
		},
		"gui": {
			"rotation":  [ 70, 66, 0 ],
			"translation":  [ 2.0868, 6.2606, 0 ],
			"scale":  [ 0.8043, 0.7, 0.5608 ]
		},
		"ground": {
			"rotation":  [ -27, -13, -74 ],
			"translation":  [ 0, -0.694, 0 ],
			"scale":  [ 0.9043, 0.8, 0.5913 ]
		},
		"fixed": {
			"rotation":  [ -89, -119, 0 ],
			"translation":  [ -3.478, 6.9565, -1 ],
			"scale":  [ 0.9, 0.9, 0.726 ]
		}
	}
}