{
	"textures": {
		"2": "block/stripped_spruce_log",
		"3": "block/lava_still",
		"4": "block/anvil2",
		"particle": "block/anvil"
	},
	"elements": [
		{
			"name": "front",
			"from": [5.5, 0.5, 4.5],
			"to": [10.5, 6.5, 5.5],
			"rotation": {"angle": 0, "axis": "y", "origin": [8, 5.25, 7.51903]},
			"faces": {
				"north": {"uv": [9, 3, 4, 9], "texture": "#4"},
				"east": {"uv": [5, 3, 4, 9], "texture": "#4"},
				"south": {"uv": [9, 3, 4, 9], "texture": "#4"},
				"west": {"uv": [5, 3, 4, 9], "texture": "#4"},
				"up": {"uv": [8, 2, 3, 3], "texture": "#4"},
				"down": {"uv": [13, 15, 8, 16], "texture": "#4"}
			}
		},
		{
			"name": "back",
			"from": [5.5, 0.5, 10.5],
			"to": [10.5, 6.5, 11.5],
			"rotation": {"angle": 0, "axis": "y", "origin": [8, 5.25, 7.51903]},
			"faces": {
				"north": {"uv": [5, 4, 10, 10], "texture": "#4"},
				"east": {"uv": [4, 3, 5, 9], "texture": "#4"},
				"south": {"uv": [4, 3, 9, 9], "texture": "#4"},
				"west": {"uv": [4, 3, 5, 9], "texture": "#4"},
				"up": {"uv": [8, 3, 3, 2], "texture": "#4"},
				"down": {"uv": [13, 16, 8, 15], "texture": "#4"}
			}
		},
		{
			"name": "side",
			"from": [10.5, 0.5, 5.5],
			"to": [11.5, 6.5, 10.5],
			"rotation": {"angle": 0, "axis": "y", "origin": [8, 5.25, 7.51903]},
			"faces": {
				"north": {"uv": [5, 3, 6, 9], "texture": "#4"},
				"east": {"uv": [4, 3, 9, 9], "texture": "#4"},
				"south": {"uv": [4, 3, 5, 9], "texture": "#4"},
				"west": {"uv": [3, 2, 8, 8], "texture": "#4"},
				"up": {"uv": [3, 2, 4, 7], "texture": "#4"},
				"down": {"uv": [1, 11, 2, 16], "texture": "#4"}
			}
		},
		{
			"name": "side",
			"from": [4.5, 0.5, 5.5],
			"to": [5.5, 6.5, 10.5],
			"rotation": {"angle": 0, "axis": "y", "origin": [8, 5.25, 7.51903]},
			"faces": {
				"north": {"uv": [6, 3, 5, 9], "texture": "#4"},
				"east": {"uv": [8, 2, 3, 8], "texture": "#4"},
				"south": {"uv": [5, 3, 4, 9], "texture": "#4"},
				"west": {"uv": [9, 3, 4, 9], "texture": "#4"},
				"up": {"uv": [4, 2, 3, 7], "texture": "#4"},
				"down": {"uv": [2, 11, 1, 16], "texture": "#4"}
			}
		},
		{
			"name": "bottom",
			"from": [5.5, 0.5, 5.53806],
			"to": [10.5, 1.5, 10.53806],
			"rotation": {"angle": 0, "axis": "y", "origin": [8, 5.25, 7.51903]},
			"faces": {
				"north": {"uv": [8, 2, 3, 3], "texture": "#4"},
				"east": {"uv": [8, 2, 3, 3], "texture": "#4"},
				"south": {"uv": [10, 4, 5, 5], "texture": "#4"},
				"west": {"uv": [8, 2, 3, 3], "texture": "#4"},
				"up": {"uv": [8, 2, 3, 7], "rotation": 180, "texture": "#4"},
				"down": {"uv": [8, 11, 3, 16], "rotation": 180, "texture": "#4"}
			}
		},
		{
			"name": "handleside",
			"from": [4.5, 6.5, 7.5],
			"to": [4.5, 10, 8.5],
			"rotation": {"angle": 0, "axis": "y", "origin": [8, 5.25, 7.51903]},
			"faces": {
				"north": {"uv": [5, 4, 5, 7.5], "texture": "#4"},
				"east": {"uv": [4, 2, 3, 5.5], "texture": "#4"},
				"south": {"uv": [3, 2, 3, 5.5], "texture": "#4"},
				"west": {"uv": [4, 2, 3, 5.5], "texture": "#4"},
				"up": {"uv": [3, 2, 3, 3], "texture": "#4"},
				"down": {"uv": [3, 2, 3, 3], "texture": "#4"}
			}
		},
		{
			"name": "handle",
			"from": [4.5, 9, 7.5],
			"to": [11.5, 10, 8.5],
			"rotation": {"angle": 0, "axis": "y", "origin": [8, 5.25, 7.51903]},
			"faces": {
				"north": {"uv": [12, 4, 5, 5], "texture": "#2"},
				"east": {"uv": [4, 2, 3, 3], "texture": "#2"},
				"south": {"uv": [10, 2, 3, 3], "texture": "#2"},
				"west": {"uv": [4, 2, 3, 3], "texture": "#2"},
				"up": {"uv": [10, 2, 3, 3], "texture": "#2"},
				"down": {"uv": [10, 2, 3, 3], "texture": "#2"}
			}
		},
		{
			"name": "handleside",
			"from": [11.5, 6.5, 7.5],
			"to": [11.5, 10, 8.5],
			"rotation": {"angle": 0, "axis": "y", "origin": [8, 5.25, 7.51903]},
			"faces": {
				"north": {"uv": [5, 4, 5, 7.5], "texture": "#4"},
				"east": {"uv": [3, 2, 4, 5.5], "texture": "#4"},
				"south": {"uv": [3, 2, 3, 5.5], "texture": "#4"},
				"west": {"uv": [3, 2, 4, 5.5], "texture": "#4"},
				"up": {"uv": [3, 2, 3, 3], "texture": "#4"},
				"down": {"uv": [3, 2, 3, 3], "texture": "#4"}
			}
		},
		{
			"name": "water",
			"from": [5.5, 1.5, 5.5],
			"to": [10.5, 5.5, 10.5],
			"rotation": {"angle": 0, "axis": "y", "origin": [8, 5.25, 7.51903]},
			"faces": {
				"north": {"uv": [10, 4, 5, 8], "texture": "#3"},
				"east": {"uv": [8, 2, 3, 6], "texture": "#3"},
				"south": {"uv": [8, 2, 3, 6], "texture": "#3"},
				"west": {"uv": [8, 2, 3, 6], "texture": "#3"},
				"up": {"uv": [11, 5, 6, 10], "texture": "#3"},
				"down": {"uv": [8, 2, 3, 7], "texture": "#3"}
			}
		}
	],
	"display": {
		"thirdperson_righthand": {
			"rotation": [-112, 0, -180],
			"translation": [0, -3, -1],
			"scale": [0.9, 0.9, 0.9]
		},
		"thirdperson_lefthand": {
			"rotation": [-112, 0, -180],
			"translation": [0, -3, -1.5],
			"scale": [0.9, 0.9, 0.9]
		},
		"firstperson_righthand": {
			"rotation": [355, 20, 5],
			"translation": [1.5, 2.75, 0],
			"scale": [0.6, 0.6, 0.6]
		},
		"firstperson_lefthand": {
			"rotation": [355, 200, 355],
			"translation": [1.5, 2.75, 0],
			"scale": [0.6, 0.6, 0.6]
		},
		"ground": {
			"translation": [0, 4, 0]
		},
		"gui": {
			"rotation": [30, 225, 0],
			"translation": [0, 3.5, 0],
			"scale": [1.1, 1.1, 1.1]
		},
		"fixed": {
			"rotation": [-90, 0, 0],
			"translation": [0, 0.25, -14],
			"scale": [2, 2, 2]
		}
	}
}