{
	"__comment": "Designed by Pashjn with Cubik Studio - https://cubik.studio",
	"textures": {
		"particle": "images/netherritepickaxe",
		"texture": "images/netherritepickaxe",
		"voxels_atlas": "images/netherritepickaxe"
	},
	"elements": [ 	 
		{
			"__comment": "Voxels",
			"from": [ -13, 6, 7 ],
			"to": [ -8, 8.5, 8 ],
			"faces": {
				"down": { "uv": [ 2.5, 13.375, 3.75, 13.625 ], "texture": "#voxels_atlas" },
				"up": { "uv": [ 3.75, 13.625, 5, 13.375 ], "texture": "#voxels_atlas" },
				"north": { "uv": [ 1.25, 13.375, 0, 14 ], "texture": "#voxels_atlas" },
				"south": { "uv": [ 1.25, 13.375, 2.5, 14 ], "texture": "#voxels_atlas" },
				"west": { "uv": [ 5.75, 13.375, 6, 14 ], "texture": "#voxels_atlas" },
				"east": { "uv": [ 0.25, 10.875, 0, 11.5 ], "texture": "#voxels_atlas" }
			}
		},
		{
			"__comment": "Voxels",
			"from": [ -13, 6, 8 ],
			"to": [ -11.5, 8.5, 8.5 ],
			"faces": {
				"down": { "uv": [ 9.125, 15.875, 9.5, 16 ], "texture": "#voxels_atlas" },
				"up": { "uv": [ 7.625, 9.75, 8, 9.625 ], "texture": "#voxels_atlas" },
				"north": { "uv": [ 5.75, 13.375, 5.375, 14 ], "texture": "#voxels_atlas" },
				"south": { "uv": [ 5, 13.375, 5.375, 14 ], "texture": "#voxels_atlas" },
				"west": { "uv": [ 1.5, 10.25, 1.625, 10.875 ], "texture": "#voxels_atlas" },
				"east": { "uv": [ 1.75, 10.25, 1.625, 10.875 ], "texture": "#voxels_atlas" }
			}
		},
		{
			"__comment": "Voxels",
			"from": [ -13, 6.5, 6.5 ],
			"to": [ -8, 8, 7 ],
			"faces": {
				"down": { "uv": [ 4.25, 12.625, 5.5, 12.75 ], "texture": "#voxels_atlas" },
				"up": { "uv": [ 4.25, 12.625, 5.5, 12.5 ], "texture": "#voxels_atlas" },
				"north": { "uv": [ 3.75, 13.625, 2.5, 14 ], "texture": "#voxels_atlas" },
				"south": { "uv": [ 3.75, 13.625, 5, 14 ], "texture": "#voxels_atlas" },
				"west": { "uv": [ 7.75, 9.75, 7.875, 10.125 ], "texture": "#voxels_atlas" },
				"east": { "uv": [ 7.75, 9.75, 7.625, 10.125 ], "texture": "#voxels_atlas" }
			}
		},
		{
			"__comment": "Voxels",
			"from": [ -13, 6.5, 8.5 ],
			"to": [ -8, 8, 9 ],
			"faces": {
				"down": { "uv": [ 3.75, 12.25, 5, 12.375 ], "texture": "#voxels_atlas" },
				"up": { "uv": [ 1.5, 12.25, 2.75, 12.125 ], "texture": "#voxels_atlas" },
				"north": { "uv": [ 1.25, 12.75, 0, 13.125 ], "texture": "#voxels_atlas" },
				"south": { "uv": [ 1.25, 12.75, 2.5, 13.125 ], "texture": "#voxels_atlas" },
				"west": { "uv": [ 7.875, 10.125, 8, 10.5 ], "texture": "#voxels_atlas" },
				"east": { "uv": [ 7.875, 10.125, 7.75, 10.5 ], "texture": "#voxels_atlas" }
			}
		},
		{
			"__comment": "Voxels",
			"from": [ -12.5, 5.5, 7 ],
			"to": [ -12, 6, 8.5 ],
			"faces": {
				"down": { "uv": [ 7.625, 10.125, 7.75, 10.5 ], "texture": "#voxels_atlas" },
				"up": { "uv": [ 7.875, 11.125, 8, 10.75 ], "texture": "#voxels_atlas" },
				"north": { "uv": [ 6.625, 10.25, 6.5, 10.375 ], "texture": "#voxels_atlas" },
				"south": { "uv": [ 6.5, 10.625, 6.625, 10.75 ], "texture": "#voxels_atlas" },
				"west": { "uv": [ 7.625, 10.5, 8, 10.625 ], "texture": "#voxels_atlas" },
				"east": { "uv": [ 8, 10.625, 7.625, 10.75 ], "texture": "#voxels_atlas" }
			}
		},
		{
			"__comment": "Voxels",
			"from": [ -12.5, 6, 6.5 ],
			"to": [ -8.5, 6.5, 7 ],
			"faces": {
				"down": { "uv": [ 2.5, 11.75, 3.5, 11.875 ], "texture": "#voxels_atlas" },
				"up": { "uv": [ 3, 11.625, 4, 11.5 ], "texture": "#voxels_atlas" },
				"north": { "uv": [ 4.5, 11.75, 3.5, 11.875 ], "texture": "#voxels_atlas" },
				"south": { "uv": [ 4.5, 11.75, 5.5, 11.875 ], "texture": "#voxels_atlas" },
				"west": { "uv": [ 6.5, 10.75, 6.625, 10.875 ], "texture": "#voxels_atlas" },
				"east": { "uv": [ 6.625, 10.875, 6.5, 11 ], "texture": "#voxels_atlas" }
			}
		},
		{
			"__comment": "Voxels",
			"from": [ -12.5, 6, 8.5 ],
			"to": [ -8.5, 6.5, 9 ],
			"faces": {
				"down": { "uv": [ 1.5, 11.625, 2.5, 11.75 ], "texture": "#voxels_atlas" },
				"up": { "uv": [ 2.5, 11.75, 3.5, 11.625 ], "texture": "#voxels_atlas" },
				"north": { "uv": [ 4.5, 11.625, 3.5, 11.75 ], "texture": "#voxels_atlas" },
				"south": { "uv": [ 4.5, 11.625, 5.5, 11.75 ], "texture": "#voxels_atlas" },
				"west": { "uv": [ 6.5, 11, 6.625, 11.125 ], "texture": "#voxels_atlas" },
				"east": { "uv": [ 6.625, 11.375, 6.5, 11.5 ], "texture": "#voxels_atlas" }
			}
		},
		{
			"__comment": "Voxels",
			"from": [ -12.5, 6.5, 6 ],
			"to": [ -12, 8, 6.5 ],
			"faces": {
				"down": { "uv": [ 6.5, 11.5, 6.625, 11.625 ], "texture": "#voxels_atlas" },
				"up": { "uv": [ 6.5, 11.75, 6.625, 11.625 ], "texture": "#voxels_atlas" },
				"north": { "uv": [ 7.875, 10.75, 7.75, 11.125 ], "texture": "#voxels_atlas" },
				"south": { "uv": [ 7.625, 10.75, 7.75, 11.125 ], "texture": "#voxels_atlas" },
				"west": { "uv": [ 7.875, 11.375, 8, 11.75 ], "texture": "#voxels_atlas" },
				"east": { "uv": [ 7.875, 11.375, 7.75, 11.75 ], "texture": "#voxels_atlas" }
			}
		},
		{
			"__comment": "Voxels",
			"from": [ -12.5, 6.5, 9 ],
			"to": [ -12, 8, 9.5 ],
			"faces": {
				"down": { "uv": [ 6.5, 11.75, 6.625, 11.875 ], "texture": "#voxels_atlas" },
				"up": { "uv": [ 6.5, 12.25, 6.625, 12.125 ], "texture": "#voxels_atlas" },
				"north": { "uv": [ 7.75, 11.375, 7.625, 11.75 ], "texture": "#voxels_atlas" },
				"south": { "uv": [ 7.625, 12.5, 7.75, 12.875 ], "texture": "#voxels_atlas" },
				"west": { "uv": [ 1.375, 9.625, 1.5, 10 ], "texture": "#voxels_atlas" },
				"east": { "uv": [ 1.5, 10, 1.375, 10.375 ], "texture": "#voxels_atlas" }
			}
		},
		{
			"__comment": "Voxels",
			"from": [ -12.5, 8, 6.5 ],
			"to": [ -8.5, 8.5, 7 ],
			"faces": {
				"down": { "uv": [ 2, 11.375, 3, 11.5 ], "texture": "#voxels_atlas" },
				"up": { "uv": [ 3, 11.5, 4, 11.375 ], "texture": "#voxels_atlas" },
				"north": { "uv": [ 5, 11.375, 4, 11.5 ], "texture": "#voxels_atlas" },
				"south": { "uv": [ 5, 11.375, 6, 11.5 ], "texture": "#voxels_atlas" },
				"west": { "uv": [ 6.5, 12.25, 6.625, 12.375 ], "texture": "#voxels_atlas" },
				"east": { "uv": [ 6.625, 12.375, 6.5, 12.5 ], "texture": "#voxels_atlas" }
			}
		},
		{
			"__comment": "Voxels",
			"from": [ -12.5, 8, 8.5 ],
			"to": [ -8.5, 8.5, 9 ],
			"faces": {
				"down": { "uv": [ 3, 11.25, 4, 11.375 ], "texture": "#voxels_atlas" },
				"up": { "uv": [ 4, 11.375, 5, 11.25 ], "texture": "#voxels_atlas" },
				"north": { "uv": [ 6, 11.25, 5, 11.375 ], "texture": "#voxels_atlas" },
				"south": { "uv": [ 5, 12.25, 6, 12.375 ], "texture": "#voxels_atlas" },
				"west": { "uv": [ 6.5, 12.5, 6.625, 12.625 ], "texture": "#voxels_atlas" },
				"east": { "uv": [ 6.625, 12.875, 6.5, 13 ], "texture": "#voxels_atlas" }
			}
		},
		{
			"__comment": "Voxels",
			"from": [ -12.5, 8.5, 7 ],
			"to": [ -12, 9, 8.5 ],
			"faces": {
				"down": { "uv": [ 1.375, 10.375, 1.5, 10.75 ], "texture": "#voxels_atlas" },
				"up": { "uv": [ 5.875, 13.125, 6, 12.75 ], "texture": "#voxels_atlas" },
				"north": { "uv": [ 6.625, 13, 6.5, 13.125 ], "texture": "#voxels_atlas" },
				"south": { "uv": [ 6.5, 13.125, 6.625, 13.25 ], "texture": "#voxels_atlas" },
				"west": { "uv": [ 7.625, 14.125, 8, 14.25 ], "texture": "#voxels_atlas" },
				"east": { "uv": [ 8, 14.25, 7.625, 14.375 ], "texture": "#voxels_atlas" }
			}
		},
		{
			"__comment": "Voxels",
			"from": [ -12, 5.5, 6.5 ],
			"to": [ -10.5, 6, 7 ],
			"faces": {
				"down": { "uv": [ 7.625, 14.375, 8, 14.5 ], "texture": "#voxels_atlas" },
				"up": { "uv": [ 7.625, 12.25, 8, 12.125 ], "texture": "#voxels_atlas" },
				"north": { "uv": [ 8, 14.5, 7.625, 14.625 ], "texture": "#voxels_atlas" },
				"south": { "uv": [ 7.625, 14.625, 8, 14.75 ], "texture": "#voxels_atlas" },
				"west": { "uv": [ 6.5, 13.25, 6.625, 13.375 ], "texture": "#voxels_atlas" },
				"east": { "uv": [ 6.625, 13.625, 6.5, 13.75 ], "texture": "#voxels_atlas" }
			}
		},
		{
			"__comment": "Voxels",
			"from": [ -12, 5.5, 7.5 ],
			"to": [ -10, 6, 8 ],
			"faces": {
				"down": { "uv": [ 6, 9.875, 6.5, 10 ], "texture": "#voxels_atlas" },
				"up": { "uv": [ 6, 8.25, 6.5, 8.125 ], "texture": "#voxels_atlas" },
				"north": { "uv": [ 6.5, 8, 6, 8.125 ], "texture": "#voxels_atlas" },
				"south": { "uv": [ 6.625, 15.875, 7.125, 16 ], "texture": "#voxels_atlas" },
				"west": { "uv": [ 6.5, 13.75, 6.625, 13.875 ], "texture": "#voxels_atlas" },
				"east": { "uv": [ 6.625, 13.875, 6.5, 14 ], "texture": "#voxels_atlas" }
			}
		},
		{
			"__comment": "Voxels",
			"from": [ -12, 5.5, 8.5 ],
			"to": [ -10.5, 6, 9 ],
			"faces": {
				"down": { "uv": [ 7.625, 15.125, 8, 15.25 ], "texture": "#voxels_atlas" },
				"up": { "uv": [ 7.625, 15.375, 8, 15.25 ], "texture": "#voxels_atlas" },
				"north": { "uv": [ 8, 15.5, 7.625, 15.625 ], "texture": "#voxels_atlas" },
				"south": { "uv": [ 7.625, 15.625, 8, 15.75 ], "texture": "#voxels_atlas" },
				"west": { "uv": [ 6.5, 14, 6.625, 14.125 ], "texture": "#voxels_atlas" },
				"east": { "uv": [ 6.625, 14.375, 6.5, 14.5 ], "texture": "#voxels_atlas" }
			}
		},
		{
			"__comment": "Voxels",
			"from": [ -12, 6, 6 ],
			"to": [ -10.5, 6.5, 6.5 ],
			"faces": {
				"down": { "uv": [ 7.625, 15.75, 8, 15.875 ], "texture": "#voxels_atlas" },
				"up": { "uv": [ 7.625, 16, 8, 15.875 ], "texture": "#voxels_atlas" },
				"north": { "uv": [ 7.5, 8.75, 7.125, 8.875 ], "texture": "#voxels_atlas" },
				"south": { "uv": [ 7.125, 8.875, 7.5, 9 ], "texture": "#voxels_atlas" },
				"west": { "uv": [ 6.5, 14.5, 6.625, 14.625 ], "texture": "#voxels_atlas" },
				"east": { "uv": [ 6.625, 14.625, 6.5, 14.75 ], "texture": "#voxels_atlas" }
			}
		},
		{
			"__comment": "Voxels",
			"from": [ -12, 6, 9 ],
			"to": [ -10.5, 6.5, 9.5 ],
			"faces": {
				"down": { "uv": [ 7.125, 9, 7.5, 9.125 ], "texture": "#voxels_atlas" },
				"up": { "uv": [ 7.125, 9.25, 7.5, 9.125 ], "texture": "#voxels_atlas" },
				"north": { "uv": [ 7.5, 9.5, 7.125, 9.625 ], "texture": "#voxels_atlas" },
				"south": { "uv": [ 7.125, 9.625, 7.5, 9.75 ], "texture": "#voxels_atlas" },
				"west": { "uv": [ 6.5, 14.75, 6.625, 14.875 ], "texture": "#voxels_atlas" },
				"east": { "uv": [ 6.625, 15.125, 6.5, 15.25 ], "texture": "#voxels_atlas" }
			}
		},
		{
			"__comment": "Voxels",
			"from": [ -12, 7, 6 ],
			"to": [ -10, 7.5, 6.5 ],
			"faces": {
				"down": { "uv": [ 6.625, 13.375, 7.125, 13.5 ], "texture": "#voxels_atlas" },
				"up": { "uv": [ 6.625, 13.375, 7.125, 13.25 ], "texture": "#voxels_atlas" },
				"north": { "uv": [ 7.125, 12.875, 6.625, 13 ], "texture": "#voxels_atlas" },
				"south": { "uv": [ 6.625, 12.75, 7.125, 12.875 ], "texture": "#voxels_atlas" },
				"west": { "uv": [ 6.5, 15.25, 6.625, 15.375 ], "texture": "#voxels_atlas" },
				"east": { "uv": [ 6.625, 15.375, 6.5, 15.5 ], "texture": "#voxels_atlas" }
			}
		},
		{
			"__comment": "Voxels",
			"from": [ -12, 7, 9 ],
			"to": [ -10, 7.5, 9.5 ],
			"faces": {
				"down": { "uv": [ 6.625, 10.625, 7.125, 10.75 ], "texture": "#voxels_atlas" },
				"up": { "uv": [ 6.625, 10.625, 7.125, 10.5 ], "texture": "#voxels_atlas" },
				"north": { "uv": [ 7.125, 10.375, 6.625, 10.5 ], "texture": "#voxels_atlas" },
				"south": { "uv": [ 7.125, 15.75, 7.625, 15.875 ], "texture": "#voxels_atlas" },
				"west": { "uv": [ 6.5, 15.5, 6.625, 15.625 ], "texture": "#voxels_atlas" },
				"east": { "uv": [ 3.625, 8.25, 3.5, 8.375 ], "texture": "#voxels_atlas" }
			}
		},
		{
			"__comment": "Voxels",
			"from": [ -12, 8, 6 ],
			"to": [ -10.5, 8.5, 6.5 ],
			"faces": {
				"down": { "uv": [ 7.125, 9.875, 7.5, 10 ], "texture": "#voxels_atlas" },
				"up": { "uv": [ 11.75, 16, 12.125, 15.875 ], "texture": "#voxels_atlas" },
				"north": { "uv": [ 11.75, 15.875, 11.375, 16 ], "texture": "#voxels_atlas" },
				"south": { "uv": [ 9.5, 15.875, 9.875, 16 ], "texture": "#voxels_atlas" },
				"west": { "uv": [ 3.5, 8.375, 3.625, 8.5 ], "texture": "#voxels_atlas" },
				"east": { "uv": [ 3.625, 8.5, 3.5, 8.625 ], "texture": "#voxels_atlas" }
			}
		},
		{
			"__comment": "Voxels",
			"from": [ -12, 8, 9 ],
			"to": [ -10.5, 8.5, 9.5 ],
			"faces": {
				"down": { "uv": [ 7.125, 9.25, 7.5, 9.375 ], "texture": "#voxels_atlas" },
				"up": { "uv": [ 7.625, 9, 8, 8.875 ], "texture": "#voxels_atlas" },
				"north": { "uv": [ 8, 9, 7.625, 9.125 ], "texture": "#voxels_atlas" },
				"south": { "uv": [ 7.625, 12.875, 8, 13 ], "texture": "#voxels_atlas" },
				"west": { "uv": [ 8.125, 9.375, 8.25, 9.5 ], "texture": "#voxels_atlas" },
				"east": { "uv": [ 3.625, 8.625, 3.5, 8.75 ], "texture": "#voxels_atlas" }
			}
		},
		{
			"__comment": "Voxels",
			"from": [ -12, 8.5, 6.5 ],
			"to": [ -10.5, 9, 7 ],
			"faces": {
				"down": { "uv": [ 7.625, 13.625, 8, 13.75 ], "texture": "#voxels_atlas" },
				"up": { "uv": [ 7.625, 15.5, 8, 15.375 ], "texture": "#voxels_atlas" },
				"north": { "uv": [ 7.5, 8, 7.125, 8.125 ], "texture": "#voxels_atlas" },
				"south": { "uv": [ 7.125, 8.125, 7.5, 8.25 ], "texture": "#voxels_atlas" },
				"west": { "uv": [ 3.5, 9, 3.625, 9.125 ], "texture": "#voxels_atlas" },
				"east": { "uv": [ 3.625, 9.125, 3.5, 9.25 ], "texture": "#voxels_atlas" }
			}
		},
		{
			"__comment": "Voxels",
			"from": [ -12, 8.5, 7.5 ],
			"to": [ -10, 9, 8 ],
			"faces": {
				"down": { "uv": [ 7.125, 14.875, 7.625, 15 ], "texture": "#voxels_atlas" },
				"up": { "uv": [ 7.125, 14.125, 7.625, 14 ], "texture": "#voxels_atlas" },
				"north": { "uv": [ 7.625, 13.875, 7.125, 14 ], "texture": "#voxels_atlas" },
				"south": { "uv": [ 7.125, 13.625, 7.625, 13.75 ], "texture": "#voxels_atlas" },
				"west": { "uv": [ 3.5, 9.25, 3.625, 9.375 ], "texture": "#voxels_atlas" },
				"east": { "uv": [ 3.625, 9.375, 3.5, 9.5 ], "texture": "#voxels_atlas" }
			}
		},
		{
			"__comment": "Voxels",
			"from": [ -12, 8.5, 8.5 ],
			"to": [ -10.5, 9, 9 ],
			"faces": {
				"down": { "uv": [ 7.125, 10, 7.5, 10.125 ], "texture": "#voxels_atlas" },
				"up": { "uv": [ 7.125, 10.25, 7.5, 10.125 ], "texture": "#voxels_atlas" },
				"north": { "uv": [ 8, 8.25, 7.625, 8.375 ], "texture": "#voxels_atlas" },
				"south": { "uv": [ 7.625, 12, 8, 12.125 ], "texture": "#voxels_atlas" },
				"west": { "uv": [ 3.5, 9.75, 3.625, 9.875 ], "texture": "#voxels_atlas" },
				"east": { "uv": [ 3.625, 9.875, 3.5, 10 ], "texture": "#voxels_atlas" }
			}
		},
		{
			"__comment": "Voxels",
			"from": [ -11.5, 5.5, 7 ],
			"to": [ -9.5, 6, 7.5 ],
			"faces": {
				"down": { "uv": [ 7.125, 13, 7.625, 13.125 ], "texture": "#voxels_atlas" },
				"up": { "uv": [ 7.125, 13, 7.625, 12.875 ], "texture": "#voxels_atlas" },
				"north": { "uv": [ 6, 8.125, 5.5, 8.25 ], "texture": "#voxels_atlas" },
				"south": { "uv": [ 7.125, 12.75, 7.625, 12.875 ], "texture": "#voxels_atlas" },
				"west": { "uv": [ 5.875, 10.375, 6, 10.5 ], "texture": "#voxels_atlas" },
				"east": { "uv": [ 6, 10.5, 5.875, 10.625 ], "texture": "#voxels_atlas" }
			}
		},
		{
			"__comment": "Voxels",
			"from": [ -11.5, 5.5, 8 ],
			"to": [ -9.5, 6, 8.5 ],
			"faces": {
				"down": { "uv": [ 7.125, 12.125, 7.625, 12.25 ], "texture": "#voxels_atlas" },
				"up": { "uv": [ 7.125, 11.375, 7.625, 11.25 ], "texture": "#voxels_atlas" },
				"north": { "uv": [ 7.625, 11.125, 7.125, 11.25 ], "texture": "#voxels_atlas" },
				"south": { "uv": [ 7.125, 11, 7.625, 11.125 ], "texture": "#voxels_atlas" },
				"west": { "uv": [ 2.75, 8.5, 2.875, 8.625 ], "texture": "#voxels_atlas" },
				"east": { "uv": [ 2, 10.875, 1.875, 11 ], "texture": "#voxels_atlas" }
			}
		},
		{
			"__comment": "Voxels",
			"from": [ -11.5, 6.5, 6 ],
			"to": [ -9.5, 7, 6.5 ],
			"faces": {
				"down": { "uv": [ 7.125, 10.625, 7.625, 10.75 ], "texture": "#voxels_atlas" },
				"up": { "uv": [ 7.125, 10.625, 7.625, 10.5 ], "texture": "#voxels_atlas" },
				"north": { "uv": [ 7.625, 10.375, 7.125, 10.5 ], "texture": "#voxels_atlas" },
				"south": { "uv": [ 5.5, 12.625, 6, 12.75 ], "texture": "#voxels_atlas" },
				"west": { "uv": [ 1.875, 11, 2, 11.125 ], "texture": "#voxels_atlas" },
				"east": { "uv": [ 6, 12.375, 5.875, 12.5 ], "texture": "#voxels_atlas" }
			}
		},
		{
			"__comment": "Voxels",
			"from": [ -11.5, 6.5, 8 ],
			"to": [ 12.5, 8, 8.5 ],
			"faces": {
				"down": { "uv": [ 0, 13.25, 6, 13.375 ], "texture": "#voxels_atlas" },
				"up": { "uv": [ 0, 13.25, 6, 13.125 ], "texture": "#voxels_atlas" },
				"north": { "uv": [ 6, 15.25, 0, 15.625 ], "texture": "#voxels_atlas" },
				"south": { "uv": [ 0, 15.625, 6, 16 ], "texture": "#voxels_atlas" },
				"west": { "uv": [ 7.875, 12.5, 8, 12.875 ], "texture": "#voxels_atlas" },
				"east": { "uv": [ 7.875, 12.5, 7.75, 12.875 ], "texture": "#voxels_atlas" }
			}
		},
		{
			"__comment": "Voxels",
			"from": [ -11.5, 6.5, 9 ],
			"to": [ -9.5, 7, 9.5 ],
			"faces": {
				"down": { "uv": [ 5.5, 11.875, 6, 12 ], "texture": "#voxels_atlas" },
				"up": { "uv": [ 5.5, 11.875, 6, 11.75 ], "texture": "#voxels_atlas" },
				"north": { "uv": [ 6, 11.625, 5.5, 11.75 ], "texture": "#voxels_atlas" },
				"south": { "uv": [ 1.5, 10.125, 2, 10.25 ], "texture": "#voxels_atlas" },
				"west": { "uv": [ 8.375, 14.75, 8.5, 14.875 ], "texture": "#voxels_atlas" },
				"east": { "uv": [ 8.5, 14.875, 8.375, 15 ], "texture": "#voxels_atlas" }
			}
		},
		{
			"__comment": "Voxels",
			"from": [ -11.5, 7.5, 6 ],
			"to": [ -9.5, 8, 6.5 ],
			"faces": {
				"down": { "uv": [ 1.5, 10, 2, 10.125 ], "texture": "#voxels_atlas" },
				"up": { "uv": [ 1.5, 10, 2, 9.875 ], "texture": "#voxels_atlas" },
				"north": { "uv": [ 2, 9.75, 1.5, 9.875 ], "texture": "#voxels_atlas" },
				"south": { "uv": [ 1.5, 9.625, 2, 9.75 ], "texture": "#voxels_atlas" },
				"west": { "uv": [ 14.625, 15.5, 14.75, 15.625 ], "texture": "#voxels_atlas" },
				"east": { "uv": [ 14.625, 15.5, 14.5, 15.625 ], "texture": "#voxels_atlas" }
			}
		},
		{
			"__comment": "Voxels",
			"from": [ -11.5, 7.5, 9 ],
			"to": [ -9.5, 8, 9.5 ],
			"faces": {
				"down": { "uv": [ 1.5, 9.5, 2, 9.625 ], "texture": "#voxels_atlas" },
				"up": { "uv": [ 1.5, 9.5, 2, 9.375 ], "texture": "#voxels_atlas" },
				"north": { "uv": [ 2, 9.25, 1.5, 9.375 ], "texture": "#voxels_atlas" },
				"south": { "uv": [ 1.5, 9.125, 2, 9.25 ], "texture": "#voxels_atlas" },
				"west": { "uv": [ 12.875, 15.5, 13, 15.625 ], "texture": "#voxels_atlas" },
				"east": { "uv": [ 12.875, 15.5, 12.75, 15.625 ], "texture": "#voxels_atlas" }
			}
		},
		{
			"__comment": "Voxels",
			"from": [ -11.5, 8, 8 ],
			"to": [ -8, 8.5, 8.5 ],
			"faces": {
				"down": { "uv": [ 2, 9.875, 2.875, 10 ], "texture": "#voxels_atlas" },
				"up": { "uv": [ 2, 9.875, 2.875, 9.75 ], "texture": "#voxels_atlas" },
				"north": { "uv": [ 2.875, 9.625, 2, 9.75 ], "texture": "#voxels_atlas" },
				"south": { "uv": [ 2, 9.125, 2.875, 9.25 ], "texture": "#voxels_atlas" },
				"west": { "uv": [ 12.625, 15.5, 12.75, 15.625 ], "texture": "#voxels_atlas" },
				"east": { "uv": [ 12.625, 15.5, 12.5, 15.625 ], "texture": "#voxels_atlas" }
			}
		},
		{
			"__comment": "Voxels",
			"from": [ -11.5, 8.5, 7 ],
			"to": [ -9.5, 9, 7.5 ],
			"faces": {
				"down": { "uv": [ 1.5, 9, 2, 9.125 ], "texture": "#voxels_atlas" },
				"up": { "uv": [ 1.5, 9, 2, 8.875 ], "texture": "#voxels_atlas" },
				"north": { "uv": [ 2, 8.75, 1.5, 8.875 ], "texture": "#voxels_atlas" },
				"south": { "uv": [ 1.5, 8.625, 2, 8.75 ], "texture": "#voxels_atlas" },
				"west": { "uv": [ 11.875, 15.5, 12, 15.625 ], "texture": "#voxels_atlas" },
				"east": { "uv": [ 11.875, 15.5, 11.75, 15.625 ], "texture": "#voxels_atlas" }
			}
		},
		{
			"__comment": "Voxels",
			"from": [ -11.5, 8.5, 8 ],
			"to": [ -9.5, 9, 8.5 ],
			"faces": {
				"down": { "uv": [ 1.5, 8.5, 2, 8.625 ], "texture": "#voxels_atlas" },
				"up": { "uv": [ 1.5, 8.5, 2, 8.375 ], "texture": "#voxels_atlas" },
				"north": { "uv": [ 2, 8.25, 1.5, 8.375 ], "texture": "#voxels_atlas" },
				"south": { "uv": [ 1.5, 8.125, 2, 8.25 ], "texture": "#voxels_atlas" },
				"west": { "uv": [ 9.875, 15.5, 10, 15.625 ], "texture": "#voxels_atlas" },
				"east": { "uv": [ 9.875, 15.5, 9.75, 15.625 ], "texture": "#voxels_atlas" }
			}
		},
		{
			"__comment": "Voxels",
			"from": [ -11, 6, 8 ],
			"to": [ -8, 6.5, 8.5 ],
			"faces": {
				"down": { "uv": [ 4.375, 10.875, 5.125, 11 ], "texture": "#voxels_atlas" },
				"up": { "uv": [ 3.625, 10.875, 4.375, 10.75 ], "texture": "#voxels_atlas" },
				"north": { "uv": [ 5.875, 10.75, 5.125, 10.875 ], "texture": "#voxels_atlas" },
				"south": { "uv": [ 2.875, 10.625, 3.625, 10.75 ], "texture": "#voxels_atlas" },
				"west": { "uv": [ 9.125, 15.5, 9.25, 15.625 ], "texture": "#voxels_atlas" },
				"east": { "uv": [ 9.125, 15.5, 9, 15.625 ], "texture": "#voxels_atlas" }
			}
		},
		{
			"__comment": "Voxels",
			"from": [ -8, 6.5, 7 ],
			"to": [ 12.5, 8, 8 ],
			"faces": {
				"down": { "uv": [ 0, 14, 5.125, 14.25 ], "texture": "#voxels_atlas" },
				"up": { "uv": [ 0, 14.5, 5.125, 14.25 ], "texture": "#voxels_atlas" },
				"north": { "uv": [ 5.125, 14.875, 0, 15.25 ], "texture": "#voxels_atlas" },
				"south": { "uv": [ 0, 14.5, 5.125, 14.875 ], "texture": "#voxels_atlas" },
				"west": { "uv": [ 5.75, 14.875, 6, 15.25 ], "texture": "#voxels_atlas" },
				"east": { "uv": [ 6, 14.5, 5.75, 14.875 ], "texture": "#voxels_atlas" }
			}
		},
		{
			"__comment": "Voxels",
			"from": [ 4, 6, 7.5 ],
			"to": [ 8.5, 6.5, 8 ],
			"faces": {
				"down": { "uv": [ 2.75, 12.125, 3.875, 12.25 ], "texture": "#voxels_atlas" },
				"up": { "uv": [ 3.875, 12.25, 5, 12.125 ], "texture": "#voxels_atlas" },
				"north": { "uv": [ 2.625, 12, 1.5, 12.125 ], "texture": "#voxels_atlas" },
				"south": { "uv": [ 2.625, 12, 3.75, 12.125 ], "texture": "#voxels_atlas" },
				"west": { "uv": [ 8.875, 15.5, 9, 15.625 ], "texture": "#voxels_atlas" },
				"east": { "uv": [ 8.875, 15.5, 8.75, 15.625 ], "texture": "#voxels_atlas" }
			}
		},
		{
			"__comment": "Voxels",
			"from": [ 4, 7, 6.5 ],
			"to": [ 12.5, 7.5, 7 ],
			"faces": {
				"down": { "uv": [ 0, 12.5, 2.125, 12.625 ], "texture": "#voxels_atlas" },
				"up": { "uv": [ 2.5, 12.875, 4.625, 12.75 ], "texture": "#voxels_atlas" },
				"north": { "uv": [ 4.625, 12.875, 2.5, 13 ], "texture": "#voxels_atlas" },
				"south": { "uv": [ 0, 12.375, 2.125, 12.5 ], "texture": "#voxels_atlas" },
				"west": { "uv": [ 8.125, 8.625, 8.25, 8.75 ], "texture": "#voxels_atlas" },
				"east": { "uv": [ 8.375, 8.75, 8.25, 8.875 ], "texture": "#voxels_atlas" }
			}
		},
		{
			"__comment": "Voxels",
			"from": [ 4, 7, 8.5 ],
			"to": [ 12.5, 7.5, 9 ],
			"faces": {
				"down": { "uv": [ 2.125, 12.5, 4.25, 12.625 ], "texture": "#voxels_atlas" },
				"up": { "uv": [ 0, 12.75, 2.125, 12.625 ], "texture": "#voxels_atlas" },
				"north": { "uv": [ 4.25, 12.625, 2.125, 12.75 ], "texture": "#voxels_atlas" },
				"south": { "uv": [ 2.5, 13, 4.625, 13.125 ], "texture": "#voxels_atlas" },
				"west": { "uv": [ 8.125, 8.75, 8.25, 8.875 ], "texture": "#voxels_atlas" },
				"east": { "uv": [ 8.375, 8.875, 8.25, 9 ], "texture": "#voxels_atlas" }
			}
		},
		{
			"__comment": "Voxels",
			"from": [ 4, 8, 7.5 ],
			"to": [ 11.5, 8.5, 8 ],
			"faces": {
				"down": { "uv": [ 4, 12.375, 5.875, 12.5 ], "texture": "#voxels_atlas" },
				"up": { "uv": [ 2.125, 12.5, 4, 12.375 ], "texture": "#voxels_atlas" },
				"north": { "uv": [ 1.875, 12.25, 0, 12.375 ], "texture": "#voxels_atlas" },
				"south": { "uv": [ 1.875, 12.25, 3.75, 12.375 ], "texture": "#voxels_atlas" },
				"west": { "uv": [ 8.125, 9, 8.25, 9.125 ], "texture": "#voxels_atlas" },
				"east": { "uv": [ 8.375, 9.125, 8.25, 9.25 ], "texture": "#voxels_atlas" }
			}
		},
		{
			"__comment": "Voxels",
			"from": [ 4.5, 6, 7 ],
			"to": [ 5.5, 6.5, 7.5 ],
			"faces": {
				"down": { "uv": [ 12.25, 15.75, 12.5, 15.875 ], "texture": "#voxels_atlas" },
				"up": { "uv": [ 12.5, 15.875, 12.75, 15.75 ], "texture": "#voxels_atlas" },
				"north": { "uv": [ 13, 15.75, 12.75, 15.875 ], "texture": "#voxels_atlas" },
				"south": { "uv": [ 14, 15.75, 14.25, 15.875 ], "texture": "#voxels_atlas" },
				"west": { "uv": [ 8.125, 9.125, 8.25, 9.25 ], "texture": "#voxels_atlas" },
				"east": { "uv": [ 8.375, 9.25, 8.25, 9.375 ], "texture": "#voxels_atlas" }
			}
		},
		{
			"__comment": "Voxels",
			"from": [ 4.5, 6, 8 ],
			"to": [ 5.5, 6.5, 8.5 ],
			"faces": {
				"down": { "uv": [ 14.25, 15.75, 14.5, 15.875 ], "texture": "#voxels_atlas" },
				"up": { "uv": [ 14.5, 15.875, 14.75, 15.75 ], "texture": "#voxels_atlas" },
				"north": { "uv": [ 15.875, 15.625, 15.625, 15.75 ], "texture": "#voxels_atlas" },
				"south": { "uv": [ 14.75, 15.75, 15, 15.875 ], "texture": "#voxels_atlas" },
				"west": { "uv": [ 8.25, 9.5, 8.375, 9.625 ], "texture": "#voxels_atlas" },
				"east": { "uv": [ 8.25, 9.5, 8.125, 9.625 ], "texture": "#voxels_atlas" }
			}
		},
		{
			"__comment": "Voxels",
			"from": [ 4.5, 6.5, 6.5 ],
			"to": [ 5.5, 7, 7 ],
			"faces": {
				"down": { "uv": [ 8.125, 15.625, 8.375, 15.75 ], "texture": "#voxels_atlas" },
				"up": { "uv": [ 8.375, 15.75, 8.625, 15.625 ], "texture": "#voxels_atlas" },
				"north": { "uv": [ 9.375, 15.625, 9.125, 15.75 ], "texture": "#voxels_atlas" },
				"south": { "uv": [ 9.375, 15.625, 9.625, 15.75 ], "texture": "#voxels_atlas" },
				"west": { "uv": [ 8.25, 9.625, 8.375, 9.75 ], "texture": "#voxels_atlas" },
				"east": { "uv": [ 8.25, 9.75, 8.125, 9.875 ], "texture": "#voxels_atlas" }
			}
		},
		{
			"__comment": "Voxels",
			"from": [ 4.5, 6.5, 8.5 ],
			"to": [ 5.5, 7, 9 ],
			"faces": {
				"down": { "uv": [ 9.625, 15.625, 9.875, 15.75 ], "texture": "#voxels_atlas" },
				"up": { "uv": [ 9.875, 15.75, 10.125, 15.625 ], "texture": "#voxels_atlas" },
				"north": { "uv": [ 10.375, 15.625, 10.125, 15.75 ], "texture": "#voxels_atlas" },
				"south": { "uv": [ 10.375, 15.625, 10.625, 15.75 ], "texture": "#voxels_atlas" },
				"west": { "uv": [ 8.25, 9.875, 8.375, 10 ], "texture": "#voxels_atlas" },
				"east": { "uv": [ 8.25, 9.875, 8.125, 10 ], "texture": "#voxels_atlas" }
			}
		},
		{
			"__comment": "Voxels",
			"from": [ 4.5, 7, -3 ],
			"to": [ 8, 7.5, -2.5 ],
			"faces": {
				"down": { "uv": [ 2.875, 11.125, 3.75, 11.25 ], "texture": "#voxels_atlas" },
				"up": { "uv": [ 2, 10.875, 2.875, 10.75 ], "texture": "#voxels_atlas" },
				"north": { "uv": [ 2.875, 10, 2, 10.125 ], "texture": "#voxels_atlas" },
				"south": { "uv": [ 2, 9.5, 2.875, 9.625 ], "texture": "#voxels_atlas" },
				"west": { "uv": [ 8.25, 10, 8.375, 10.125 ], "texture": "#voxels_atlas" },
				"east": { "uv": [ 8.25, 11, 8.125, 11.125 ], "texture": "#voxels_atlas" }
			}
		},
		{
			"__comment": "Voxels",
			"from": [ 4.5, 7, 18 ],
			"to": [ 8, 7.5, 18.5 ],
			"faces": {
				"down": { "uv": [ 4.625, 11.125, 5.5, 11.25 ], "texture": "#voxels_atlas" },
				"up": { "uv": [ 2, 10.625, 2.875, 10.5 ], "texture": "#voxels_atlas" },
				"north": { "uv": [ 2.875, 9.375, 2, 9.5 ], "texture": "#voxels_atlas" },
				"south": { "uv": [ 2, 9.25, 2.875, 9.375 ], "texture": "#voxels_atlas" },
				"west": { "uv": [ 8.25, 11.125, 8.375, 11.25 ], "texture": "#voxels_atlas" },
				"east": { "uv": [ 8.25, 11.25, 8.125, 11.375 ], "texture": "#voxels_atlas" }
			}
		},
		{
			"__comment": "Voxels",
			"from": [ 4.5, 7.5, 6.5 ],
			"to": [ 5.5, 8, 7 ],
			"faces": {
				"down": { "uv": [ 10.625, 15.625, 10.875, 15.75 ], "texture": "#voxels_atlas" },
				"up": { "uv": [ 10.875, 15.75, 11.125, 15.625 ], "texture": "#voxels_atlas" },
				"north": { "uv": [ 11.375, 15.625, 11.125, 15.75 ], "texture": "#voxels_atlas" },
				"south": { "uv": [ 11.375, 15.625, 11.625, 15.75 ], "texture": "#voxels_atlas" },
				"west": { "uv": [ 8.25, 11.375, 8.375, 11.5 ], "texture": "#voxels_atlas" },
				"east": { "uv": [ 8.25, 11.5, 8.125, 11.625 ], "texture": "#voxels_atlas" }
			}
		},
		{
			"__comment": "Voxels",
			"from": [ 4.5, 7.5, 8.5 ],
			"to": [ 5.5, 8, 9 ],
			"faces": {
				"down": { "uv": [ 11.625, 15.625, 11.875, 15.75 ], "texture": "#voxels_atlas" },
				"up": { "uv": [ 11.875, 15.75, 12.125, 15.625 ], "texture": "#voxels_atlas" },
				"north": { "uv": [ 12.375, 15.625, 12.125, 15.75 ], "texture": "#voxels_atlas" },
				"south": { "uv": [ 12.375, 15.625, 12.625, 15.75 ], "texture": "#voxels_atlas" },
				"west": { "uv": [ 8.25, 11.625, 8.375, 11.75 ], "texture": "#voxels_atlas" },
				"east": { "uv": [ 8.25, 11.625, 8.125, 11.75 ], "texture": "#voxels_atlas" }
			}
		},
		{
			"__comment": "Voxels",
			"from": [ 4.5, 8, 7 ],
			"to": [ 5.5, 8.5, 7.5 ],
			"faces": {
				"down": { "uv": [ 12.625, 15.625, 12.875, 15.75 ], "texture": "#voxels_atlas" },
				"up": { "uv": [ 12.875, 15.75, 13.125, 15.625 ], "texture": "#voxels_atlas" },
				"north": { "uv": [ 13.375, 15.625, 13.125, 15.75 ], "texture": "#voxels_atlas" },
				"south": { "uv": [ 13.375, 15.625, 13.625, 15.75 ], "texture": "#voxels_atlas" },
				"west": { "uv": [ 8.25, 11.75, 8.375, 11.875 ], "texture": "#voxels_atlas" },
				"east": { "uv": [ 8.25, 11.875, 8.125, 12 ], "texture": "#voxels_atlas" }
			}
		},
		{
			"__comment": "Voxels",
			"from": [ 4.5, 8, 8 ],
			"to": [ 5.5, 8.5, 8.5 ],
			"faces": {
				"down": { "uv": [ 13.625, 15.625, 13.875, 15.75 ], "texture": "#voxels_atlas" },
				"up": { "uv": [ 13.875, 15.75, 14.125, 15.625 ], "texture": "#voxels_atlas" },
				"north": { "uv": [ 14.375, 15.625, 14.125, 15.75 ], "texture": "#voxels_atlas" },
				"south": { "uv": [ 14.375, 15.625, 14.625, 15.75 ], "texture": "#voxels_atlas" },
				"west": { "uv": [ 8.25, 12, 8.375, 12.125 ], "texture": "#voxels_atlas" },
				"east": { "uv": [ 8.25, 12, 8.125, 12.125 ], "texture": "#voxels_atlas" }
			}
		},
		{
			"__comment": "Voxels",
			"from": [ 5.5, 7, -2.5 ],
			"to": [ 9, 7.5, -2 ],
			"faces": {
				"down": { "uv": [ 3.75, 11.125, 4.625, 11.25 ], "texture": "#voxels_atlas" },
				"up": { "uv": [ 2, 8.75, 2.875, 8.625 ], "texture": "#voxels_atlas" },
				"north": { "uv": [ 2.875, 8.75, 2, 8.875 ], "texture": "#voxels_atlas" },
				"south": { "uv": [ 2, 8.875, 2.875, 9 ], "texture": "#voxels_atlas" },
				"west": { "uv": [ 8.25, 12.125, 8.375, 12.25 ], "texture": "#voxels_atlas" },
				"east": { "uv": [ 8.25, 12.125, 8.125, 12.25 ], "texture": "#voxels_atlas" }
			}
		},
		{
			"__comment": "Voxels",
			"from": [ 5.5, 7, 17.5 ],
			"to": [ 9, 7.5, 18 ],
			"faces": {
				"down": { "uv": [ 2, 10.125, 2.875, 10.25 ], "texture": "#voxels_atlas" },
				"up": { "uv": [ 2, 11.125, 2.875, 11 ], "texture": "#voxels_atlas" },
				"north": { "uv": [ 2.875, 11.125, 2, 11.25 ], "texture": "#voxels_atlas" },
				"south": { "uv": [ 2, 9, 2.875, 9.125 ], "texture": "#voxels_atlas" },
				"west": { "uv": [ 8.25, 12.25, 8.375, 12.375 ], "texture": "#voxels_atlas" },
				"east": { "uv": [ 8.25, 12.25, 8.125, 12.375 ], "texture": "#voxels_atlas" }
			}
		},
		{
			"__comment": "Voxels",
			"from": [ 6, 6.5, -3 ],
			"to": [ 8, 7, -2.5 ],
			"faces": {
				"down": { "uv": [ 6, 15.375, 6.5, 15.5 ], "texture": "#voxels_atlas" },
				"up": { "uv": [ 6, 15.375, 6.5, 15.25 ], "texture": "#voxels_atlas" },
				"north": { "uv": [ 6.5, 15.125, 6, 15.25 ], "texture": "#voxels_atlas" },
				"south": { "uv": [ 6, 15, 6.5, 15.125 ], "texture": "#voxels_atlas" },
				"west": { "uv": [ 8.25, 12.375, 8.375, 12.5 ], "texture": "#voxels_atlas" },
				"east": { "uv": [ 8.25, 12.375, 8.125, 12.5 ], "texture": "#voxels_atlas" }
			}
		},
		{
			"__comment": "Voxels",
			"from": [ 6, 6.5, 18 ],
			"to": [ 8, 7, 18.5 ],
			"faces": {
				"down": { "uv": [ 6, 14.875, 6.5, 15 ], "texture": "#voxels_atlas" },
				"up": { "uv": [ 6, 14.875, 6.5, 14.75 ], "texture": "#voxels_atlas" },
				"north": { "uv": [ 6.5, 14.625, 6, 14.75 ], "texture": "#voxels_atlas" },
				"south": { "uv": [ 6, 14.5, 6.5, 14.625 ], "texture": "#voxels_atlas" },
				"west": { "uv": [ 15.875, 15.625, 16, 15.75 ], "texture": "#voxels_atlas" },
				"east": { "uv": [ 8.125, 8.25, 8, 8.375 ], "texture": "#voxels_atlas" }
			}
		},
		{
			"__comment": "Voxels",
			"from": [ 6, 7.5, -3 ],
			"to": [ 8, 8, -2.5 ],
			"faces": {
				"down": { "uv": [ 6, 14.25, 6.5, 14.375 ], "texture": "#voxels_atlas" },
				"up": { "uv": [ 6, 14.25, 6.5, 14.125 ], "texture": "#voxels_atlas" },
				"north": { "uv": [ 6.5, 14, 6, 14.125 ], "texture": "#voxels_atlas" },
				"south": { "uv": [ 6, 13.875, 6.5, 14 ], "texture": "#voxels_atlas" },
				"west": { "uv": [ 8, 8.375, 8.125, 8.5 ], "texture": "#voxels_atlas" },
				"east": { "uv": [ 8.125, 8.5, 8, 8.625 ], "texture": "#voxels_atlas" }
			}
		},
		{
			"__comment": "Voxels",
			"from": [ 6, 7.5, 18 ],
			"to": [ 8, 8, 18.5 ],
			"faces": {
				"down": { "uv": [ 6, 13.5, 6.5, 13.625 ], "texture": "#voxels_atlas" },
				"up": { "uv": [ 6, 13.5, 6.5, 13.375 ], "texture": "#voxels_atlas" },
				"north": { "uv": [ 6.5, 13.25, 6, 13.375 ], "texture": "#voxels_atlas" },
				"south": { "uv": [ 6, 13.125, 6.5, 13.25 ], "texture": "#voxels_atlas" },
				"west": { "uv": [ 8, 8.625, 8.125, 8.75 ], "texture": "#voxels_atlas" },
				"east": { "uv": [ 8.125, 10, 8, 10.125 ], "texture": "#voxels_atlas" }
			}
		},
		{
			"__comment": "Voxels",
			"from": [ 6.5, 6.5, -2.5 ],
			"to": [ 9, 7, -2 ],
			"faces": {
				"down": { "uv": [ 3.625, 8.125, 4.25, 8.25 ], "texture": "#voxels_atlas" },
				"up": { "uv": [ 4.25, 9.375, 4.875, 9.25 ], "texture": "#voxels_atlas" },
				"north": { "uv": [ 5.5, 9.25, 4.875, 9.375 ], "texture": "#voxels_atlas" },
				"south": { "uv": [ 4.875, 8.75, 5.5, 8.875 ], "texture": "#voxels_atlas" },
				"west": { "uv": [ 8, 10.125, 8.125, 10.25 ], "texture": "#voxels_atlas" },
				"east": { "uv": [ 8.125, 10.25, 8, 10.375 ], "texture": "#voxels_atlas" }
			}
		},
		{
			"__comment": "Voxels",
			"from": [ 6.5, 6.5, 17.5 ],
			"to": [ 9, 7, 18 ],
			"faces": {
				"down": { "uv": [ 4.875, 8.625, 5.5, 8.75 ], "texture": "#voxels_atlas" },
				"up": { "uv": [ 3.625, 10.125, 4.25, 10 ], "texture": "#voxels_atlas" },
				"north": { "uv": [ 3.5, 8.25, 2.875, 8.375 ], "texture": "#voxels_atlas" },
				"south": { "uv": [ 4.25, 10.25, 4.875, 10.375 ], "texture": "#voxels_atlas" },
				"west": { "uv": [ 8, 10.375, 8.125, 10.5 ], "texture": "#voxels_atlas" },
				"east": { "uv": [ 8.125, 11, 8, 11.125 ], "texture": "#voxels_atlas" }
			}
		},
		{
			"__comment": "Voxels",
			"from": [ 6.5, 7, -2 ],
			"to": [ 9.5, 7.5, -1.5 ],
			"faces": {
				"down": { "uv": [ 3.625, 10.625, 4.375, 10.75 ], "texture": "#voxels_atlas" },
				"up": { "uv": [ 3.625, 10.625, 4.375, 10.5 ], "texture": "#voxels_atlas" },
				"north": { "uv": [ 5.125, 10.5, 4.375, 10.625 ], "texture": "#voxels_atlas" },
				"south": { "uv": [ 5.125, 10.5, 5.875, 10.625 ], "texture": "#voxels_atlas" },
				"west": { "uv": [ 8, 11.125, 8.125, 11.25 ], "texture": "#voxels_atlas" },
				"east": { "uv": [ 8.125, 11.25, 8, 11.375 ], "texture": "#voxels_atlas" }
			}
		},
		{
			"__comment": "Voxels",
			"from": [ 6.5, 7, 17 ],
			"to": [ 9.5, 7.5, 17.5 ],
			"faces": {
				"down": { "uv": [ 2.875, 10.375, 3.625, 10.5 ], "texture": "#voxels_atlas" },
				"up": { "uv": [ 5.125, 10.5, 5.875, 10.375 ], "texture": "#voxels_atlas" },
				"north": { "uv": [ 3.625, 10.25, 2.875, 10.375 ], "texture": "#voxels_atlas" },
				"south": { "uv": [ 2.875, 10.125, 3.625, 10.25 ], "texture": "#voxels_atlas" },
				"west": { "uv": [ 8, 11.375, 8.125, 11.5 ], "texture": "#voxels_atlas" },
				"east": { "uv": [ 8.125, 11.75, 8, 11.875 ], "texture": "#voxels_atlas" }
			}
		},
		{
			"__comment": "Voxels",
			"from": [ 6.5, 7.5, -2.5 ],
			"to": [ 9, 8, -2 ],
			"faces": {
				"down": { "uv": [ 4.875, 8, 5.5, 8.125 ], "texture": "#voxels_atlas" },
				"up": { "uv": [ 4.875, 9.5, 5.5, 9.375 ], "texture": "#voxels_atlas" },
				"north": { "uv": [ 4.875, 9.375, 4.25, 9.5 ], "texture": "#voxels_atlas" },
				"south": { "uv": [ 4.875, 9.5, 5.5, 9.625 ], "texture": "#voxels_atlas" },
				"west": { "uv": [ 8, 11.875, 8.125, 12 ], "texture": "#voxels_atlas" },
				"east": { "uv": [ 8.125, 12, 8, 12.125 ], "texture": "#voxels_atlas" }
			}
		},
		{
			"__comment": "Voxels",
			"from": [ 6.5, 7.5, 17.5 ],
			"to": [ 9, 8, 18 ],
			"faces": {
				"down": { "uv": [ 3.625, 8.25, 4.25, 8.375 ], "texture": "#voxels_atlas" },
				"up": { "uv": [ 3.625, 8.75, 4.25, 8.625 ], "texture": "#voxels_atlas" },
				"north": { "uv": [ 4.875, 9.875, 4.25, 10 ], "texture": "#voxels_atlas" },
				"south": { "uv": [ 4.875, 10, 5.5, 10.125 ], "texture": "#voxels_atlas" },
				"west": { "uv": [ 8, 12.125, 8.125, 12.25 ], "texture": "#voxels_atlas" },
				"east": { "uv": [ 8.125, 12.5, 8, 12.625 ], "texture": "#voxels_atlas" }
			}
		},
		{
			"__comment": "Voxels",
			"from": [ 7.5, 6.5, -2 ],
			"to": [ 9.5, 7, -1.5 ],
			"faces": {
				"down": { "uv": [ 6, 11.875, 6.5, 12 ], "texture": "#voxels_atlas" },
				"up": { "uv": [ 6, 11.875, 6.5, 11.75 ], "texture": "#voxels_atlas" },
				"north": { "uv": [ 7.625, 15.5, 7.125, 15.625 ], "texture": "#voxels_atlas" },
				"south": { "uv": [ 6, 11.625, 6.5, 11.75 ], "texture": "#voxels_atlas" },
				"west": { "uv": [ 8, 12.625, 8.125, 12.75 ], "texture": "#voxels_atlas" },
				"east": { "uv": [ 8.125, 12.75, 8, 12.875 ], "texture": "#voxels_atlas" }
			}
		},
		{
			"__comment": "Voxels",
			"from": [ 7.5, 6.5, 17 ],
			"to": [ 9.5, 7, 17.5 ],
			"faces": {
				"down": { "uv": [ 6, 11.5, 6.5, 11.625 ], "texture": "#voxels_atlas" },
				"up": { "uv": [ 6, 11.5, 6.5, 11.375 ], "texture": "#voxels_atlas" },
				"north": { "uv": [ 6.5, 11.25, 6, 11.375 ], "texture": "#voxels_atlas" },
				"south": { "uv": [ 6, 11.125, 6.5, 11.25 ], "texture": "#voxels_atlas" },
				"west": { "uv": [ 8, 12.875, 8.125, 13 ], "texture": "#voxels_atlas" },
				"east": { "uv": [ 8.125, 13.25, 8, 13.375 ], "texture": "#voxels_atlas" }
			}
		},
		{
			"__comment": "Voxels",
			"from": [ 7.5, 7, -1.5 ],
			"to": [ 10, 7.5, -1 ],
			"faces": {
				"down": { "uv": [ 3.625, 10.25, 4.25, 10.375 ], "texture": "#voxels_atlas" },
				"up": { "uv": [ 2.875, 8.125, 3.5, 8 ], "texture": "#voxels_atlas" },
				"north": { "uv": [ 3.5, 8.125, 2.875, 8.25 ], "texture": "#voxels_atlas" },
				"south": { "uv": [ 2.875, 8.375, 3.5, 8.5 ], "texture": "#voxels_atlas" },
				"west": { "uv": [ 8, 13.375, 8.125, 13.5 ], "texture": "#voxels_atlas" },
				"east": { "uv": [ 8.125, 13.75, 8, 13.875 ], "texture": "#voxels_atlas" }
			}
		},
		{
			"__comment": "Voxels",
			"from": [ 7.5, 7, 16.5 ],
			"to": [ 10, 7.5, 17 ],
			"faces": {
				"down": { "uv": [ 2.875, 8.5, 3.5, 8.625 ], "texture": "#voxels_atlas" },
				"up": { "uv": [ 2.875, 8.75, 3.5, 8.625 ], "texture": "#voxels_atlas" },
				"north": { "uv": [ 3.5, 8.75, 2.875, 8.875 ], "texture": "#voxels_atlas" },
				"south": { "uv": [ 2.875, 8.875, 3.5, 9 ], "texture": "#voxels_atlas" },
				"west": { "uv": [ 8, 13.875, 8.125, 14 ], "texture": "#voxels_atlas" },
				"east": { "uv": [ 8.125, 14.5, 8, 14.625 ], "texture": "#voxels_atlas" }
			}
		},
		{
			"__comment": "Voxels",
			"from": [ 7.5, 7.5, -2 ],
			"to": [ 9.5, 8, -1.5 ],
			"faces": {
				"down": { "uv": [ 6, 11, 6.5, 11.125 ], "texture": "#voxels_atlas" },
				"up": { "uv": [ 6, 11, 6.5, 10.875 ], "texture": "#voxels_atlas" },
				"north": { "uv": [ 6.5, 10.75, 6, 10.875 ], "texture": "#voxels_atlas" },
				"south": { "uv": [ 6, 10.625, 6.5, 10.75 ], "texture": "#voxels_atlas" },
				"west": { "uv": [ 15.875, 15.875, 16, 16 ], "texture": "#voxels_atlas" },
				"east": { "uv": [ 7.625, 8, 7.5, 8.125 ], "texture": "#voxels_atlas" }
			}
		},
		{
			"__comment": "Voxels",
			"from": [ 7.5, 7.5, 17 ],
			"to": [ 9.5, 8, 17.5 ],
			"faces": {
				"down": { "uv": [ 6, 10.375, 6.5, 10.5 ], "texture": "#voxels_atlas" },
				"up": { "uv": [ 6, 10.375, 6.5, 10.25 ], "texture": "#voxels_atlas" },
				"north": { "uv": [ 6.5, 10.125, 6, 10.25 ], "texture": "#voxels_atlas" },
				"south": { "uv": [ 6, 10, 6.5, 10.125 ], "texture": "#voxels_atlas" },
				"west": { "uv": [ 7.5, 8.125, 7.625, 8.25 ], "texture": "#voxels_atlas" },
				"east": { "uv": [ 7.625, 8.75, 7.5, 8.875 ], "texture": "#voxels_atlas" }
			}
		},
		{
			"__comment": "Voxels",
			"from": [ 8, 6.5, -1.5 ],
			"to": [ 10, 7, -1 ],
			"faces": {
				"down": { "uv": [ 6, 9.625, 6.5, 9.75 ], "texture": "#voxels_atlas" },
				"up": { "uv": [ 6, 9.625, 6.5, 9.5 ], "texture": "#voxels_atlas" },
				"north": { "uv": [ 6.5, 9.375, 6, 9.5 ], "texture": "#voxels_atlas" },
				"south": { "uv": [ 6, 9.25, 6.5, 9.375 ], "texture": "#voxels_atlas" },
				"west": { "uv": [ 7.5, 8.875, 7.625, 9 ], "texture": "#voxels_atlas" },
				"east": { "uv": [ 7.625, 9.25, 7.5, 9.375 ], "texture": "#voxels_atlas" }
			}
		},
		{
			"__comment": "Voxels",
			"from": [ 8, 6.5, 16.5 ],
			"to": [ 10, 7, 17 ],
			"faces": {
				"down": { "uv": [ 6, 8.875, 6.5, 9 ], "texture": "#voxels_atlas" },
				"up": { "uv": [ 6, 8.875, 6.5, 8.75 ], "texture": "#voxels_atlas" },
				"north": { "uv": [ 6.5, 8.625, 6, 8.75 ], "texture": "#voxels_atlas" },
				"south": { "uv": [ 6, 8.5, 6.5, 8.625 ], "texture": "#voxels_atlas" },
				"west": { "uv": [ 7.5, 9.375, 7.625, 9.5 ], "texture": "#voxels_atlas" },
				"east": { "uv": [ 7.625, 10, 7.5, 10.125 ], "texture": "#voxels_atlas" }
			}
		},
		{
			"__comment": "Voxels",
			"from": [ 8, 7, -1 ],
			"to": [ 10.5, 7.5, -0.5 ],
			"faces": {
				"down": { "uv": [ 4.25, 9.75, 4.875, 9.875 ], "texture": "#voxels_atlas" },
				"up": { "uv": [ 4.875, 9.875, 5.5, 9.75 ], "texture": "#voxels_atlas" },
				"north": { "uv": [ 4.25, 9.625, 3.625, 9.75 ], "texture": "#voxels_atlas" },
				"south": { "uv": [ 3.625, 9.5, 4.25, 9.625 ], "texture": "#voxels_atlas" },
				"west": { "uv": [ 7.5, 10.125, 7.625, 10.25 ], "texture": "#voxels_atlas" },
				"east": { "uv": [ 7.625, 10.25, 7.5, 10.375 ], "texture": "#voxels_atlas" }
			}
		},
		{
			"__comment": "Voxels",
			"from": [ 8, 7, 16 ],
			"to": [ 10.5, 7.5, 16.5 ],
			"faces": {
				"down": { "uv": [ 3.625, 9.375, 4.25, 9.5 ], "texture": "#voxels_atlas" },
				"up": { "uv": [ 3.625, 9.375, 4.25, 9.25 ], "texture": "#voxels_atlas" },
				"north": { "uv": [ 4.25, 9.125, 3.625, 9.25 ], "texture": "#voxels_atlas" },
				"south": { "uv": [ 3.625, 9, 4.25, 9.125 ], "texture": "#voxels_atlas" },
				"west": { "uv": [ 6.5, 8, 6.625, 8.125 ], "texture": "#voxels_atlas" },
				"east": { "uv": [ 6.625, 9.375, 6.5, 9.5 ], "texture": "#voxels_atlas" }
			}
		},
		{
			"__comment": "Voxels",
			"from": [ 8, 7.5, -1.5 ],
			"to": [ 10, 8, -1 ],
			"faces": {
				"down": { "uv": [ 6.625, 14.625, 7.125, 14.75 ], "texture": "#voxels_atlas" },
				"up": { "uv": [ 6.625, 14.625, 7.125, 14.5 ], "texture": "#voxels_atlas" },
				"north": { "uv": [ 7.125, 14.375, 6.625, 14.5 ], "texture": "#voxels_atlas" },
				"south": { "uv": [ 6.625, 14.25, 7.125, 14.375 ], "texture": "#voxels_atlas" },
				"west": { "uv": [ 6.5, 9.5, 6.625, 9.625 ], "texture": "#voxels_atlas" },
				"east": { "uv": [ 6.625, 9.625, 6.5, 9.75 ], "texture": "#voxels_atlas" }
			}
		},
		{
			"__comment": "Voxels",
			"from": [ 8, 7.5, 16.5 ],
			"to": [ 10, 8, 17 ],
			"faces": {
				"down": { "uv": [ 6.625, 13.875, 7.125, 14 ], "texture": "#voxels_atlas" },
				"up": { "uv": [ 6.625, 13.875, 7.125, 13.75 ], "texture": "#voxels_atlas" },
				"north": { "uv": [ 7.125, 13.625, 6.625, 13.75 ], "texture": "#voxels_atlas" },
				"south": { "uv": [ 6.625, 13.5, 7.125, 13.625 ], "texture": "#voxels_atlas" },
				"west": { "uv": [ 6.5, 9.75, 6.625, 9.875 ], "texture": "#voxels_atlas" },
				"east": { "uv": [ 6.625, 10.125, 6.5, 10.25 ], "texture": "#voxels_atlas" }
			}
		},
		{
			"__comment": "Voxels",
			"from": [ 8.5, 6, 6.5 ],
			"to": [ 9.5, 7, 7 ],
			"faces": {
				"down": { "uv": [ 14.625, 15.625, 14.875, 15.75 ], "texture": "#voxels_atlas" },
				"up": { "uv": [ 14.875, 15.75, 15.125, 15.625 ], "texture": "#voxels_atlas" },
				"north": { "uv": [ 2, 10.625, 1.75, 10.875 ], "texture": "#voxels_atlas" },
				"south": { "uv": [ 1.75, 10.375, 2, 10.625 ], "texture": "#voxels_atlas" },
				"west": { "uv": [ 1.375, 11.5, 1.5, 11.75 ], "texture": "#voxels_atlas" },
				"east": { "uv": [ 1.5, 11.25, 1.375, 11.5 ], "texture": "#voxels_atlas" }
			}
		},
		{
			"__comment": "Voxels",
			"from": [ 8.5, 6, 7 ],
			"to": [ 10.5, 6.5, 7.5 ],
			"faces": {
				"down": { "uv": [ 6.625, 12.625, 7.125, 12.75 ], "texture": "#voxels_atlas" },
				"up": { "uv": [ 6.625, 12.625, 7.125, 12.5 ], "texture": "#voxels_atlas" },
				"north": { "uv": [ 7.125, 12.375, 6.625, 12.5 ], "texture": "#voxels_atlas" },
				"south": { "uv": [ 6.625, 12.25, 7.125, 12.375 ], "texture": "#voxels_atlas" },
				"west": { "uv": [ 6.5, 10.375, 6.625, 10.5 ], "texture": "#voxels_atlas" },
				"east": { "uv": [ 6.625, 10.5, 6.5, 10.625 ], "texture": "#voxels_atlas" }
			}
		},
		{
			"__comment": "Voxels",
			"from": [ 8.5, 6, 8 ],
			"to": [ 10.5, 6.5, 8.5 ],
			"faces": {
				"down": { "uv": [ 6.625, 11.875, 7.125, 12 ], "texture": "#voxels_atlas" },
				"up": { "uv": [ 6.625, 11.875, 7.125, 11.75 ], "texture": "#voxels_atlas" },
				"north": { "uv": [ 7.125, 11.625, 6.625, 11.75 ], "texture": "#voxels_atlas" },
				"south": { "uv": [ 6.625, 11.5, 7.125, 11.625 ], "texture": "#voxels_atlas" },
				"west": { "uv": [ 6.5, 11.125, 6.625, 11.25 ], "texture": "#voxels_atlas" },
				"east": { "uv": [ 3.625, 8.125, 3.5, 8.25 ], "texture": "#voxels_atlas" }
			}
		},
		{
			"__comment": "Voxels",
			"from": [ 8.5, 6.5, -1 ],
			"to": [ 10.5, 7, -0.5 ],
			"faces": {
				"down": { "uv": [ 6.625, 11, 7.125, 11.125 ], "texture": "#voxels_atlas" },
				"up": { "uv": [ 5.5, 10.125, 6, 10 ], "texture": "#voxels_atlas" },
				"north": { "uv": [ 6, 9.875, 5.5, 10 ], "texture": "#voxels_atlas" },
				"south": { "uv": [ 5.5, 9.75, 6, 9.875 ], "texture": "#voxels_atlas" },
				"west": { "uv": [ 5.875, 10.875, 6, 11 ], "texture": "#voxels_atlas" },
				"east": { "uv": [ 2.875, 8.125, 2.75, 8.25 ], "texture": "#voxels_atlas" }
			}
		},
		{
			"__comment": "Voxels",
			"from": [ 8.5, 6.5, 8.5 ],
			"to": [ 12.5, 7, 9 ],
			"faces": {
				"down": { "uv": [ 2, 11.25, 3, 11.375 ], "texture": "#voxels_atlas" },
				"up": { "uv": [ 5, 12.25, 6, 12.125 ], "texture": "#voxels_atlas" },
				"north": { "uv": [ 4.75, 12, 3.75, 12.125 ], "texture": "#voxels_atlas" },
				"south": { "uv": [ 4.75, 12, 5.75, 12.125 ], "texture": "#voxels_atlas" },
				"west": { "uv": [ 12.125, 15.5, 12.25, 15.625 ], "texture": "#voxels_atlas" },
				"east": { "uv": [ 12.125, 15.5, 12, 15.625 ], "texture": "#voxels_atlas" }
			}
		},
		{
			"__comment": "Voxels",
			"from": [ 8.5, 6.5, 16 ],
			"to": [ 10.5, 7, 16.5 ],
			"faces": {
				"down": { "uv": [ 5.5, 9.25, 6, 9.375 ], "texture": "#voxels_atlas" },
				"up": { "uv": [ 5.5, 9.25, 6, 9.125 ], "texture": "#voxels_atlas" },
				"north": { "uv": [ 6, 9, 5.5, 9.125 ], "texture": "#voxels_atlas" },
				"south": { "uv": [ 5.5, 8.875, 6, 9 ], "texture": "#voxels_atlas" },
				"west": { "uv": [ 8.125, 8.5, 8.25, 8.625 ], "texture": "#voxels_atlas" },
				"east": { "uv": [ 8.375, 9.75, 8.25, 9.875 ], "texture": "#voxels_atlas" }
			}
		},
		{
			"__comment": "Voxels",
			"from": [ 8.5, 7, -0.5 ],
			"to": [ 11, 7.5, 0 ],
			"faces": {
				"down": { "uv": [ 4.875, 9, 5.5, 9.125 ], "texture": "#voxels_atlas" },
				"up": { "uv": [ 4.875, 9.25, 5.5, 9.125 ], "texture": "#voxels_atlas" },
				"north": { "uv": [ 4.875, 8.875, 4.25, 9 ], "texture": "#voxels_atlas" },
				"south": { "uv": [ 4.25, 8.625, 4.875, 8.75 ], "texture": "#voxels_atlas" },
				"west": { "uv": [ 8, 12.25, 8.125, 12.375 ], "texture": "#voxels_atlas" },
				"east": { "uv": [ 8.125, 12.375, 8, 12.5 ], "texture": "#voxels_atlas" }
			}
		},
		{
			"__comment": "Voxels",
			"from": [ 8.5, 7, 15.5 ],
			"to": [ 11, 7.5, 16 ],
			"faces": {
				"down": { "uv": [ 2.875, 9.75, 3.5, 9.875 ], "texture": "#voxels_atlas" },
				"up": { "uv": [ 2.875, 9.75, 3.5, 9.625 ], "texture": "#voxels_atlas" },
				"north": { "uv": [ 5.5, 10.25, 4.875, 10.375 ], "texture": "#voxels_atlas" },
				"south": { "uv": [ 3.625, 9.875, 4.25, 10 ], "texture": "#voxels_atlas" },
				"west": { "uv": [ 8, 13, 8.125, 13.125 ], "texture": "#voxels_atlas" },
				"east": { "uv": [ 6.625, 11.875, 6.5, 12 ], "texture": "#voxels_atlas" }
			}
		},
		{
			"__comment": "Voxels",
			"from": [ 8.5, 7.5, -1 ],
			"to": [ 10.5, 8, -0.5 ],
			"faces": {
				"down": { "uv": [ 5.5, 8, 6, 8.125 ], "texture": "#voxels_atlas" },
				"up": { "uv": [ 6, 15.625, 6.5, 15.5 ], "texture": "#voxels_atlas" },
				"north": { "uv": [ 7.125, 13.125, 6.625, 13.25 ], "texture": "#voxels_atlas" },
				"south": { "uv": [ 6.625, 13, 7.125, 13.125 ], "texture": "#voxels_atlas" },
				"west": { "uv": [ 6.5, 12, 6.625, 12.125 ], "texture": "#voxels_atlas" },
				"east": { "uv": [ 3.625, 8, 3.5, 8.125 ], "texture": "#voxels_atlas" }
			}
		},
		{
			"__comment": "Voxels",
			"from": [ 8.5, 7.5, 6.5 ],
			"to": [ 12.5, 8, 7 ],
			"faces": {
				"down": { "uv": [ 5, 11.5, 6, 11.625 ], "texture": "#voxels_atlas" },
				"up": { "uv": [ 4.5, 12, 5.5, 11.875 ], "texture": "#voxels_atlas" },
				"north": { "uv": [ 4.5, 11.875, 3.5, 12 ], "texture": "#voxels_atlas" },
				"south": { "uv": [ 1.5, 11.75, 2.5, 11.875 ], "texture": "#voxels_atlas" },
				"west": { "uv": [ 6.5, 11.25, 6.625, 11.375 ], "texture": "#voxels_atlas" },
				"east": { "uv": [ 8.125, 13.125, 8, 13.25 ], "texture": "#voxels_atlas" }
			}
		},
		{
			"__comment": "Voxels",
			"from": [ 8.5, 7.5, 8.5 ],
			"to": [ 12.5, 8, 9 ],
			"faces": {
				"down": { "uv": [ 4, 11.5, 5, 11.625 ], "texture": "#voxels_atlas" },
				"up": { "uv": [ 2.5, 12, 3.5, 11.875 ], "texture": "#voxels_atlas" },
				"north": { "uv": [ 2.5, 11.875, 1.5, 12 ], "texture": "#voxels_atlas" },
				"south": { "uv": [ 2, 11.5, 3, 11.625 ], "texture": "#voxels_atlas" },
				"west": { "uv": [ 8.125, 9.625, 8.25, 9.75 ], "texture": "#voxels_atlas" },
				"east": { "uv": [ 8.375, 8.625, 8.25, 8.75 ], "texture": "#voxels_atlas" }
			}
		},
		{
			"__comment": "Voxels",
			"from": [ 8.5, 7.5, 16 ],
			"to": [ 10.5, 8, 16.5 ],
			"faces": {
				"down": { "uv": [ 5.5, 8.375, 6, 8.5 ], "texture": "#voxels_atlas" },
				"up": { "uv": [ 5.5, 9.5, 6, 9.375 ], "texture": "#voxels_atlas" },
				"north": { "uv": [ 6, 9.5, 5.5, 9.625 ], "texture": "#voxels_atlas" },
				"south": { "uv": [ 5.5, 9.625, 6, 9.75 ], "texture": "#voxels_atlas" },
				"west": { "uv": [ 2.75, 8, 2.875, 8.125 ], "texture": "#voxels_atlas" },
				"east": { "uv": [ 6, 11, 5.875, 11.125 ], "texture": "#voxels_atlas" }
			}
		},
		{
			"__comment": "Voxels",
			"from": [ 8.5, 8, 6.5 ],
			"to": [ 9.5, 8.5, 7.5 ],
			"faces": {
				"down": { "uv": [ 0.375, 8.125, 0.625, 8.375 ], "texture": "#voxels_atlas" },
				"up": { "uv": [ 6.625, 11.375, 6.875, 11.125 ], "texture": "#voxels_atlas" },
				"north": { "uv": [ 8.375, 15.5, 8.125, 15.625 ], "texture": "#voxels_atlas" },
				"south": { "uv": [ 8.125, 15.375, 8.375, 15.5 ], "texture": "#voxels_atlas" },
				"west": { "uv": [ 8.125, 15.25, 8.375, 15.375 ], "texture": "#voxels_atlas" },
				"east": { "uv": [ 8.375, 14.875, 8.125, 15 ], "texture": "#voxels_atlas" }
			}
		},
		{
			"__comment": "Voxels",
			"from": [ 8.5, 8, 8 ],
			"to": [ 10.5, 8.5, 8.5 ],
			"faces": {
				"down": { "uv": [ 6.625, 11.375, 7.125, 11.5 ], "texture": "#voxels_atlas" },
				"up": { "uv": [ 6.625, 12.125, 7.125, 12 ], "texture": "#voxels_atlas" },
				"north": { "uv": [ 7.125, 12.125, 6.625, 12.25 ], "texture": "#voxels_atlas" },
				"south": { "uv": [ 7.125, 13.75, 7.625, 13.875 ], "texture": "#voxels_atlas" },
				"west": { "uv": [ 6.5, 10, 6.625, 10.125 ], "texture": "#voxels_atlas" },
				"east": { "uv": [ 6.625, 9.875, 6.5, 10 ], "texture": "#voxels_atlas" }
			}
		},
		{
			"__comment": "Voxels",
			"from": [ 9, 6, 7.5 ],
			"to": [ 11.5, 6.5, 8 ],
			"faces": {
				"down": { "uv": [ 3.625, 8.5, 4.25, 8.625 ], "texture": "#voxels_atlas" },
				"up": { "uv": [ 4.25, 8.875, 4.875, 8.75 ], "texture": "#voxels_atlas" },
				"north": { "uv": [ 4.25, 8.75, 3.625, 8.875 ], "texture": "#voxels_atlas" },
				"south": { "uv": [ 3.625, 8.875, 4.25, 9 ], "texture": "#voxels_atlas" },
				"west": { "uv": [ 6.5, 9.25, 6.625, 9.375 ], "texture": "#voxels_atlas" },
				"east": { "uv": [ 6.625, 9.125, 6.5, 9.25 ], "texture": "#voxels_atlas" }
			}
		},
		{
			"__comment": "Voxels",
			"from": [ 9, 6, 8.5 ],
			"to": [ 9.5, 6.5, 9 ],
			"faces": {
				"down": { "uv": [ 6.5, 9, 6.625, 9.125 ], "texture": "#voxels_atlas" },
				"up": { "uv": [ 6.5, 9, 6.625, 8.875 ], "texture": "#voxels_atlas" },
				"north": { "uv": [ 6.625, 8.75, 6.5, 8.875 ], "texture": "#voxels_atlas" },
				"south": { "uv": [ 6.5, 8.625, 6.625, 8.75 ], "texture": "#voxels_atlas" },
				"west": { "uv": [ 6.5, 8.5, 6.625, 8.625 ], "texture": "#voxels_atlas" },
				"east": { "uv": [ 6.625, 8.375, 6.5, 8.5 ], "texture": "#voxels_atlas" }
			}
		},
		{
			"__comment": "Voxels",
			"from": [ 9, 6.5, -0.5 ],
			"to": [ 11, 7, 0 ],
			"faces": {
				"down": { "uv": [ 6.625, 14.875, 7.125, 15 ], "texture": "#voxels_atlas" },
				"up": { "uv": [ 6.625, 15.625, 7.125, 15.5 ], "texture": "#voxels_atlas" },
				"north": { "uv": [ 7.125, 15.625, 6.625, 15.75 ], "texture": "#voxels_atlas" },
				"south": { "uv": [ 6, 8.25, 6.5, 8.375 ], "texture": "#voxels_atlas" },
				"west": { "uv": [ 7.5, 9.625, 7.625, 9.75 ], "texture": "#voxels_atlas" },
				"east": { "uv": [ 7.625, 9.5, 7.5, 9.625 ], "texture": "#voxels_atlas" }
			}
		},
		{
			"__comment": "Voxels",
			"from": [ 9, 6.5, 15.5 ],
			"to": [ 11, 7, 16 ],
			"faces": {
				"down": { "uv": [ 6, 8.375, 6.5, 8.5 ], "texture": "#voxels_atlas" },
				"up": { "uv": [ 6, 9.125, 6.5, 9 ], "texture": "#voxels_atlas" },
				"north": { "uv": [ 6.5, 9.125, 6, 9.25 ], "texture": "#voxels_atlas" },
				"south": { "uv": [ 6, 9.75, 6.5, 9.875 ], "texture": "#voxels_atlas" },
				"west": { "uv": [ 7.5, 8.625, 7.625, 8.75 ], "texture": "#voxels_atlas" },
				"east": { "uv": [ 7.625, 8.5, 7.5, 8.625 ], "texture": "#voxels_atlas" }
			}
		},
		{
			"__comment": "Voxels",
			"from": [ 9, 7, 0 ],
			"to": [ 11.5, 7.5, 0.5 ],
			"faces": {
				"down": { "uv": [ 3.625, 9.75, 4.25, 9.875 ], "texture": "#voxels_atlas" },
				"up": { "uv": [ 4.875, 10, 5.5, 9.875 ], "texture": "#voxels_atlas" },
				"north": { "uv": [ 3.5, 9.125, 2.875, 9.25 ], "texture": "#voxels_atlas" },
				"south": { "uv": [ 2.875, 9, 3.5, 9.125 ], "texture": "#voxels_atlas" },
				"west": { "uv": [ 8, 14.125, 8.125, 14.25 ], "texture": "#voxels_atlas" },
				"east": { "uv": [ 8.125, 14, 8, 14.125 ], "texture": "#voxels_atlas" }
			}
		},
		{
			"__comment": "Voxels",
			"from": [ 9, 7, 5.5 ],
			"to": [ 12.5, 7.5, 6.5 ],
			"faces": {
				"down": { "uv": [ 0.625, 11.75, 1.5, 12 ], "texture": "#voxels_atlas" },
				"up": { "uv": [ 0.625, 12.25, 1.5, 12 ], "texture": "#voxels_atlas" },
				"north": { "uv": [ 2.875, 10.375, 2, 10.5 ], "texture": "#voxels_atlas" },
				"south": { "uv": [ 2, 10.875, 2.875, 11 ], "texture": "#voxels_atlas" },
				"west": { "uv": [ 8.125, 14.75, 8.375, 14.875 ], "texture": "#voxels_atlas" },
				"east": { "uv": [ 8.375, 14.625, 8.125, 14.75 ], "texture": "#voxels_atlas" }
			}
		},
		{
			"__comment": "Voxels",
			"from": [ 9, 7, 9 ],
			"to": [ 12.5, 7.5, 10 ],
			"faces": {
				"down": { "uv": [ 5.125, 14.25, 6, 14.5 ], "texture": "#voxels_atlas" },
				"up": { "uv": [ 5.125, 14.25, 6, 14 ], "texture": "#voxels_atlas" },
				"north": { "uv": [ 2.875, 10.625, 2, 10.75 ], "texture": "#voxels_atlas" },
				"south": { "uv": [ 2, 10.25, 2.875, 10.375 ], "texture": "#voxels_atlas" },
				"west": { "uv": [ 8.125, 14.5, 8.375, 14.625 ], "texture": "#voxels_atlas" },
				"east": { "uv": [ 8.375, 14.125, 8.125, 14.25 ], "texture": "#voxels_atlas" }
			}
		},
		{
			"__comment": "Voxels",
			"from": [ 9, 7, 15 ],
			"to": [ 11.5, 7.5, 15.5 ],
			"faces": {
				"down": { "uv": [ 4.25, 10, 4.875, 10.125 ], "texture": "#voxels_atlas" },
				"up": { "uv": [ 3.625, 8.125, 4.25, 8 ], "texture": "#voxels_atlas" },
				"north": { "uv": [ 4.875, 9.5, 4.25, 9.625 ], "texture": "#voxels_atlas" },
				"south": { "uv": [ 4.875, 8.125, 5.5, 8.25 ], "texture": "#voxels_atlas" },
				"west": { "uv": [ 8, 11.625, 8.125, 11.75 ], "texture": "#voxels_atlas" },
				"east": { "uv": [ 8.125, 11.5, 8, 11.625 ], "texture": "#voxels_atlas" }
			}
		},
		{
			"__comment": "Voxels",
			"from": [ 9, 7.5, -0.5 ],
			"to": [ 11, 8, 0 ],
			"faces": {
				"down": { "uv": [ 6, 12, 6.5, 12.125 ], "texture": "#voxels_atlas" },
				"up": { "uv": [ 6, 12.25, 6.5, 12.125 ], "texture": "#voxels_atlas" },
				"north": { "uv": [ 6.5, 12.25, 6, 12.375 ], "texture": "#voxels_atlas" },
				"south": { "uv": [ 6, 12.375, 6.5, 12.5 ], "texture": "#voxels_atlas" },
				"west": { "uv": [ 8, 10.875, 8.125, 11 ], "texture": "#voxels_atlas" },
				"east": { "uv": [ 8.125, 10.75, 8, 10.875 ], "texture": "#voxels_atlas" }
			}
		},
		{
			"__comment": "Voxels",
			"from": [ 9, 7.5, 15.5 ],
			"to": [ 11, 8, 16 ],
			"faces": {
				"down": { "uv": [ 6, 12.5, 6.5, 12.625 ], "texture": "#voxels_atlas" },
				"up": { "uv": [ 6, 12.75, 6.5, 12.625 ], "texture": "#voxels_atlas" },
				"north": { "uv": [ 6.5, 12.75, 6, 12.875 ], "texture": "#voxels_atlas" },
				"south": { "uv": [ 6, 12.875, 6.5, 13 ], "texture": "#voxels_atlas" },
				"west": { "uv": [ 8, 9.625, 8.125, 9.75 ], "texture": "#voxels_atlas" },
				"east": { "uv": [ 8.125, 9.5, 8, 9.625 ], "texture": "#voxels_atlas" }
			}
		},
		{
			"__comment": "Voxels",
			"from": [ 9, 8, 8.5 ],
			"to": [ 9.5, 8.5, 9 ],
			"faces": {
				"down": { "uv": [ 8, 9.375, 8.125, 9.5 ], "texture": "#voxels_atlas" },
				"up": { "uv": [ 8, 9.375, 8.125, 9.25 ], "texture": "#voxels_atlas" },
				"north": { "uv": [ 8.125, 9.125, 8, 9.25 ], "texture": "#voxels_atlas" },
				"south": { "uv": [ 8, 9, 8.125, 9.125 ], "texture": "#voxels_atlas" },
				"west": { "uv": [ 8, 8.875, 8.125, 9 ], "texture": "#voxels_atlas" },
				"east": { "uv": [ 8.125, 8.75, 8, 8.875 ], "texture": "#voxels_atlas" }
			}
		},
		{
			"__comment": "Voxels",
			"from": [ 9.5, 6.5, 0 ],
			"to": [ 11.5, 7, 0.5 ],
			"faces": {
				"down": { "uv": [ 6, 13, 6.5, 13.125 ], "texture": "#voxels_atlas" },
				"up": { "uv": [ 6, 13.75, 6.5, 13.625 ], "texture": "#voxels_atlas" },
				"north": { "uv": [ 6.5, 13.75, 6, 13.875 ], "texture": "#voxels_atlas" },
				"south": { "uv": [ 6, 14.375, 6.5, 14.5 ], "texture": "#voxels_atlas" },
				"west": { "uv": [ 8, 8.125, 8.125, 8.25 ], "texture": "#voxels_atlas" },
				"east": { "uv": [ 8.125, 8, 8, 8.125 ], "texture": "#voxels_atlas" }
			}
		},
		{
			"__comment": "Voxels",
			"from": [ 9.5, 6.5, 5.5 ],
			"to": [ 12, 7, 7 ],
			"faces": {
				"down": { "uv": [ 0, 11.875, 0.625, 12.25 ], "texture": "#voxels_atlas" },
				"up": { "uv": [ 0, 11.875, 0.625, 11.5 ], "texture": "#voxels_atlas" },
				"north": { "uv": [ 5.5, 8.875, 4.875, 9 ], "texture": "#voxels_atlas" },
				"south": { "uv": [ 4.25, 8.125, 4.875, 8.25 ], "texture": "#voxels_atlas" },
				"west": { "uv": [ 7.625, 13.5, 8, 13.625 ], "texture": "#voxels_atlas" },
				"east": { "uv": [ 7.5, 9.375, 7.125, 9.5 ], "texture": "#voxels_atlas" }
			}
		},
		{
			"__comment": "Voxels",
			"from": [ 9.5, 6.5, 9 ],
			"to": [ 12.5, 7, 9.5 ],
			"faces": {
				"down": { "uv": [ 5.125, 10.625, 5.875, 10.75 ], "texture": "#voxels_atlas" },
				"up": { "uv": [ 2, 8.5, 2.75, 8.375 ], "texture": "#voxels_atlas" },
				"north": { "uv": [ 2.75, 8.125, 2, 8.25 ], "texture": "#voxels_atlas" },
				"south": { "uv": [ 2.875, 10, 3.625, 10.125 ], "texture": "#voxels_atlas" },
				"west": { "uv": [ 8.25, 11.875, 8.375, 12 ], "texture": "#voxels_atlas" },
				"east": { "uv": [ 8.25, 11.75, 8.125, 11.875 ], "texture": "#voxels_atlas" }
			}
		},
		{
			"__comment": "Voxels",
			"from": [ 9.5, 6.5, 9.5 ],
			"to": [ 12, 7, 10 ],
			"faces": {
				"down": { "uv": [ 6, 15.75, 6.625, 15.875 ], "texture": "#voxels_atlas" },
				"up": { "uv": [ 2.875, 10, 3.5, 9.875 ], "texture": "#voxels_atlas" },
				"north": { "uv": [ 5.5, 8.375, 4.875, 8.5 ], "texture": "#voxels_atlas" },
				"south": { "uv": [ 4.25, 9, 4.875, 9.125 ], "texture": "#voxels_atlas" },
				"west": { "uv": [ 8.25, 11.5, 8.375, 11.625 ], "texture": "#voxels_atlas" },
				"east": { "uv": [ 8.25, 11.375, 8.125, 11.5 ], "texture": "#voxels_atlas" }
			}
		},
		{
			"__comment": "Voxels",
			"from": [ 9.5, 6.5, 15 ],
			"to": [ 11.5, 7, 15.5 ],
			"faces": {
				"down": { "uv": [ 5.5, 8.25, 6, 8.375 ], "texture": "#voxels_atlas" },
				"up": { "uv": [ 5.5, 8.625, 6, 8.5 ], "texture": "#voxels_atlas" },
				"north": { "uv": [ 6, 8.625, 5.5, 8.75 ], "texture": "#voxels_atlas" },
				"south": { "uv": [ 5.5, 8.75, 6, 8.875 ], "texture": "#voxels_atlas" },
				"west": { "uv": [ 8.25, 11, 8.375, 11.125 ], "texture": "#voxels_atlas" },
				"east": { "uv": [ 8.25, 10.875, 8.125, 11 ], "texture": "#voxels_atlas" }
			}
		},
		{
			"__comment": "Voxels",
			"from": [ 9.5, 7, 0.5 ],
			"to": [ 12, 7.5, 1.5 ],
			"faces": {
				"down": { "uv": [ 0, 9.625, 0.625, 9.875 ], "texture": "#voxels_atlas" },
				"up": { "uv": [ 0, 9.625, 0.625, 9.375 ], "texture": "#voxels_atlas" },
				"north": { "uv": [ 3.5, 9.5, 2.875, 9.625 ], "texture": "#voxels_atlas" },
				"south": { "uv": [ 4.875, 8.5, 5.5, 8.625 ], "texture": "#voxels_atlas" },
				"west": { "uv": [ 8.125, 14, 8.375, 14.125 ], "texture": "#voxels_atlas" },
				"east": { "uv": [ 8.375, 13.875, 8.125, 14 ], "texture": "#voxels_atlas" }
			}
		},
		{
			"__comment": "Voxels",
			"from": [ 9.5, 7, 5 ],
			"to": [ 12.5, 7.5, 5.5 ],
			"faces": {
				"down": { "uv": [ 5.125, 11, 5.875, 11.125 ], "texture": "#voxels_atlas" },
				"up": { "uv": [ 3.625, 11, 4.375, 10.875 ], "texture": "#voxels_atlas" },
				"north": { "uv": [ 5.125, 11, 4.375, 11.125 ], "texture": "#voxels_atlas" },
				"south": { "uv": [ 3.625, 11, 4.375, 11.125 ], "texture": "#voxels_atlas" },
				"west": { "uv": [ 8.25, 9.375, 8.375, 9.5 ], "texture": "#voxels_atlas" },
				"east": { "uv": [ 8.25, 9.25, 8.125, 9.375 ], "texture": "#voxels_atlas" }
			}
		},
		{
			"__comment": "Voxels",
			"from": [ 9.5, 7, 10 ],
			"to": [ 12.5, 7.5, 10.5 ],
			"faces": {
				"down": { "uv": [ 2.875, 11, 3.625, 11.125 ], "texture": "#voxels_atlas" },
				"up": { "uv": [ 2, 8.125, 2.75, 8 ], "texture": "#voxels_atlas" },
				"north": { "uv": [ 3.625, 10.5, 2.875, 10.625 ], "texture": "#voxels_atlas" },
				"south": { "uv": [ 4.375, 10.625, 5.125, 10.75 ], "texture": "#voxels_atlas" },
				"west": { "uv": [ 8.25, 9, 8.375, 9.125 ], "texture": "#voxels_atlas" },
				"east": { "uv": [ 8.25, 8.875, 8.125, 9 ], "texture": "#voxels_atlas" }
			}
		},
		{
			"__comment": "Voxels",
			"from": [ 9.5, 7, 14 ],
			"to": [ 12, 7.5, 15 ],
			"faces": {
				"down": { "uv": [ 0, 10.625, 0.625, 10.875 ], "texture": "#voxels_atlas" },
				"up": { "uv": [ 0, 10.625, 0.625, 10.375 ], "texture": "#voxels_atlas" },
				"north": { "uv": [ 4.875, 8.5, 4.25, 8.625 ], "texture": "#voxels_atlas" },
				"south": { "uv": [ 4.25, 8, 4.875, 8.125 ], "texture": "#voxels_atlas" },
				"west": { "uv": [ 8.125, 13.75, 8.375, 13.875 ], "texture": "#voxels_atlas" },
				"east": { "uv": [ 8.375, 13.625, 8.125, 13.75 ], "texture": "#voxels_atlas" }
			}
		},
		{
			"__comment": "Voxels",
			"from": [ 9.5, 7.5, 0 ],
			"to": [ 11.5, 8, 0.5 ],
			"faces": {
				"down": { "uv": [ 5.5, 10.125, 6, 10.25 ], "texture": "#voxels_atlas" },
				"up": { "uv": [ 5.5, 10.375, 6, 10.25 ], "texture": "#voxels_atlas" },
				"north": { "uv": [ 6, 11.125, 5.5, 11.25 ], "texture": "#voxels_atlas" },
				"south": { "uv": [ 1.5, 8, 2, 8.125 ], "texture": "#voxels_atlas" },
				"west": { "uv": [ 9.5, 15.5, 9.625, 15.625 ], "texture": "#voxels_atlas" },
				"east": { "uv": [ 9.75, 15.5, 9.625, 15.625 ], "texture": "#voxels_atlas" }
			}
		},
		{
			"__comment": "Voxels",
			"from": [ 9.5, 7.5, 5.5 ],
			"to": [ 12, 8, 6.5 ],
			"faces": {
				"down": { "uv": [ 0, 8.375, 0.625, 8.625 ], "texture": "#voxels_atlas" },
				"up": { "uv": [ 0, 10.125, 0.625, 9.875 ], "texture": "#voxels_atlas" },
				"north": { "uv": [ 5.5, 10.125, 4.875, 10.25 ], "texture": "#voxels_atlas" },
				"south": { "uv": [ 4.25, 10.125, 4.875, 10.25 ], "texture": "#voxels_atlas" },
				"west": { "uv": [ 8.125, 13.5, 8.375, 13.625 ], "texture": "#voxels_atlas" },
				"east": { "uv": [ 8.375, 13.375, 8.125, 13.5 ], "texture": "#voxels_atlas" }
			}
		},
		{
			"__comment": "Voxels",
			"from": [ 9.5, 7.5, 9 ],
			"to": [ 12.5, 8, 9.5 ],
			"faces": {
				"down": { "uv": [ 2.875, 10.75, 3.625, 10.875 ], "texture": "#voxels_atlas" },
				"up": { "uv": [ 5.125, 11, 5.875, 10.875 ], "texture": "#voxels_atlas" },
				"north": { "uv": [ 3.625, 10.875, 2.875, 11 ], "texture": "#voxels_atlas" },
				"south": { "uv": [ 4.375, 10.75, 5.125, 10.875 ], "texture": "#voxels_atlas" },
				"west": { "uv": [ 14, 15.5, 14.125, 15.625 ], "texture": "#voxels_atlas" },
				"east": { "uv": [ 14.25, 15.5, 14.125, 15.625 ], "texture": "#voxels_atlas" }
			}
		},
		{
			"__comment": "Voxels",
			"from": [ 9.5, 7.5, 9.5 ],
			"to": [ 12, 8, 10 ],
			"faces": {
				"down": { "uv": [ 2.875, 9.25, 3.5, 9.375 ], "texture": "#voxels_atlas" },
				"up": { "uv": [ 2.875, 9.5, 3.5, 9.375 ], "texture": "#voxels_atlas" },
				"north": { "uv": [ 6.625, 15.875, 6, 16 ], "texture": "#voxels_atlas" },
				"south": { "uv": [ 4.875, 8.25, 5.5, 8.375 ], "texture": "#voxels_atlas" },
				"west": { "uv": [ 8.375, 14.625, 8.5, 14.75 ], "texture": "#voxels_atlas" },
				"east": { "uv": [ 8.5, 14.5, 8.375, 14.625 ], "texture": "#voxels_atlas" }
			}
		},
		{
			"__comment": "Voxels",
			"from": [ 9.5, 7.5, 15 ],
			"to": [ 11.5, 8, 15.5 ],
			"faces": {
				"down": { "uv": [ 0.625, 8, 1.125, 8.125 ], "texture": "#voxels_atlas" },
				"up": { "uv": [ 5.5, 12.625, 6, 12.5 ], "texture": "#voxels_atlas" },
				"north": { "uv": [ 7.625, 10.75, 7.125, 10.875 ], "texture": "#voxels_atlas" },
				"south": { "uv": [ 7.125, 10.875, 7.625, 11 ], "texture": "#voxels_atlas" },
				"west": { "uv": [ 2.75, 8.375, 2.875, 8.5 ], "texture": "#voxels_atlas" },
				"east": { "uv": [ 2.875, 8.25, 2.75, 8.375 ], "texture": "#voxels_atlas" }
			}
		},
		{
			"__comment": "Voxels",
			"from": [ 9.5, 8, 7 ],
			"to": [ 10.5, 8.5, 7.5 ],
			"faces": {
				"down": { "uv": [ 8.125, 13.25, 8.375, 13.375 ], "texture": "#voxels_atlas" },
				"up": { "uv": [ 8.125, 13, 8.375, 12.875 ], "texture": "#voxels_atlas" },
				"north": { "uv": [ 8.375, 12.75, 8.125, 12.875 ], "texture": "#voxels_atlas" },
				"south": { "uv": [ 8.125, 12.625, 8.375, 12.75 ], "texture": "#voxels_atlas" },
				"west": { "uv": [ 5.875, 10.75, 6, 10.875 ], "texture": "#voxels_atlas" },
				"east": { "uv": [ 6, 10.625, 5.875, 10.75 ], "texture": "#voxels_atlas" }
			}
		},
		{
			"__comment": "Voxels",
			"from": [ 10, 6, 6.5 ],
			"to": [ 12, 6.5, 7 ],
			"faces": {
				"down": { "uv": [ 7.125, 12.25, 7.625, 12.375 ], "texture": "#voxels_atlas" },
				"up": { "uv": [ 7.125, 12.75, 7.625, 12.625 ], "texture": "#voxels_atlas" },
				"north": { "uv": [ 7.625, 13.125, 7.125, 13.25 ], "texture": "#voxels_atlas" },
				"south": { "uv": [ 7.125, 13.25, 7.625, 13.375 ], "texture": "#voxels_atlas" },
				"west": { "uv": [ 3.5, 9.625, 3.625, 9.75 ], "texture": "#voxels_atlas" },
				"east": { "uv": [ 3.625, 9.5, 3.5, 9.625 ], "texture": "#voxels_atlas" }
			}
		},
		{
			"__comment": "Voxels",
			"from": [ 10, 6, 8.5 ],
			"to": [ 12, 6.5, 9 ],
			"faces": {
				"down": { "uv": [ 7.125, 13.375, 7.625, 13.5 ], "texture": "#voxels_atlas" },
				"up": { "uv": [ 7.125, 13.625, 7.625, 13.5 ], "texture": "#voxels_atlas" },
				"north": { "uv": [ 7.625, 15, 7.125, 15.125 ], "texture": "#voxels_atlas" },
				"south": { "uv": [ 7.125, 15.375, 7.625, 15.5 ], "texture": "#voxels_atlas" },
				"west": { "uv": [ 3.5, 8.875, 3.625, 9 ], "texture": "#voxels_atlas" },
				"east": { "uv": [ 3.625, 8.75, 3.5, 8.875 ], "texture": "#voxels_atlas" }
			}
		},
		{
			"__comment": "Voxels",
			"from": [ 10, 6.5, 0.5 ],
			"to": [ 11.5, 7, 1.5 ],
			"faces": {
				"down": { "uv": [ 0.25, 10.875, 0.625, 11.125 ], "texture": "#voxels_atlas" },
				"up": { "uv": [ 1.125, 9.625, 1.5, 9.375 ], "texture": "#voxels_atlas" },
				"north": { "uv": [ 8, 8.125, 7.625, 8.25 ], "texture": "#voxels_atlas" },
				"south": { "uv": [ 7.125, 9.75, 7.5, 9.875 ], "texture": "#voxels_atlas" },
				"west": { "uv": [ 8.125, 12.5, 8.375, 12.625 ], "texture": "#voxels_atlas" },
				"east": { "uv": [ 0.625, 8, 0.375, 8.125 ], "texture": "#voxels_atlas" }
			}
		},
		{
			"__comment": "Voxels",
			"from": [ 10, 6.5, 5 ],
			"to": [ 12, 7, 5.5 ],
			"faces": {
				"down": { "uv": [ 7.125, 15.625, 7.625, 15.75 ], "texture": "#voxels_atlas" },
				"up": { "uv": [ 6.625, 10.875, 7.125, 10.75 ], "texture": "#voxels_atlas" },
				"north": { "uv": [ 7.125, 10.875, 6.625, 11 ], "texture": "#voxels_atlas" },
				"south": { "uv": [ 6.625, 14, 7.125, 14.125 ], "texture": "#voxels_atlas" },
				"west": { "uv": [ 6.5, 15, 6.625, 15.125 ], "texture": "#voxels_atlas" },
				"east": { "uv": [ 6.625, 14.875, 6.5, 15 ], "texture": "#voxels_atlas" }
			}
		},
		{
			"__comment": "Voxels",
			"from": [ 10, 6.5, 10 ],
			"to": [ 12, 7, 10.5 ],
			"faces": {
				"down": { "uv": [ 6.625, 14.125, 7.125, 14.25 ], "texture": "#voxels_atlas" },
				"up": { "uv": [ 6.625, 14.875, 7.125, 14.75 ], "texture": "#voxels_atlas" },
				"north": { "uv": [ 7.125, 15, 6.625, 15.125 ], "texture": "#voxels_atlas" },
				"south": { "uv": [ 6.625, 15.125, 7.125, 15.25 ], "texture": "#voxels_atlas" },
				"west": { "uv": [ 6.5, 14.25, 6.625, 14.375 ], "texture": "#voxels_atlas" },
				"east": { "uv": [ 6.625, 14.125, 6.5, 14.25 ], "texture": "#voxels_atlas" }
			}
		},
		{
			"__comment": "Voxels",
			"from": [ 10, 6.5, 14 ],
			"to": [ 12, 7, 14.5 ],
			"faces": {
				"down": { "uv": [ 6.625, 15.25, 7.125, 15.375 ], "texture": "#voxels_atlas" },
				"up": { "uv": [ 6.625, 15.5, 7.125, 15.375 ], "texture": "#voxels_atlas" },
				"north": { "uv": [ 7.125, 15.75, 6.625, 15.875 ], "texture": "#voxels_atlas" },
				"south": { "uv": [ 6, 10.5, 6.5, 10.625 ], "texture": "#voxels_atlas" },
				"west": { "uv": [ 6.5, 13.5, 6.625, 13.625 ], "texture": "#voxels_atlas" },
				"east": { "uv": [ 6.625, 13.375, 6.5, 13.5 ], "texture": "#voxels_atlas" }
			}
		},
		{
			"__comment": "Voxels",
			"from": [ 10, 6.5, 14.5 ],
			"to": [ 11.5, 7, 15 ],
			"faces": {
				"down": { "uv": [ 7.625, 15, 8, 15.125 ], "texture": "#voxels_atlas" },
				"up": { "uv": [ 7.625, 14.125, 8, 14 ], "texture": "#voxels_atlas" },
				"north": { "uv": [ 8, 13.875, 7.625, 14 ], "texture": "#voxels_atlas" },
				"south": { "uv": [ 7.625, 13.75, 8, 13.875 ], "texture": "#voxels_atlas" },
				"west": { "uv": [ 6.5, 12.75, 6.625, 12.875 ], "texture": "#voxels_atlas" },
				"east": { "uv": [ 6.625, 12.625, 6.5, 12.75 ], "texture": "#voxels_atlas" }
			}
		},
		{
			"__comment": "Voxels",
			"from": [ 10, 7, 1.5 ],
			"to": [ 12.5, 7.5, 2.5 ],
			"faces": {
				"down": { "uv": [ 0, 8.875, 0.625, 9.125 ], "texture": "#voxels_atlas" },
				"up": { "uv": [ 0, 9.375, 0.625, 9.125 ], "texture": "#voxels_atlas" },
				"north": { "uv": [ 4.25, 10.125, 3.625, 10.25 ], "texture": "#voxels_atlas" },
				"south": { "uv": [ 4.25, 9.125, 4.875, 9.25 ], "texture": "#voxels_atlas" },
				"west": { "uv": [ 5.75, 12, 6, 12.125 ], "texture": "#voxels_atlas" },
				"east": { "uv": [ 2, 10.25, 1.75, 10.375 ], "texture": "#voxels_atlas" }
			}
		},
		{
			"__comment": "Voxels",
			"from": [ 10, 7, 4 ],
			"to": [ 13, 7.5, 5 ],
			"faces": {
				"down": { "uv": [ 0.625, 11.25, 1.375, 11.5 ], "texture": "#voxels_atlas" },
				"up": { "uv": [ 0.625, 11, 1.375, 10.75 ], "texture": "#voxels_atlas" },
				"north": { "uv": [ 2.75, 8.5, 2, 8.625 ], "texture": "#voxels_atlas" },
				"south": { "uv": [ 4.375, 10.375, 5.125, 10.5 ], "texture": "#voxels_atlas" },
				"west": { "uv": [ 6.875, 11.25, 7.125, 11.375 ], "texture": "#voxels_atlas" },
				"east": { "uv": [ 7.125, 11.125, 6.875, 11.25 ], "texture": "#voxels_atlas" }
			}
		},
		{
			"__comment": "Voxels",
			"from": [ 10, 7, 10.5 ],
			"to": [ 13, 7.5, 11.5 ],
			"faces": {
				"down": { "uv": [ 0.625, 11.5, 1.375, 11.75 ], "texture": "#voxels_atlas" },
				"up": { "uv": [ 0.625, 11.25, 1.375, 11 ], "texture": "#voxels_atlas" },
				"north": { "uv": [ 4.375, 10.375, 3.625, 10.5 ], "texture": "#voxels_atlas" },
				"south": { "uv": [ 2, 8.25, 2.75, 8.375 ], "texture": "#voxels_atlas" },
				"west": { "uv": [ 11.75, 15.75, 12, 15.875 ], "texture": "#voxels_atlas" },
				"east": { "uv": [ 12.25, 15.75, 12, 15.875 ], "texture": "#voxels_atlas" }
			}
		},
		{
			"__comment": "Voxels",
			"from": [ 10, 7, 13 ],
			"to": [ 12.5, 7.5, 14 ],
			"faces": {
				"down": { "uv": [ 0, 8.625, 0.625, 8.875 ], "texture": "#voxels_atlas" },
				"up": { "uv": [ 0, 10.375, 0.625, 10.125 ], "texture": "#voxels_atlas" },
				"north": { "uv": [ 4.875, 9.625, 4.25, 9.75 ], "texture": "#voxels_atlas" },
				"south": { "uv": [ 4.875, 9.625, 5.5, 9.75 ], "texture": "#voxels_atlas" },
				"west": { "uv": [ 13, 15.75, 13.25, 15.875 ], "texture": "#voxels_atlas" },
				"east": { "uv": [ 13.5, 15.75, 13.25, 15.875 ], "texture": "#voxels_atlas" }
			}
		},
		{
			"__comment": "Voxels",
			"from": [ 10, 7.5, 0.5 ],
			"to": [ 11.5, 8, 1.5 ],
			"faces": {
				"down": { "uv": [ 1.125, 9.125, 1.5, 9.375 ], "texture": "#voxels_atlas" },
				"up": { "uv": [ 1.125, 9.125, 1.5, 8.875 ], "texture": "#voxels_atlas" },
				"north": { "uv": [ 1.5, 8, 1.125, 8.125 ], "texture": "#voxels_atlas" },
				"south": { "uv": [ 7.125, 10.25, 7.5, 10.375 ], "texture": "#voxels_atlas" },
				"west": { "uv": [ 15.5, 15.75, 15.75, 15.875 ], "texture": "#voxels_atlas" },
				"east": { "uv": [ 16, 15.75, 15.75, 15.875 ], "texture": "#voxels_atlas" }
			}
		},
		{
			"__comment": "Voxels",
			"from": [ 10, 7.5, 5 ],
			"to": [ 12, 8, 5.5 ],
			"faces": {
				"down": { "uv": [ 6.625, 10.25, 7.125, 10.375 ], "texture": "#voxels_atlas" },
				"up": { "uv": [ 6.625, 10.25, 7.125, 10.125 ], "texture": "#voxels_atlas" },
				"north": { "uv": [ 7.125, 10, 6.625, 10.125 ], "texture": "#voxels_atlas" },
				"south": { "uv": [ 6.625, 9.875, 7.125, 10 ], "texture": "#voxels_atlas" },
				"west": { "uv": [ 6.5, 8.25, 6.625, 8.375 ], "texture": "#voxels_atlas" },
				"east": { "uv": [ 6.625, 8.125, 6.5, 8.25 ], "texture": "#voxels_atlas" }
			}
		},
		{
			"__comment": "Voxels",
			"from": [ 10, 7.5, 10 ],
			"to": [ 12, 8, 10.5 ],
			"faces": {
				"down": { "uv": [ 6.625, 9.75, 7.125, 9.875 ], "texture": "#voxels_atlas" },
				"up": { "uv": [ 6.625, 9.75, 7.125, 9.625 ], "texture": "#voxels_atlas" },
				"north": { "uv": [ 7.125, 9.5, 6.625, 9.625 ], "texture": "#voxels_atlas" },
				"south": { "uv": [ 6.625, 9.375, 7.125, 9.5 ], "texture": "#voxels_atlas" },
				"west": { "uv": [ 7.5, 9.875, 7.625, 10 ], "texture": "#voxels_atlas" },
				"east": { "uv": [ 7.625, 9.75, 7.5, 9.875 ], "texture": "#voxels_atlas" }
			}
		},
		{
			"__comment": "Voxels",
			"from": [ 10, 7.5, 14 ],
			"to": [ 12, 8, 14.5 ],
			"faces": {
				"down": { "uv": [ 6.625, 9.25, 7.125, 9.375 ], "texture": "#voxels_atlas" },
				"up": { "uv": [ 6.625, 9.25, 7.125, 9.125 ], "texture": "#voxels_atlas" },
				"north": { "uv": [ 7.125, 9, 6.625, 9.125 ], "texture": "#voxels_atlas" },
				"south": { "uv": [ 6.625, 8.875, 7.125, 9 ], "texture": "#voxels_atlas" },
				"west": { "uv": [ 7.5, 9.125, 7.625, 9.25 ], "texture": "#voxels_atlas" },
				"east": { "uv": [ 7.625, 9, 7.5, 9.125 ], "texture": "#voxels_atlas" }
			}
		},
		{
			"__comment": "Voxels",
			"from": [ 10, 7.5, 14.5 ],
			"to": [ 11.5, 8, 15 ],
			"faces": {
				"down": { "uv": [ 7.125, 8.625, 7.5, 8.75 ], "texture": "#voxels_atlas" },
				"up": { "uv": [ 7.125, 8.625, 7.5, 8.5 ], "texture": "#voxels_atlas" },
				"north": { "uv": [ 7.5, 8.375, 7.125, 8.5 ], "texture": "#voxels_atlas" },
				"south": { "uv": [ 7.125, 8.25, 7.5, 8.375 ], "texture": "#voxels_atlas" },
				"west": { "uv": [ 7.5, 8.375, 7.625, 8.5 ], "texture": "#voxels_atlas" },
				"east": { "uv": [ 7.625, 8.25, 7.5, 8.375 ], "texture": "#voxels_atlas" }
			}
		},
		{
			"__comment": "Voxels",
			"from": [ 10, 8, 6.5 ],
			"to": [ 12, 8.5, 7 ],
			"faces": {
				"down": { "uv": [ 6.625, 8.75, 7.125, 8.875 ], "texture": "#voxels_atlas" },
				"up": { "uv": [ 6.625, 8.75, 7.125, 8.625 ], "texture": "#voxels_atlas" },
				"north": { "uv": [ 7.125, 8.5, 6.625, 8.625 ], "texture": "#voxels_atlas" },
				"south": { "uv": [ 6.625, 8.375, 7.125, 8.5 ], "texture": "#voxels_atlas" },
				"west": { "uv": [ 8, 14.375, 8.125, 14.5 ], "texture": "#voxels_atlas" },
				"east": { "uv": [ 8.125, 14.25, 8, 14.375 ], "texture": "#voxels_atlas" }
			}
		},
		{
			"__comment": "Voxels",
			"from": [ 10, 8, 8.5 ],
			"to": [ 12, 8.5, 9 ],
			"faces": {
				"down": { "uv": [ 6.625, 8.25, 7.125, 8.375 ], "texture": "#voxels_atlas" },
				"up": { "uv": [ 6.625, 8.25, 7.125, 8.125 ], "texture": "#voxels_atlas" },
				"north": { "uv": [ 7.125, 8, 6.625, 8.125 ], "texture": "#voxels_atlas" },
				"south": { "uv": [ 7.125, 15.875, 7.625, 16 ], "texture": "#voxels_atlas" },
				"west": { "uv": [ 8, 13.625, 8.125, 13.75 ], "texture": "#voxels_atlas" },
				"east": { "uv": [ 8.125, 13.5, 8, 13.625 ], "texture": "#voxels_atlas" }
			}
		},
		{
			"__comment": "Voxels",
			"from": [ 10.5, 6.5, 1.5 ],
			"to": [ 12, 7, 2.5 ],
			"faces": {
				"down": { "uv": [ 1.125, 8.625, 1.5, 8.875 ], "texture": "#voxels_atlas" },
				"up": { "uv": [ 1.125, 8.625, 1.5, 8.375 ], "texture": "#voxels_atlas" },
				"north": { "uv": [ 8, 14.875, 7.625, 15 ], "texture": "#voxels_atlas" },
				"south": { "uv": [ 7.625, 14.75, 8, 14.875 ], "texture": "#voxels_atlas" },
				"west": { "uv": [ 15.125, 15.625, 15.375, 15.75 ], "texture": "#voxels_atlas" },
				"east": { "uv": [ 15.625, 15.625, 15.375, 15.75 ], "texture": "#voxels_atlas" }
			}
		},
		{
			"__comment": "Voxels",
			"from": [ 10.5, 6.5, 4 ],
			"to": [ 12.5, 7, 5 ],
			"faces": {
				"down": { "uv": [ 0.625, 9.375, 1.125, 9.625 ], "texture": "#voxels_atlas" },
				"up": { "uv": [ 0.625, 9.375, 1.125, 9.125 ], "texture": "#voxels_atlas" },
				"north": { "uv": [ 7.625, 15.25, 7.125, 15.375 ], "texture": "#voxels_atlas" },
				"south": { "uv": [ 7.125, 15.125, 7.625, 15.25 ], "texture": "#voxels_atlas" },
				"west": { "uv": [ 8.125, 15.125, 8.375, 15.25 ], "texture": "#voxels_atlas" },
				"east": { "uv": [ 8.375, 15, 8.125, 15.125 ], "texture": "#voxels_atlas" }
			}
		},
		{
			"__comment": "Voxels",
			"from": [ 10.5, 6.5, 10.5 ],
			"to": [ 12.5, 7, 11.5 ],
			"faces": {
				"down": { "uv": [ 0.625, 8.875, 1.125, 9.125 ], "texture": "#voxels_atlas" },
				"up": { "uv": [ 0.625, 8.875, 1.125, 8.625 ], "texture": "#voxels_atlas" },
				"north": { "uv": [ 7.625, 14.75, 7.125, 14.875 ], "texture": "#voxels_atlas" },
				"south": { "uv": [ 7.125, 14.625, 7.625, 14.75 ], "texture": "#voxels_atlas" },
				"west": { "uv": [ 8.125, 14.375, 8.375, 14.5 ], "texture": "#voxels_atlas" },
				"east": { "uv": [ 8.375, 14.25, 8.125, 14.375 ], "texture": "#voxels_atlas" }
			}
		},
		{
			"__comment": "Voxels",
			"from": [ 10.5, 6.5, 13 ],
			"to": [ 12.5, 7, 13.5 ],
			"faces": {
				"down": { "uv": [ 7.125, 14.5, 7.625, 14.625 ], "texture": "#voxels_atlas" },
				"up": { "uv": [ 7.125, 14.5, 7.625, 14.375 ], "texture": "#voxels_atlas" },
				"north": { "uv": [ 7.625, 14.25, 7.125, 14.375 ], "texture": "#voxels_atlas" },
				"south": { "uv": [ 7.125, 14.125, 7.625, 14.25 ], "texture": "#voxels_atlas" },
				"west": { "uv": [ 8, 10.625, 8.125, 10.75 ], "texture": "#voxels_atlas" },
				"east": { "uv": [ 8.125, 10.5, 8, 10.625 ], "texture": "#voxels_atlas" }
			}
		},
		{
			"__comment": "Voxels",
			"from": [ 10.5, 6.5, 13.5 ],
			"to": [ 12, 7, 14 ],
			"faces": {
				"down": { "uv": [ 7.625, 13.375, 8, 13.5 ], "texture": "#voxels_atlas" },
				"up": { "uv": [ 7.625, 13.375, 8, 13.25 ], "texture": "#voxels_atlas" },
				"north": { "uv": [ 8, 13.125, 7.625, 13.25 ], "texture": "#voxels_atlas" },
				"south": { "uv": [ 7.625, 13, 8, 13.125 ], "texture": "#voxels_atlas" },
				"west": { "uv": [ 8, 9.875, 8.125, 10 ], "texture": "#voxels_atlas" },
				"east": { "uv": [ 8.125, 9.75, 8, 9.875 ], "texture": "#voxels_atlas" }
			}
		},
		{
			"__comment": "Voxels",
			"from": [ 10.5, 7, 2.5 ],
			"to": [ 13, 7.5, 4 ],
			"faces": {
				"down": { "uv": [ 5.25, 12.75, 5.875, 13.125 ], "texture": "#voxels_atlas" },
				"up": { "uv": [ 4.625, 13.125, 5.25, 12.75 ], "texture": "#voxels_atlas" },
				"north": { "uv": [ 4.25, 8.375, 3.625, 8.5 ], "texture": "#voxels_atlas" },
				"south": { "uv": [ 6, 15.625, 6.625, 15.75 ], "texture": "#voxels_atlas" },
				"west": { "uv": [ 7.625, 12.375, 8, 12.5 ], "texture": "#voxels_atlas" },
				"east": { "uv": [ 8, 12.25, 7.625, 12.375 ], "texture": "#voxels_atlas" }
			}
		},
		{
			"__comment": "Voxels",
			"from": [ 10.5, 7, 11.5 ],
			"to": [ 13, 7.5, 13 ],
			"faces": {
				"down": { "uv": [ 5.125, 14.5, 5.75, 14.875 ], "texture": "#voxels_atlas" },
				"up": { "uv": [ 5.125, 15.25, 5.75, 14.875 ], "texture": "#voxels_atlas" },
				"north": { "uv": [ 4.875, 8.375, 4.25, 8.5 ], "texture": "#voxels_atlas" },
				"south": { "uv": [ 4.25, 8.25, 4.875, 8.375 ], "texture": "#voxels_atlas" },
				"west": { "uv": [ 7.625, 11.875, 8, 12 ], "texture": "#voxels_atlas" },
				"east": { "uv": [ 8, 11.75, 7.625, 11.875 ], "texture": "#voxels_atlas" }
			}
		},
		{
			"__comment": "Voxels",
			"from": [ 10.5, 7.5, 1.5 ],
			"to": [ 12, 8, 2.5 ],
			"faces": {
				"down": { "uv": [ 1.125, 8.125, 1.5, 8.375 ], "texture": "#voxels_atlas" },
				"up": { "uv": [ 1.5, 11.125, 1.875, 10.875 ], "texture": "#voxels_atlas" },
				"north": { "uv": [ 8, 11.25, 7.625, 11.375 ], "texture": "#voxels_atlas" },
				"south": { "uv": [ 7.625, 11.125, 8, 11.25 ], "texture": "#voxels_atlas" },
				"west": { "uv": [ 13.5, 15.75, 13.75, 15.875 ], "texture": "#voxels_atlas" },
				"east": { "uv": [ 14, 15.75, 13.75, 15.875 ], "texture": "#voxels_atlas" }
			}
		},
		{
			"__comment": "Voxels",
			"from": [ 10.5, 7.5, 4 ],
			"to": [ 12.5, 8, 5 ],
			"faces": {
				"down": { "uv": [ 0.625, 8.375, 1.125, 8.625 ], "texture": "#voxels_atlas" },
				"up": { "uv": [ 0.625, 8.375, 1.125, 8.125 ], "texture": "#voxels_atlas" },
				"north": { "uv": [ 7.625, 12.5, 7.125, 12.625 ], "texture": "#voxels_atlas" },
				"south": { "uv": [ 7.125, 12.375, 7.625, 12.5 ], "texture": "#voxels_atlas" },
				"west": { "uv": [ 15, 15.75, 15.25, 15.875 ], "texture": "#voxels_atlas" },
				"east": { "uv": [ 15.5, 15.75, 15.25, 15.875 ], "texture": "#voxels_atlas" }
			}
		},
		{
			"__comment": "Voxels",
			"from": [ 10.5, 7.5, 10.5 ],
			"to": [ 12.5, 8, 11.5 ],
			"faces": {
				"down": { "uv": [ 1.5, 11.375, 2, 11.625 ], "texture": "#voxels_atlas" },
				"up": { "uv": [ 1.5, 11.375, 2, 11.125 ], "texture": "#voxels_atlas" },
				"north": { "uv": [ 7.625, 12, 7.125, 12.125 ], "texture": "#voxels_atlas" },
				"south": { "uv": [ 7.125, 11.875, 7.625, 12 ], "texture": "#voxels_atlas" },
				"west": { "uv": [ 8.625, 15.625, 8.875, 15.75 ], "texture": "#voxels_atlas" },
				"east": { "uv": [ 9.125, 15.625, 8.875, 15.75 ], "texture": "#voxels_atlas" }
			}
		},
		{
			"__comment": "Voxels",
			"from": [ 10.5, 7.5, 13 ],
			"to": [ 12.5, 8, 13.5 ],
			"faces": {
				"down": { "uv": [ 7.125, 11.75, 7.625, 11.875 ], "texture": "#voxels_atlas" },
				"up": { "uv": [ 7.125, 11.75, 7.625, 11.625 ], "texture": "#voxels_atlas" },
				"north": { "uv": [ 7.625, 11.5, 7.125, 11.625 ], "texture": "#voxels_atlas" },
				"south": { "uv": [ 7.125, 11.375, 7.625, 11.5 ], "texture": "#voxels_atlas" },
				"west": { "uv": [ 8.25, 11.25, 8.375, 11.375 ], "texture": "#voxels_atlas" },
				"east": { "uv": [ 8.25, 11.125, 8.125, 11.25 ], "texture": "#voxels_atlas" }
			}
		},
		{
			"__comment": "Voxels",
			"from": [ 10.5, 7.5, 13.5 ],
			"to": [ 12, 8, 14 ],
			"faces": {
				"down": { "uv": [ 7.625, 9.5, 8, 9.625 ], "texture": "#voxels_atlas" },
				"up": { "uv": [ 7.625, 9.5, 8, 9.375 ], "texture": "#voxels_atlas" },
				"north": { "uv": [ 8, 9.25, 7.625, 9.375 ], "texture": "#voxels_atlas" },
				"south": { "uv": [ 7.625, 9.125, 8, 9.25 ], "texture": "#voxels_atlas" },
				"west": { "uv": [ 8.25, 10.875, 8.375, 11 ], "texture": "#voxels_atlas" },
				"east": { "uv": [ 8.25, 10.75, 8.125, 10.875 ], "texture": "#voxels_atlas" }
			}
		},
		{
			"__comment": "Voxels",
			"from": [ 11, 6, 7 ],
			"to": [ 11.5, 6.5, 7.5 ],
			"faces": {
				"down": { "uv": [ 8.25, 10.75, 8.375, 10.875 ], "texture": "#voxels_atlas" },
				"up": { "uv": [ 8.125, 10.75, 8.25, 10.625 ], "texture": "#voxels_atlas" },
				"north": { "uv": [ 8.375, 10.625, 8.25, 10.75 ], "texture": "#voxels_atlas" },
				"south": { "uv": [ 8.125, 10.5, 8.25, 10.625 ], "texture": "#voxels_atlas" },
				"west": { "uv": [ 8.25, 10.5, 8.375, 10.625 ], "texture": "#voxels_atlas" },
				"east": { "uv": [ 8.25, 10.375, 8.125, 10.5 ], "texture": "#voxels_atlas" }
			}
		},
		{
			"__comment": "Voxels",
			"from": [ 11, 6, 8 ],
			"to": [ 11.5, 6.5, 8.5 ],
			"faces": {
				"down": { "uv": [ 8.25, 10.375, 8.375, 10.5 ], "texture": "#voxels_atlas" },
				"up": { "uv": [ 8.125, 10.375, 8.25, 10.25 ], "texture": "#voxels_atlas" },
				"north": { "uv": [ 8.375, 10.25, 8.25, 10.375 ], "texture": "#voxels_atlas" },
				"south": { "uv": [ 8.125, 10.125, 8.25, 10.25 ], "texture": "#voxels_atlas" },
				"west": { "uv": [ 8.25, 10.125, 8.375, 10.25 ], "texture": "#voxels_atlas" },
				"east": { "uv": [ 8.25, 10, 8.125, 10.125 ], "texture": "#voxels_atlas" }
			}
		},
		{
			"__comment": "Voxels",
			"from": [ 11, 6.5, 2.5 ],
			"to": [ 12.5, 7, 4 ],
			"faces": {
				"down": { "uv": [ 0.25, 11.125, 0.625, 11.5 ], "texture": "#voxels_atlas" },
				"up": { "uv": [ 0, 8.375, 0.375, 8 ], "texture": "#voxels_atlas" },
				"north": { "uv": [ 8, 8.75, 7.625, 8.875 ], "texture": "#voxels_atlas" },
				"south": { "uv": [ 7.625, 8.625, 8, 8.75 ], "texture": "#voxels_atlas" },
				"west": { "uv": [ 7.625, 8.5, 8, 8.625 ], "texture": "#voxels_atlas" },
				"east": { "uv": [ 8, 8.375, 7.625, 8.5 ], "texture": "#voxels_atlas" }
			}
		},
		{
			"__comment": "Voxels",
			"from": [ 11, 6.5, 11.5 ],
			"to": [ 12.5, 7, 13 ],
			"faces": {
				"down": { "uv": [ 0.625, 9.625, 1, 10 ], "texture": "#voxels_atlas" },
				"up": { "uv": [ 0.625, 10.375, 1, 10 ], "texture": "#voxels_atlas" },
				"north": { "uv": [ 8, 8, 7.625, 8.125 ], "texture": "#voxels_atlas" },
				"south": { "uv": [ 8, 15.875, 8.375, 16 ], "texture": "#voxels_atlas" },
				"west": { "uv": [ 8.375, 15.875, 8.75, 16 ], "texture": "#voxels_atlas" },
				"east": { "uv": [ 9.125, 15.875, 8.75, 16 ], "texture": "#voxels_atlas" }
			}
		},
		{
			"__comment": "Voxels",
			"from": [ 11, 7.5, 2.5 ],
			"to": [ 12.5, 8, 4 ],
			"faces": {
				"down": { "uv": [ 0.625, 10.375, 1, 10.75 ], "texture": "#voxels_atlas" },
				"up": { "uv": [ 1, 10, 1.375, 9.625 ], "texture": "#voxels_atlas" },
				"north": { "uv": [ 10.25, 15.875, 9.875, 16 ], "texture": "#voxels_atlas" },
				"south": { "uv": [ 10.25, 15.875, 10.625, 16 ], "texture": "#voxels_atlas" },
				"west": { "uv": [ 10.625, 15.875, 11, 16 ], "texture": "#voxels_atlas" },
				"east": { "uv": [ 11.375, 15.875, 11, 16 ], "texture": "#voxels_atlas" }
			}
		},
		{
			"__comment": "Voxels",
			"from": [ 11, 7.5, 11.5 ],
			"to": [ 12.5, 8, 13 ],
			"faces": {
				"down": { "uv": [ 1, 10.375, 1.375, 10.75 ], "texture": "#voxels_atlas" },
				"up": { "uv": [ 1, 10.375, 1.375, 10 ], "texture": "#voxels_atlas" },
				"north": { "uv": [ 12.5, 15.875, 12.125, 16 ], "texture": "#voxels_atlas" },
				"south": { "uv": [ 12.5, 15.875, 12.875, 16 ], "texture": "#voxels_atlas" },
				"west": { "uv": [ 12.875, 15.875, 13.25, 16 ], "texture": "#voxels_atlas" },
				"east": { "uv": [ 13.625, 15.875, 13.25, 16 ], "texture": "#voxels_atlas" }
			}
		},
		{
			"__comment": "Voxels",
			"from": [ 11, 8, 7 ],
			"to": [ 11.5, 8.5, 7.5 ],
			"faces": {
				"down": { "uv": [ 8.25, 8.5, 8.375, 8.625 ], "texture": "#voxels_atlas" },
				"up": { "uv": [ 8.125, 8.5, 8.25, 8.375 ], "texture": "#voxels_atlas" },
				"north": { "uv": [ 8.375, 8.375, 8.25, 8.5 ], "texture": "#voxels_atlas" },
				"south": { "uv": [ 8.125, 8.25, 8.25, 8.375 ], "texture": "#voxels_atlas" },
				"west": { "uv": [ 8.25, 8.25, 8.375, 8.375 ], "texture": "#voxels_atlas" },
				"east": { "uv": [ 8.25, 8.125, 8.125, 8.25 ], "texture": "#voxels_atlas" }
			}
		},
		{
			"__comment": "Voxels",
			"from": [ 11, 8, 8 ],
			"to": [ 11.5, 8.5, 8.5 ],
			"faces": {
				"down": { "uv": [ 8.25, 8.125, 8.375, 8.25 ], "texture": "#voxels_atlas" },
				"up": { "uv": [ 8.125, 8.125, 8.25, 8 ], "texture": "#voxels_atlas" },
				"north": { "uv": [ 8.375, 8, 8.25, 8.125 ], "texture": "#voxels_atlas" },
				"south": { "uv": [ 8.375, 15.5, 8.5, 15.625 ], "texture": "#voxels_atlas" },
				"west": { "uv": [ 8.5, 15.5, 8.625, 15.625 ], "texture": "#voxels_atlas" },
				"east": { "uv": [ 8.75, 15.5, 8.625, 15.625 ], "texture": "#voxels_atlas" }
			}
		},
		{
			"__comment": "Voxels",
			"from": [ 11.5, 6, 6 ],
			"to": [ 13, 6.5, 6.5 ],
			"faces": {
				"down": { "uv": [ 13.625, 15.875, 14, 16 ], "texture": "#voxels_atlas" },
				"up": { "uv": [ 14, 16, 14.375, 15.875 ], "texture": "#voxels_atlas" },
				"north": { "uv": [ 14.75, 15.875, 14.375, 16 ], "texture": "#voxels_atlas" },
				"south": { "uv": [ 14.75, 15.875, 15.125, 16 ], "texture": "#voxels_atlas" },
				"west": { "uv": [ 9.25, 15.5, 9.375, 15.625 ], "texture": "#voxels_atlas" },
				"east": { "uv": [ 9.5, 15.5, 9.375, 15.625 ], "texture": "#voxels_atlas" }
			}
		},
		{
			"__comment": "Voxels",
			"from": [ 11.5, 6, 9 ],
			"to": [ 13, 6.5, 9.5 ],
			"faces": {
				"down": { "uv": [ 15.125, 15.875, 15.5, 16 ], "texture": "#voxels_atlas" },
				"up": { "uv": [ 15.5, 16, 15.875, 15.875 ], "texture": "#voxels_atlas" },
				"north": { "uv": [ 8.375, 15.75, 8, 15.875 ], "texture": "#voxels_atlas" },
				"south": { "uv": [ 8.375, 15.75, 8.75, 15.875 ], "texture": "#voxels_atlas" },
				"west": { "uv": [ 10, 15.5, 10.125, 15.625 ], "texture": "#voxels_atlas" },
				"east": { "uv": [ 10.25, 15.5, 10.125, 15.625 ], "texture": "#voxels_atlas" }
			}
		},
		{
			"__comment": "Voxels",
			"from": [ 11.5, 6.5, 1 ],
			"to": [ 12, 7, 1.5 ],
			"faces": {
				"down": { "uv": [ 10.25, 15.5, 10.375, 15.625 ], "texture": "#voxels_atlas" },
				"up": { "uv": [ 10.375, 15.625, 10.5, 15.5 ], "texture": "#voxels_atlas" },
				"north": { "uv": [ 10.625, 15.5, 10.5, 15.625 ], "texture": "#voxels_atlas" },
				"south": { "uv": [ 10.625, 15.5, 10.75, 15.625 ], "texture": "#voxels_atlas" },
				"west": { "uv": [ 10.75, 15.5, 10.875, 15.625 ], "texture": "#voxels_atlas" },
				"east": { "uv": [ 11, 15.5, 10.875, 15.625 ], "texture": "#voxels_atlas" }
			}
		},
		{
			"__comment": "Voxels",
			"from": [ 11.5, 7.5, 1 ],
			"to": [ 12, 8, 1.5 ],
			"faces": {
				"down": { "uv": [ 11, 15.5, 11.125, 15.625 ], "texture": "#voxels_atlas" },
				"up": { "uv": [ 11.125, 15.625, 11.25, 15.5 ], "texture": "#voxels_atlas" },
				"north": { "uv": [ 11.375, 15.5, 11.25, 15.625 ], "texture": "#voxels_atlas" },
				"south": { "uv": [ 11.375, 15.5, 11.5, 15.625 ], "texture": "#voxels_atlas" },
				"west": { "uv": [ 11.5, 15.5, 11.625, 15.625 ], "texture": "#voxels_atlas" },
				"east": { "uv": [ 11.75, 15.5, 11.625, 15.625 ], "texture": "#voxels_atlas" }
			}
		},
		{
			"__comment": "Voxels",
			"from": [ 11.5, 8, 6 ],
			"to": [ 13, 8.5, 6.5 ],
			"faces": {
				"down": { "uv": [ 8.75, 15.75, 9.125, 15.875 ], "texture": "#voxels_atlas" },
				"up": { "uv": [ 9.125, 15.875, 9.5, 15.75 ], "texture": "#voxels_atlas" },
				"north": { "uv": [ 9.875, 15.75, 9.5, 15.875 ], "texture": "#voxels_atlas" },
				"south": { "uv": [ 9.875, 15.75, 10.25, 15.875 ], "texture": "#voxels_atlas" },
				"west": { "uv": [ 12.25, 15.5, 12.375, 15.625 ], "texture": "#voxels_atlas" },
				"east": { "uv": [ 12.5, 15.5, 12.375, 15.625 ], "texture": "#voxels_atlas" }
			}
		},
		{
			"__comment": "Voxels",
			"from": [ 11.5, 8, 9 ],
			"to": [ 13, 8.5, 9.5 ],
			"faces": {
				"down": { "uv": [ 10.25, 15.75, 10.625, 15.875 ], "texture": "#voxels_atlas" },
				"up": { "uv": [ 10.625, 15.875, 11, 15.75 ], "texture": "#voxels_atlas" },
				"north": { "uv": [ 11.375, 15.75, 11, 15.875 ], "texture": "#voxels_atlas" },
				"south": { "uv": [ 11.375, 15.75, 11.75, 15.875 ], "texture": "#voxels_atlas" },
				"west": { "uv": [ 13, 15.5, 13.125, 15.625 ], "texture": "#voxels_atlas" },
				"east": { "uv": [ 13.25, 15.5, 13.125, 15.625 ], "texture": "#voxels_atlas" }
			}
		},
		{
			"__comment": "Voxels",
			"from": [ 12, 6.5, 2 ],
			"to": [ 12.5, 7, 2.5 ],
			"faces": {
				"down": { "uv": [ 13.25, 15.5, 13.375, 15.625 ], "texture": "#voxels_atlas" },
				"up": { "uv": [ 13.375, 15.625, 13.5, 15.5 ], "texture": "#voxels_atlas" },
				"north": { "uv": [ 13.625, 15.5, 13.5, 15.625 ], "texture": "#voxels_atlas" },
				"south": { "uv": [ 13.625, 15.5, 13.75, 15.625 ], "texture": "#voxels_atlas" },
				"west": { "uv": [ 13.75, 15.5, 13.875, 15.625 ], "texture": "#voxels_atlas" },
				"east": { "uv": [ 14, 15.5, 13.875, 15.625 ], "texture": "#voxels_atlas" }
			}
		},
		{
			"__comment": "Voxels",
			"from": [ 12, 6.5, 6 ],
			"to": [ 12.5, 7, 7 ],
			"faces": {
				"down": { "uv": [ 1.375, 11, 1.5, 11.25 ], "texture": "#voxels_atlas" },
				"up": { "uv": [ 1.375, 11, 1.5, 10.75 ], "texture": "#voxels_atlas" },
				"north": { "uv": [ 14.375, 15.5, 14.25, 15.625 ], "texture": "#voxels_atlas" },
				"south": { "uv": [ 14.375, 15.5, 14.5, 15.625 ], "texture": "#voxels_atlas" },
				"west": { "uv": [ 8.125, 13.125, 8.375, 13.25 ], "texture": "#voxels_atlas" },
				"east": { "uv": [ 8.375, 13, 8.125, 13.125 ], "texture": "#voxels_atlas" }
			}
		},
		{
			"__comment": "Voxels",
			"from": [ 12, 7.5, 2 ],
			"to": [ 12.5, 8, 2.5 ],
			"faces": {
				"down": { "uv": [ 14.75, 15.5, 14.875, 15.625 ], "texture": "#voxels_atlas" },
				"up": { "uv": [ 14.875, 15.625, 15, 15.5 ], "texture": "#voxels_atlas" },
				"north": { "uv": [ 15.125, 15.5, 15, 15.625 ], "texture": "#voxels_atlas" },
				"south": { "uv": [ 15.125, 15.5, 15.25, 15.625 ], "texture": "#voxels_atlas" },
				"west": { "uv": [ 15.25, 15.5, 15.375, 15.625 ], "texture": "#voxels_atlas" },
				"east": { "uv": [ 15.5, 15.5, 15.375, 15.625 ], "texture": "#voxels_atlas" }
			}
		},
		{
			"__comment": "Voxels",
			"from": [ 12, 7.5, 6 ],
			"to": [ 12.5, 8, 6.5 ],
			"faces": {
				"down": { "uv": [ 15.5, 15.5, 15.625, 15.625 ], "texture": "#voxels_atlas" },
				"up": { "uv": [ 15.625, 15.625, 15.75, 15.5 ], "texture": "#voxels_atlas" },
				"north": { "uv": [ 15.875, 15.5, 15.75, 15.625 ], "texture": "#voxels_atlas" },
				"south": { "uv": [ 15.875, 15.5, 16, 15.625 ], "texture": "#voxels_atlas" },
				"west": { "uv": [ 8.375, 15.375, 8.5, 15.5 ], "texture": "#voxels_atlas" },
				"east": { "uv": [ 8.5, 15.25, 8.375, 15.375 ], "texture": "#voxels_atlas" }
			}
		},
		{
			"__comment": "Voxels",
			"from": [ 12.5, 6.5, 7.5 ],
			"to": [ 13, 8, 8 ],
			"faces": {
				"down": { "uv": [ 8.375, 15.125, 8.5, 15.25 ], "texture": "#voxels_atlas" },
				"up": { "uv": [ 8.375, 15.125, 8.5, 15 ], "texture": "#voxels_atlas" },
				"north": { "uv": [ 8, 9.75, 7.875, 10.125 ], "texture": "#voxels_atlas" },
				"south": { "uv": [ 8, 15.375, 8.125, 15.75 ], "texture": "#voxels_atlas" },
				"west": { "uv": [ 8, 15, 8.125, 15.375 ], "texture": "#voxels_atlas" },
				"east": { "uv": [ 8.125, 14.625, 8, 15 ], "texture": "#voxels_atlas" }
			}
		},
		{
			"__comment": "Voxels",
			"from": [ 12.5, 7, 7 ],
			"to": [ 13, 7.5, 7.5 ],
			"faces": {
				"down": { "uv": [ 8.375, 14.375, 8.5, 14.5 ], "texture": "#voxels_atlas" },
				"up": { "uv": [ 8.375, 14.375, 8.5, 14.25 ], "texture": "#voxels_atlas" },
				"north": { "uv": [ 8.5, 14.125, 8.375, 14.25 ], "texture": "#voxels_atlas" },
				"south": { "uv": [ 8.375, 14, 8.5, 14.125 ], "texture": "#voxels_atlas" },
				"west": { "uv": [ 8.375, 13.875, 8.5, 14 ], "texture": "#voxels_atlas" },
				"east": { "uv": [ 8.5, 13.75, 8.375, 13.875 ], "texture": "#voxels_atlas" }
			}
		},
		{
			"__comment": "Voxels",
			"from": [ 12.5, 7, 8 ],
			"to": [ 13, 7.5, 8.5 ],
			"faces": {
				"down": { "uv": [ 8.375, 13.625, 8.5, 13.75 ], "texture": "#voxels_atlas" },
				"up": { "uv": [ 8.375, 13.625, 8.5, 13.5 ], "texture": "#voxels_atlas" },
				"north": { "uv": [ 8.5, 13.375, 8.375, 13.5 ], "texture": "#voxels_atlas" },
				"south": { "uv": [ 8.375, 13.25, 8.5, 13.375 ], "texture": "#voxels_atlas" },
				"west": { "uv": [ 8.375, 13.125, 8.5, 13.25 ], "texture": "#voxels_atlas" },
				"east": { "uv": [ 8.5, 13, 8.375, 13.125 ], "texture": "#voxels_atlas" }
			}
		},
		{
			"__comment": "Voxels",
			"from": [ 13, 7, 7.5 ],
			"to": [ 13.5, 7.5, 8 ],
			"faces": {
				"down": { "uv": [ 8.375, 12.875, 8.5, 13 ], "texture": "#voxels_atlas" },
				"up": { "uv": [ 8.375, 12.875, 8.5, 12.75 ], "texture": "#voxels_atlas" },
				"north": { "uv": [ 8.5, 12.625, 8.375, 12.75 ], "texture": "#voxels_atlas" },
				"south": { "uv": [ 8.375, 12.5, 8.5, 12.625 ], "texture": "#voxels_atlas" },
				"west": { "uv": [ 8.375, 12.375, 8.5, 12.5 ], "texture": "#voxels_atlas" },
				"east": { "uv": [ 8.5, 12.25, 8.375, 12.375 ], "texture": "#voxels_atlas" }
			}
		}
	],
	"display": {
		"thirdperson_righthand": {
			"rotation":  [ -169, 5, -88 ],
			"translation":  [ 0.0013, 7.6518, 2.7929 ],
			"scale":  [ 0.8, 0.8, 0.8 ]
		},
		"thirdperson_lefthand": {
			"rotation":  [ 11, 5, -88 ],
			"translation":  [ -1.391, 15.304, 5.5756 ],
			"scale":  [ 1.1043, 0.9, 0.6565 ]
		},
		"firstperson_righthand": {
			"rotation":  [ -31, -180, 92 ],
			"translation":  [ 1.3913, 8.3478, 0 ],
			"scale":  [ 0.6, 0.6, 0.6 ]
		},
		"firstperson_lefthand": {
			"rotation":  [ 155, 2, 92 ],
			"translation":  [ 1.3913, 8.3478, 0 ],
			"scale":  [ 0.6, 0.6, 0.6 ]
		},
		"gui": {
			"rotation":  [ 70, 66, 0 ],
			"translation":  [ 1.3913, 3.4779, 0 ],
			"scale":  [ 0.6, 0.6, 0.6 ]
		},
		"ground": {
			"rotation":  [ -27, -13, -74 ],
			"translation":  [ 0, -0.694, 0 ],
			"scale":  [ 0.8, 0.8, 0.8 ]
		},
		"fixed": {
			"rotation":  [ -89, -119, 0 ],
			"translation":  [ -3.478, 6.9565, -1 ],
			"scale":  [ 0.9, 0.9, 0.726 ]
		}
	}
}