{
	"parent": "item/bucket",
	"texture_size": [32, 32],
	"textures": {
		"5": "block/anvil_bucket",
		"6": "block/puffer_fish_big1",
		"7": "block/water",
		"8": "block/stripped_spruce_log",
		"particle": "block/iron_block"
	},
	"elements": [
		{
			"name": "front",
			"from": [5.5, 0.5, 4.5],
			"to": [10.5, 6.5, 5.5],
			"rotation": {"angle": 0, "axis": "y", "origin": [8, 5.25, 7.51903]},
			"faces": {
				"north": {"uv": [9, 3, 4, 9], "texture": "#5"},
				"east": {"uv": [4, 2, 3, 8], "texture": "#5"},
				"south": {"uv": [9, 3, 4, 9], "texture": "#5"},
				"west": {"uv": [4, 2, 3, 8], "texture": "#5"},
				"up": {"uv": [8, 2, 3, 3], "texture": "#5"},
				"down": {"uv": [8, 2, 3, 3], "texture": "#5"}
			}
		},
		{
			"name": "back",
			"from": [5.5, 0.5, 10.5],
			"to": [10.5, 6.5, 11.5],
			"rotation": {"angle": 0, "axis": "y", "origin": [8, 5.25, 7.51903]},
			"faces": {
				"north": {"uv": [5, 4, 10, 10], "texture": "#5"},
				"east": {"uv": [3, 2, 4, 8], "texture": "#5"},
				"south": {"uv": [3, 2, 8, 8], "texture": "#5"},
				"west": {"uv": [3, 2, 4, 8], "texture": "#5"},
				"up": {"uv": [8, 3, 3, 2], "texture": "#5"},
				"down": {"uv": [8, 3, 3, 2], "texture": "#5"}
			}
		},
		{
			"name": "side",
			"from": [10.5, 0.5, 5.5],
			"to": [11.5, 6.5, 10.5],
			"rotation": {"angle": 0, "axis": "y", "origin": [8, 5.25, 7.51903]},
			"faces": {
				"north": {"uv": [5, 4, 6, 10], "texture": "#5"},
				"east": {"uv": [3, 2, 8, 8], "texture": "#5"},
				"south": {"uv": [3, 2, 4, 8], "texture": "#5"},
				"west": {"uv": [3, 2, 8, 8], "texture": "#5"},
				"up": {"uv": [3, 2, 4, 7], "texture": "#5"},
				"down": {"uv": [3, 2, 4, 7], "texture": "#5"}
			}
		},
		{
			"name": "side",
			"from": [4.5, 0.5, 5.5],
			"to": [5.5, 6.5, 10.5],
			"rotation": {"angle": 0, "axis": "y", "origin": [8, 5.25, 7.51903]},
			"faces": {
				"north": {"uv": [6, 4, 5, 10], "texture": "#5"},
				"east": {"uv": [8, 2, 3, 8], "texture": "#5"},
				"south": {"uv": [4, 2, 3, 8], "texture": "#5"},
				"west": {"uv": [8, 2, 3, 8], "texture": "#5"},
				"up": {"uv": [4, 2, 3, 7], "texture": "#5"},
				"down": {"uv": [4, 2, 3, 7], "texture": "#5"}
			}
		},
		{
			"name": "bottom",
			"from": [5.5, 0.5, 5.53806],
			"to": [10.5, 1.5, 10.53806],
			"rotation": {"angle": 0, "axis": "y", "origin": [8, 5.25, 7.51903]},
			"faces": {
				"north": {"uv": [8, 2, 3, 3], "texture": "#5"},
				"east": {"uv": [8, 2, 3, 3], "texture": "#5"},
				"south": {"uv": [10, 4, 5, 5], "texture": "#5"},
				"west": {"uv": [8, 2, 3, 3], "texture": "#5"},
				"up": {"uv": [8, 2, 3, 7], "rotation": 180, "texture": "#5"},
				"down": {"uv": [8, 2, 3, 7], "rotation": 180, "texture": "#5"}
			}
		},
		{
			"name": "handleside",
			"from": [4.5, 6.5, 7.5],
			"to": [4.5, 10, 8.5],
			"rotation": {"angle": 0, "axis": "y", "origin": [8, 5.25, 7.51903]},
			"faces": {
				"north": {"uv": [5, 4, 5, 7.5], "texture": "#5"},
				"east": {"uv": [4, 2, 3, 5.5], "texture": "#5"},
				"south": {"uv": [3, 2, 3, 5.5], "texture": "#5"},
				"west": {"uv": [4, 2, 3, 5.5], "texture": "#5"},
				"up": {"uv": [3, 2, 3, 3], "texture": "#5"},
				"down": {"uv": [3, 2, 3, 3], "texture": "#5"}
			}
		},
		{
			"name": "handle",
			"from": [4.5, 9, 7.5],
			"to": [11.5, 10, 8.5],
			"rotation": {"angle": 0, "axis": "y", "origin": [8, 5.25, 7.51903]},
			"faces": {
				"north": {"uv": [12, 4, 5, 5], "texture": "#8"},
				"east": {"uv": [4, 2, 3, 3], "texture": "#8"},
				"south": {"uv": [10, 2, 3, 3], "texture": "#8"},
				"west": {"uv": [4, 2, 3, 3], "texture": "#8"},
				"up": {"uv": [10, 2, 3, 3], "texture": "#8"},
				"down": {"uv": [10, 2, 3, 3], "texture": "#8"}
			}
		},
		{
			"name": "handleside",
			"from": [11.5, 6.5, 7.5],
			"to": [11.5, 10, 8.5],
			"rotation": {"angle": 0, "axis": "y", "origin": [8, 5.25, 7.51903]},
			"faces": {
				"north": {"uv": [5, 4, 5, 7.5], "texture": "#5"},
				"east": {"uv": [3, 2, 4, 5.5], "texture": "#5"},
				"south": {"uv": [3, 2, 3, 5.5], "texture": "#5"},
				"west": {"uv": [3, 2, 4, 5.5], "texture": "#5"},
				"up": {"uv": [3, 2, 3, 3], "texture": "#5"},
				"down": {"uv": [3, 2, 3, 3], "texture": "#5"}
			}
		},
		{
			"from": [5.5, 1.5, 5.5],
			"to": [10.5, 5.5, 10.5],
			"faces": {
				"north": {"uv": [6.5, 6, 9, 8], "texture": "#7"},
				"east": {"uv": [6.5, 6, 9, 8], "texture": "#7"},
				"south": {"uv": [6.5, 6, 9, 8], "texture": "#7"},
				"west": {"uv": [6.5, 6, 9, 8], "texture": "#7"},
				"up": {"uv": [4, 1, 11, 9], "texture": "#7"},
				"down": {"uv": [6.5, 6, 9, 8.5], "texture": "#7"}
			}
		},
		{
			"name": "fin_right",
			"from": [9.64, 6.74, 6.31333],
			"to": [10.46, 7.15, 7.13333],
			"rotation": {"angle": 22.5, "axis": "x", "origin": [8, 5.92, 7.5]},
			"faces": {
				"north": {"uv": [13, 1, 14, 1.5], "texture": "#6"},
				"east": {"uv": [12, 1, 13, 1.5], "texture": "#6"},
				"south": {"uv": [15, 1, 16, 1.5], "texture": "#6"},
				"west": {"uv": [14, 1, 15, 1.5], "texture": "#6"},
				"up": {"uv": [14, 1, 13, 0], "texture": "#6"},
				"down": {"uv": [15, 0, 14, 1], "texture": "#6"}
			}
		},
		{
			"name": "fin_left",
			"from": [5.54, 6.74, 6.31333],
			"to": [6.36, 7.15, 7.13333],
			"rotation": {"angle": 22.5, "axis": "x", "origin": [8, 5.92, 7.5]},
			"faces": {
				"north": {"uv": [13, 2.5, 14, 3], "texture": "#6"},
				"east": {"uv": [12, 2.5, 13, 3], "texture": "#6"},
				"south": {"uv": [15, 2.5, 16, 3], "texture": "#6"},
				"west": {"uv": [14, 2.5, 15, 3], "texture": "#6"},
				"up": {"uv": [14, 2.5, 13, 1.5], "texture": "#6"},
				"down": {"uv": [15, 1.5, 14, 2.5], "texture": "#6"}
			}
		},
		{
			"name": "body",
			"from": [6.36, 4.28, 5.89923],
			"to": [9.64, 7.56, 9.17923],
			"rotation": {"angle": 22.5, "axis": "x", "origin": [8, 5.92, 7.5]},
			"faces": {
				"north": {"uv": [4, 4, 8, 8], "texture": "#6"},
				"east": {"uv": [0, 4, 4, 8], "texture": "#6"},
				"south": {"uv": [12, 4, 16, 8], "texture": "#6"},
				"west": {"uv": [8, 4, 12, 8], "texture": "#6"},
				"up": {"uv": [8, 4, 4, 0], "texture": "#6"},
				"down": {"uv": [12, 0, 8, 4], "texture": "#6"}
			}
		},
		{
			"name": "body",
			"from": [6.36, 7.56, 7.53923],
			"to": [9.64, 7.97, 7.94923],
			"rotation": {"angle": 22.5, "axis": "x", "origin": [8, 5.92, 7.5]},
			"faces": {
				"north": {"uv": [7.5, 8.5, 11.5, 9], "texture": "#6"},
				"east": {"uv": [7, 8.5, 7.5, 9], "texture": "#6"},
				"south": {"uv": [7.5, 8.5, 11.5, 9], "texture": "#6"},
				"west": {"uv": [11.5, 8.5, 12, 9], "texture": "#6"},
				"up": {"uv": [11.5, 8.5, 7.5, 8], "texture": "#6"},
				"down": {"uv": [15.5, 8, 11.5, 8.5], "texture": "#6"}
			}
		},
		{
			"name": "body",
			"from": [6.36, 3.87, 7.53923],
			"to": [9.64, 4.28, 7.53923],
			"rotation": {"angle": 22.5, "axis": "x", "origin": [8, 5.92, 7.5]},
			"faces": {
				"north": {"uv": [7.5, 10, 11.5, 10.5], "texture": "#6"},
				"east": {"uv": [7.5, 10, 7.5, 10.5], "texture": "#6"},
				"south": {"uv": [11.5, 10, 15.5, 10.5], "texture": "#6"},
				"west": {"uv": [11.5, 10, 11.5, 10.5], "texture": "#6"},
				"up": {"uv": [11.5, 10, 7.5, 10], "texture": "#6"},
				"down": {"uv": [15.5, 10, 11.5, 10], "texture": "#6"}
			}
		},
		{
			"name": "top_front_spikes",
			"from": [6.36, 8.06336, 6.57023],
			"to": [9.64, 8.47336, 6.57023],
			"rotation": {"angle": 0, "axis": "x", "origin": [8, 5.92, 8]},
			"faces": {
				"north": {"uv": [7.5, 8.5, 11.5, 9], "texture": "#6"},
				"east": {"uv": [7.5, 8.5, 7.5, 9], "texture": "#6"},
				"south": {"uv": [11.5, 8.5, 7.5, 9], "texture": "#6"},
				"west": {"uv": [11.5, 8.5, 11.5, 9], "texture": "#6"},
				"up": {"uv": [11.5, 8.5, 7.5, 8.5], "texture": "#6"},
				"down": {"uv": [7.5, 8.5, 11.5, 8.5], "texture": "#6"}
			}
		},
		{
			"name": "left_front_spikes",
			"from": [5.94664, 4.08866, 6.60829],
			"to": [6.35664, 7.36866, 6.60829],
			"rotation": {"angle": 22.5, "axis": "x", "origin": [8, 5.92, 8]},
			"faces": {
				"north": {"uv": [0.5, 8.5, 1, 12.5], "texture": "#6"},
				"east": {"uv": [0.5, 8.5, 0.5, 12.5], "texture": "#6"},
				"south": {"uv": [0.5, 8.5, 1, 12.5], "texture": "#6"},
				"west": {"uv": [1, 8.5, 1, 12.5], "texture": "#6"},
				"up": {"uv": [1, 8.5, 0.5, 8.5], "texture": "#6"},
				"down": {"uv": [1.5, 8.5, 1, 8.5], "texture": "#6"}
			}
		},
		{
			"name": "right_front_spikes",
			"from": [9.64, 4.08866, 5.93729],
			"to": [10.05, 7.36866, 5.93729],
			"rotation": {"angle": 22.5, "axis": "x", "origin": [8, 5.92, 8]},
			"faces": {
				"north": {"uv": [2.5, 8.5, 3, 12.5], "texture": "#6"},
				"east": {"uv": [2.5, 8.5, 2.5, 12.5], "texture": "#6"},
				"south": {"uv": [2.5, 8.5, 3, 12.5], "texture": "#6"},
				"west": {"uv": [3, 8.5, 3, 12.5], "texture": "#6"},
				"up": {"uv": [3, 8.5, 2.5, 8.5], "texture": "#6"},
				"down": {"uv": [3.5, 8.5, 3, 8.5], "texture": "#6"}
			}
		},
		{
			"name": "bottom_front_spikes",
			"from": [6.36, 3.67866, 5.93729],
			"to": [9.64, 4.08866, 5.93729],
			"rotation": {"angle": 22.5, "axis": "x", "origin": [8, 5.92, 8]},
			"faces": {
				"north": {"uv": [7.5, 10, 11.5, 10.5], "texture": "#6"},
				"east": {"uv": [7.5, 10, 7.5, 10.5], "texture": "#6"},
				"south": {"uv": [11.5, 10, 15.5, 10.5], "texture": "#6"},
				"west": {"uv": [11.5, 10, 11.5, 10.5], "texture": "#6"},
				"up": {"uv": [11.5, 10, 7.5, 10], "texture": "#6"},
				"down": {"uv": [15.5, 10, 11.5, 10], "texture": "#6"}
			}
		},
		{
			"name": "top_back_spikes",
			"from": [6.36, 7.72422, 8.57025],
			"to": [9.64, 8.13422, 8.57025],
			"rotation": {"angle": 45, "axis": "x", "origin": [8, 5.92, 8]},
			"faces": {
				"north": {"uv": [11.5, 9, 15.5, 9.5], "texture": "#6"},
				"east": {"uv": [11.5, 9, 11.5, 9.5], "texture": "#6"},
				"south": {"uv": [12, 9, 16, 9.5], "texture": "#6"},
				"west": {"uv": [15.5, 9, 15.5, 9.5], "texture": "#6"},
				"up": {"uv": [15.5, 9, 11.5, 9], "texture": "#6"},
				"down": {"uv": [19.5, 9, 15.5, 9], "texture": "#6"}
			}
		},
		{
			"name": "left_back_spikes",
			"from": [5.93223, 4.08866, 8.46186],
			"to": [6.34223, 7.36866, 8.46186],
			"rotation": {"angle": 22.5, "axis": "x", "origin": [8, 5.92, 8]},
			"faces": {
				"north": {"uv": [4.5, 8.5, 5, 12.5], "texture": "#6"},
				"east": {"uv": [4.5, 8.5, 4.5, 12.5], "texture": "#6"},
				"south": {"uv": [4.5, 8.5, 5, 12.5], "texture": "#6"},
				"west": {"uv": [5, 8.5, 5, 12.5], "texture": "#6"},
				"up": {"uv": [5, 8.5, 4.5, 8.5], "texture": "#6"},
				"down": {"uv": [5.5, 8.5, 5, 8.5], "texture": "#6"}
			}
		},
		{
			"name": "right_back_spikes",
			"from": [9.65777, 4.08866, 8.46186],
			"to": [10.06777, 7.36866, 8.46186],
			"rotation": {"angle": 22.5, "axis": "x", "origin": [8, 5.92, 8]},
			"faces": {
				"north": {"uv": [4.5, 8.5, 5, 12.5], "texture": "#6"},
				"east": {"uv": [4.5, 8.5, 4.5, 12.5], "texture": "#6"},
				"south": {"uv": [4.5, 8.5, 5, 12.5], "texture": "#6"},
				"west": {"uv": [5, 8.5, 5, 12.5], "texture": "#6"},
				"up": {"uv": [5, 8.5, 4.5, 8.5], "texture": "#6"},
				"down": {"uv": [5.5, 8.5, 5, 8.5], "texture": "#6"}
			}
		},
		{
			"name": "bottom_back_spikes",
			"from": [6.36, 3.67866, 9.21729],
			"to": [9.64, 4.08866, 9.21729],
			"rotation": {"angle": 22.5, "axis": "x", "origin": [8, 5.92, 8]},
			"faces": {
				"north": {"uv": [7.5, 10, 11.5, 10.5], "texture": "#6"},
				"east": {"uv": [7.5, 10, 7.5, 10.5], "texture": "#6"},
				"south": {"uv": [11.5, 10, 15.5, 10.5], "texture": "#6"},
				"west": {"uv": [11.5, 10, 11.5, 10.5], "texture": "#6"},
				"up": {"uv": [11.5, 10, 7.5, 10], "texture": "#6"},
				"down": {"uv": [15.5, 10, 11.5, 10], "texture": "#6"}
			}
		}
	],
	"display": {
		"thirdperson_righthand": {
			"rotation": [-112, -180, -180],
			"translation": [0, -3, -1],
			"scale": [0.9, 0.9, 0.9]
		},
		"thirdperson_lefthand": {
			"rotation": [-112, -180, -180],
			"translation": [0, -3, -1],
			"scale": [0.9, 0.9, 0.9]
		},
		"firstperson_righthand": {
			"rotation": [355, 20, 5],
			"translation": [1.5, 2.75, 0],
			"scale": [0.6, 0.6, 0.6]
		},
		"firstperson_lefthand": {
			"rotation": [355, 200, 355],
			"translation": [1.5, 2.75, 0],
			"scale": [0.6, 0.6, 0.6]
		},
		"ground": {
			"translation": [0, 4, 0]
		},
		"gui": {
			"rotation": [30, 225, 0],
			"translation": [0, 3.5, 0],
			"scale": [1.1, 1.1, 1.1]
		},
		"fixed": {
			"rotation": [-90, 0, 0],
			"translation": [0, 0.25, -14],
			"scale": [2, 2, 2]
		}
	},
	"groups": [
		0,
		1,
		2,
		3,
		4,
		5,
		6,
		7,
		8,
		{
			"name": "pufferfish",
			"origin": [8, 0, 1.47923],
			"color": 0,
			"children": [
				{
					"name": "fin_right",
					"origin": [4, 7, -0.52077],
					"color": 0,
					"children": [9]
				},
				{
					"name": "fin_left",
					"origin": [12, 7, -0.52077],
					"color": 0,
					"children": [10]
				},
				{
					"name": "body",
					"origin": [8, 0, 1.47923],
					"color": 0,
					"children": [
						11,
						12,
						13,
						{
							"name": "top_front_spikes",
							"origin": [8, 8, -2.52077],
							"rotation": [-45, 0, 0],
							"color": 0,
							"children": [14]
						},
						{
							"name": "left_front_spikes",
							"origin": [4, 4, -2.52077],
							"rotation": [0, -45, 0],
							"color": 0,
							"children": [15]
						},
						{
							"name": "right_front_spikes",
							"origin": [12, 4, -2.52077],
							"rotation": [0, 45, 0],
							"color": 0,
							"children": [16]
						},
						{
							"name": "bottom_front_spikes",
							"origin": [8, 0, -2.52077],
							"rotation": [45, 0, 0],
							"color": 0,
							"children": [17]
						},
						{
							"name": "top_back_spikes",
							"origin": [8, 8, 5.47923],
							"rotation": [45, 0, 0],
							"color": 0,
							"children": [18]
						},
						{
							"name": "left_back_spikes",
							"origin": [4, 4, 5.47923],
							"rotation": [0, 45, 0],
							"color": 0,
							"children": [19]
						},
						{
							"name": "right_back_spikes",
							"origin": [12, 4, 5.47923],
							"rotation": [0, -45, 0],
							"color": 0,
							"children": [20]
						},
						{
							"name": "bottom_back_spikes",
							"origin": [8, 0, 5.47923],
							"rotation": [-45, 0, 0],
							"color": 0,
							"children": [21]
						}
					]
				}
			]
		}
	]
}