{
	"parent": "item/bucket",
	"texture_size": [32, 32],
	"textures": {
		"5": "block/anvil_bucket",
		"6": "block/salmon1",
		"7": "block/water",
		"8": "block/stripped_spruce_log",
		"particle": "block/iron_block"
	},
	"elements": [
		{
			"name": "front",
			"from": [5.5, 0.5, 4.5],
			"to": [10.5, 6.5, 5.5],
			"rotation": {"angle": 0, "axis": "y", "origin": [8, 5.25, 7.51903]},
			"faces": {
				"north": {"uv": [9, 3, 4, 9], "texture": "#5"},
				"east": {"uv": [4, 2, 3, 8], "texture": "#5"},
				"south": {"uv": [9, 3, 4, 9], "texture": "#5"},
				"west": {"uv": [4, 2, 3, 8], "texture": "#5"},
				"up": {"uv": [8, 2, 3, 3], "texture": "#5"},
				"down": {"uv": [8, 2, 3, 3], "texture": "#5"}
			}
		},
		{
			"name": "back",
			"from": [5.5, 0.5, 10.5],
			"to": [10.5, 6.5, 11.5],
			"rotation": {"angle": 0, "axis": "y", "origin": [8, 5.25, 7.51903]},
			"faces": {
				"north": {"uv": [5, 4, 10, 10], "texture": "#5"},
				"east": {"uv": [3, 2, 4, 8], "texture": "#5"},
				"south": {"uv": [3, 2, 8, 8], "texture": "#5"},
				"west": {"uv": [3, 2, 4, 8], "texture": "#5"},
				"up": {"uv": [8, 3, 3, 2], "texture": "#5"},
				"down": {"uv": [8, 3, 3, 2], "texture": "#5"}
			}
		},
		{
			"name": "side",
			"from": [10.5, 0.5, 5.5],
			"to": [11.5, 6.5, 10.5],
			"rotation": {"angle": 0, "axis": "y", "origin": [8, 5.25, 7.51903]},
			"faces": {
				"north": {"uv": [5, 4, 6, 10], "texture": "#5"},
				"east": {"uv": [3, 2, 8, 8], "texture": "#5"},
				"south": {"uv": [3, 2, 4, 8], "texture": "#5"},
				"west": {"uv": [3, 2, 8, 8], "texture": "#5"},
				"up": {"uv": [3, 2, 4, 7], "texture": "#5"},
				"down": {"uv": [3, 2, 4, 7], "texture": "#5"}
			}
		},
		{
			"name": "side",
			"from": [4.5, 0.5, 5.5],
			"to": [5.5, 6.5, 10.5],
			"rotation": {"angle": 0, "axis": "y", "origin": [8, 5.25, 7.51903]},
			"faces": {
				"north": {"uv": [6, 4, 5, 10], "texture": "#5"},
				"east": {"uv": [8, 2, 3, 8], "texture": "#5"},
				"south": {"uv": [4, 2, 3, 8], "texture": "#5"},
				"west": {"uv": [8, 2, 3, 8], "texture": "#5"},
				"up": {"uv": [4, 2, 3, 7], "texture": "#5"},
				"down": {"uv": [4, 2, 3, 7], "texture": "#5"}
			}
		},
		{
			"name": "bottom",
			"from": [5.5, 0.5, 5.53806],
			"to": [10.5, 1.5, 10.53806],
			"rotation": {"angle": 0, "axis": "y", "origin": [8, 5.25, 7.51903]},
			"faces": {
				"north": {"uv": [8, 2, 3, 3], "texture": "#5"},
				"east": {"uv": [8, 2, 3, 3], "texture": "#5"},
				"south": {"uv": [10, 4, 5, 5], "texture": "#5"},
				"west": {"uv": [8, 2, 3, 3], "texture": "#5"},
				"up": {"uv": [8, 2, 3, 7], "rotation": 180, "texture": "#5"},
				"down": {"uv": [8, 2, 3, 7], "rotation": 180, "texture": "#5"}
			}
		},
		{
			"name": "handleside",
			"from": [4.5, 6.5, 7.5],
			"to": [4.5, 10, 8.5],
			"rotation": {"angle": 0, "axis": "y", "origin": [8, 5.25, 7.51903]},
			"faces": {
				"north": {"uv": [5, 4, 5, 7.5], "texture": "#5"},
				"east": {"uv": [4, 2, 3, 5.5], "texture": "#5"},
				"south": {"uv": [3, 2, 3, 5.5], "texture": "#5"},
				"west": {"uv": [4, 2, 3, 5.5], "texture": "#5"},
				"up": {"uv": [3, 2, 3, 3], "texture": "#5"},
				"down": {"uv": [3, 2, 3, 3], "texture": "#5"}
			}
		},
		{
			"name": "handle",
			"from": [4.5, 9, 7.5],
			"to": [11.5, 10, 8.5],
			"rotation": {"angle": 0, "axis": "y", "origin": [8, 5.25, 7.51903]},
			"faces": {
				"north": {"uv": [12, 4, 5, 5], "texture": "#8"},
				"east": {"uv": [4, 2, 3, 3], "texture": "#8"},
				"south": {"uv": [10, 2, 3, 3], "texture": "#8"},
				"west": {"uv": [4, 2, 3, 3], "texture": "#8"},
				"up": {"uv": [10, 2, 3, 3], "texture": "#8"},
				"down": {"uv": [10, 2, 3, 3], "texture": "#8"}
			}
		},
		{
			"name": "handleside",
			"from": [11.5, 6.5, 7.5],
			"to": [11.5, 10, 8.5],
			"rotation": {"angle": 0, "axis": "y", "origin": [8, 5.25, 7.51903]},
			"faces": {
				"north": {"uv": [5, 4, 5, 7.5], "texture": "#5"},
				"east": {"uv": [3, 2, 4, 5.5], "texture": "#5"},
				"south": {"uv": [3, 2, 3, 5.5], "texture": "#5"},
				"west": {"uv": [3, 2, 4, 5.5], "texture": "#5"},
				"up": {"uv": [3, 2, 3, 3], "texture": "#5"},
				"down": {"uv": [3, 2, 3, 3], "texture": "#5"}
			}
		},
		{
			"from": [5.5, 1.5, 5.5],
			"to": [10.5, 5.5, 10.5],
			"faces": {
				"north": {"uv": [6.5, 6, 9, 8], "texture": "#7"},
				"east": {"uv": [6.5, 6, 9, 8], "texture": "#7"},
				"south": {"uv": [6.5, 6, 9, 8], "texture": "#7"},
				"west": {"uv": [6.5, 6, 9, 8], "texture": "#7"},
				"up": {"uv": [4, 1, 11, 9], "texture": "#7"},
				"down": {"uv": [6.5, 6, 9, 8.5], "texture": "#7"}
			}
		},
		{
			"name": "fin_back_1",
			"from": [9.1508, 7.6106, 7.9342],
			"to": [10.1252, 8.585, 7.9342],
			"rotation": {"angle": 22.5, "axis": "x", "origin": [8.42, 4.1204, 3.3142]},
			"faces": {
				"north": {"uv": [3, 2, 4, 3], "rotation": 270, "texture": "#6"},
				"east": {"uv": [3, 2, 3, 1], "rotation": 180, "texture": "#6"},
				"south": {"uv": [4, 2, 3, 3], "rotation": 90, "texture": "#6"},
				"west": {"uv": [3, 1, 3, 2], "texture": "#6"},
				"up": {"uv": [4, 2, 4, 3], "rotation": 90, "texture": "#6"},
				"down": {"uv": [3, 2, 3, 3], "rotation": 90, "texture": "#6"}
			}
		},
		{
			"name": "head",
			"from": [6.9584, 3.2258, 7.447],
			"to": [8.9072, 4.6874, 8.4214],
			"rotation": {"angle": 22.5, "axis": "x", "origin": [8.42, 4.1204, 3.3142]},
			"faces": {
				"north": {"uv": [13.5, 1.5, 15, 3.5], "rotation": 270, "texture": "#6"},
				"east": {"uv": [13.5, 1.5, 12.5, 0], "rotation": 180, "texture": "#6"},
				"south": {"uv": [11, 1.5, 12.5, 3.5], "rotation": 90, "texture": "#6"},
				"west": {"uv": [14.5, 0, 13.5, 1.5], "texture": "#6"},
				"up": {"uv": [15, 1.5, 16, 3.5], "rotation": 90, "texture": "#6"},
				"down": {"uv": [12.5, 1.5, 13.5, 3.5], "rotation": 90, "texture": "#6"}
			}
		},
		{
			"name": "body_back",
			"from": [6.7148, 6.27981, 8.4805],
			"to": [9.1508, 10.17741, 9.9421],
			"rotation": {"angle": 45, "axis": "x", "origin": [7.9328, 6.28301, 9.21938]},
			"faces": {
				"north": {"uv": [5.5, 10.5, 9.5, 13], "rotation": 270, "texture": "#6"},
				"east": {"uv": [5.5, 10.5, 4, 6.5], "rotation": 180, "texture": "#6"},
				"south": {"uv": [0, 10.5, 4, 13], "rotation": 90, "texture": "#6"},
				"west": {"uv": [7, 6.5, 5.5, 10.5], "texture": "#6"},
				"up": {"uv": [9.5, 10.5, 11, 13], "rotation": 90, "texture": "#6"},
				"down": {"uv": [4, 10.5, 5.5, 13], "rotation": 90, "texture": "#6"}
			}
		},
		{
			"name": "tail",
			"from": [6.7148, 8.81109, 12.06995],
			"to": [9.1508, 8.81109, 14.99315],
			"rotation": {"angle": -22.5, "axis": "x", "origin": [7.9328, 8.80301, 11.73938]},
			"faces": {
				"north": {"uv": [13, 8, 13, 10.5], "rotation": 270, "texture": "#6"},
				"east": {"uv": [13, 8, 13, 5], "rotation": 90, "texture": "#6"},
				"south": {"uv": [16, 8, 16, 10.5], "rotation": 90, "texture": "#6"},
				"west": {"uv": [13, 5, 13, 8], "rotation": 90, "texture": "#6"},
				"up": {"uv": [13, 8, 16, 10.5], "rotation": 90, "texture": "#6"},
				"down": {"uv": [16, 8, 13, 10.5], "rotation": 90, "texture": "#6"}
			}
		},
		{
			"name": "fin_back_2",
			"from": [9.1508, 5.74287, 9.6875],
			"to": [10.1252, 7.69167, 9.6875],
			"rotation": {"angle": 45, "axis": "x", "origin": [9.638, 6.92727, 9.4775]},
			"faces": {
				"north": {"uv": [2, 3, 4, 4], "rotation": 270, "texture": "#6"},
				"east": {"uv": [2, 3, 2, 1], "rotation": 180, "texture": "#6"},
				"south": {"uv": [4, 3, 2, 4], "rotation": 90, "texture": "#6"},
				"west": {"uv": [2, 1, 2, 3], "texture": "#6"},
				"up": {"uv": [4, 3, 4, 4], "rotation": 90, "texture": "#6"},
				"down": {"uv": [2, 3, 2, 4], "rotation": 90, "texture": "#6"}
			}
		},
		{
			"name": "body_front",
			"from": [6.7148, 4.6874, 7.2034],
			"to": [9.1508, 8.585, 8.665],
			"rotation": {"angle": 22.5, "axis": "x", "origin": [8.42, 4.1204, 3.3142]},
			"faces": {
				"north": {"uv": [5.5, 4, 9.5, 6.5], "rotation": 270, "texture": "#6"},
				"east": {"uv": [5.5, 4, 4, 0], "rotation": 180, "texture": "#6"},
				"south": {"uv": [0, 4, 4, 6.5], "rotation": 90, "texture": "#6"},
				"west": {"uv": [7, 0, 5.5, 4], "texture": "#6"},
				"up": {"uv": [9.5, 4, 11, 6.5], "rotation": 90, "texture": "#6"},
				"down": {"uv": [4, 4, 5.5, 6.5], "rotation": 90, "texture": "#6"}
			}
		},
		{
			"name": "right_fin",
			"from": [6.7148, 5.50324, 8.31717],
			"to": [7.6892, 5.50324, 9.29157],
			"rotation": {"angle": 22.5, "axis": "x", "origin": [8, 3.4104, 2.3142]},
			"faces": {
				"north": {"uv": [1, 0, 1, 1], "rotation": 270, "texture": "#6"},
				"east": {"uv": [1, 0, 0, 0], "rotation": 180, "texture": "#6"},
				"south": {"uv": [0, 0, 0, 1], "rotation": 90, "texture": "#6"},
				"west": {"uv": [2, 0, 1, 0], "texture": "#6"},
				"up": {"uv": [1, 0, 2, 1], "rotation": 90, "texture": "#6"},
				"down": {"uv": [0, 0, 1, 1], "rotation": 90, "texture": "#6"}
			}
		},
		{
			"name": "left_fin",
			"from": [6.7148, 5.50324, 5.88117],
			"to": [7.6892, 5.50324, 6.85557],
			"rotation": {"angle": 22.5, "axis": "x", "origin": [8, 3.4104, 2.3142]},
			"faces": {
				"north": {"uv": [3, 0, 3, 1], "rotation": 270, "texture": "#6"},
				"east": {"uv": [3, 0, 2, 0], "rotation": 180, "texture": "#6"},
				"south": {"uv": [2, 0, 2, 1], "rotation": 90, "texture": "#6"},
				"west": {"uv": [4, 0, 3, 0], "texture": "#6"},
				"up": {"uv": [3, 0, 4, 1], "rotation": 90, "texture": "#6"},
				"down": {"uv": [2, 0, 3, 1], "rotation": 90, "texture": "#6"}
			}
		}
	],
	"display": {
		"thirdperson_righthand": {
			"rotation": [-112, 0, -180],
			"translation": [0, -3, -1],
			"scale": [0.9, 0.9, 0.9]
		},
		"thirdperson_lefthand": {
			"rotation": [-112, 0, -180],
			"translation": [0, -3, -1],
			"scale": [0.9, 0.9, 0.9]
		},
		"firstperson_righthand": {
			"rotation": [355, 20, 5],
			"translation": [1.5, 2.75, 0],
			"scale": [0.6, 0.6, 0.6]
		},
		"firstperson_lefthand": {
			"rotation": [355, 200, 355],
			"translation": [1.5, 2.75, 0],
			"scale": [0.6, 0.6, 0.6]
		},
		"ground": {
			"translation": [0, 4, 0]
		},
		"gui": {
			"rotation": [30, 225, 0],
			"translation": [0, 3.5, 0],
			"scale": [1.1, 1.1, 1.1]
		},
		"fixed": {
			"rotation": [-90, 0, 0],
			"translation": [0, 0.25, -14],
			"scale": [2, 2, 2]
		}
	},
	"groups": [
		0,
		1,
		2,
		3,
		4,
		5,
		6,
		7,
		8,
		{
			"name": "salmon",
			"origin": [8, 0, 0],
			"color": 0,
			"children": [
				{
					"name": "fin_back_1",
					"origin": [8, 10.5, 1],
					"color": 0,
					"children": [9]
				},
				{
					"name": "head",
					"origin": [8, 6, -4],
					"color": 0,
					"children": [10]
				},
				{
					"name": "body_back",
					"origin": [8, 6, 4],
					"color": 0,
					"children": [
						11,
						{
							"name": "tail",
							"origin": [8, 6, 12],
							"color": 0,
							"children": [12]
						},
						{
							"name": "fin_back_2",
							"origin": [8, 10.5, 3],
							"color": 0,
							"children": [13]
						}
					]
				},
				{
					"name": "body_front",
					"origin": [8, 6, -4],
					"color": 0,
					"children": [
						14,
						{
							"name": "right_fin",
							"origin": [9.5, 4.5, -3],
							"rotation": [90, 0, -45],
							"color": 0,
							"children": [15]
						},
						{
							"name": "left_fin",
							"origin": [6.5, 4.5, -3],
							"rotation": [90, 0, 45],
							"color": 0,
							"children": [16]
						}
					]
				}
			]
		}
	]
}