{
	"__comment": "Designed by Pashjn with Cubik Studio - https://cubik.studio",
	"textures": {
		"particle": "images/stoneaxe",
		"texture": "images/stoneaxe",
		"voxels_atlas": "images/stoneaxe"
	},
	"elements": [ 	 
		{
			"__comment": "Voxels",
			"from": [ -9, 7, 7.5 ],
			"to": [ 6.5, 8, 8.5 ],
			"faces": {
				"down": { "uv": [ 0, 15.5, 7.75, 16 ], "texture": "#voxels_atlas" },
				"up": { "uv": [ 0, 15.5, 7.75, 15 ], "texture": "#voxels_atlas" },
				"north": { "uv": [ 7.75, 14.5, 0, 15 ], "texture": "#voxels_atlas" },
				"south": { "uv": [ 0, 14, 7.75, 14.5 ], "texture": "#voxels_atlas" },
				"west": { "uv": [ 1.25, 8.5, 1.75, 9 ], "texture": "#voxels_atlas" },
				"east": { "uv": [ 2, 11, 1.5, 11.5 ], "texture": "#voxels_atlas" }
			}
		},
		{
			"__comment": "Voxels",
			"from": [ -8.5, 6.5, 7.5 ],
			"to": [ -7.5, 7, 8.5 ],
			"faces": {
				"down": { "uv": [ 1.5, 10, 2, 10.5 ], "texture": "#voxels_atlas" },
				"up": { "uv": [ 1.5, 10, 2, 9.5 ], "texture": "#voxels_atlas" },
				"north": { "uv": [ 8.25, 9, 7.75, 9.25 ], "texture": "#voxels_atlas" },
				"south": { "uv": [ 8.25, 9, 8.75, 9.25 ], "texture": "#voxels_atlas" },
				"west": { "uv": [ 7.75, 8.75, 8.25, 9 ], "texture": "#voxels_atlas" },
				"east": { "uv": [ 8.75, 8.75, 8.25, 9 ], "texture": "#voxels_atlas" }
			}
		},
		{
			"__comment": "Voxels",
			"from": [ -8.5, 7, 7 ],
			"to": [ -7.5, 8, 7.5 ],
			"faces": {
				"down": { "uv": [ 7.75, 8.5, 8.25, 8.75 ], "texture": "#voxels_atlas" },
				"up": { "uv": [ 8.25, 8.75, 8.75, 8.5 ], "texture": "#voxels_atlas" },
				"north": { "uv": [ 2, 9, 1.5, 9.5 ], "texture": "#voxels_atlas" },
				"south": { "uv": [ 1.5, 10.5, 2, 11 ], "texture": "#voxels_atlas" },
				"west": { "uv": [ 7.75, 8, 8, 8.5 ], "texture": "#voxels_atlas" },
				"east": { "uv": [ 8.25, 8, 8, 8.5 ], "texture": "#voxels_atlas" }
			}
		},
		{
			"__comment": "Voxels",
			"from": [ -8.5, 7, 8.5 ],
			"to": [ -7.5, 8, 9 ],
			"faces": {
				"down": { "uv": [ 8.25, 8.25, 8.75, 8.5 ], "texture": "#voxels_atlas" },
				"up": { "uv": [ 8.25, 8.25, 8.75, 8 ], "texture": "#voxels_atlas" },
				"north": { "uv": [ 2, 11.5, 1.5, 12 ], "texture": "#voxels_atlas" },
				"south": { "uv": [ 8.25, 13, 8.75, 13.5 ], "texture": "#voxels_atlas" },
				"west": { "uv": [ 8.75, 10.75, 9, 11.25 ], "texture": "#voxels_atlas" },
				"east": { "uv": [ 9.25, 10.75, 9, 11.25 ], "texture": "#voxels_atlas" }
			}
		},
		{
			"__comment": "Voxels",
			"from": [ -8.5, 8, 7.5 ],
			"to": [ -7.5, 8.5, 8.5 ],
			"faces": {
				"down": { "uv": [ 7.75, 13, 8.25, 13.5 ], "texture": "#voxels_atlas" },
				"up": { "uv": [ 1.25, 8.5, 1.75, 8 ], "texture": "#voxels_atlas" },
				"north": { "uv": [ 16, 14.75, 15.5, 15 ], "texture": "#voxels_atlas" },
				"south": { "uv": [ 9.25, 11, 9.75, 11.25 ], "texture": "#voxels_atlas" },
				"west": { "uv": [ 9.25, 10.75, 9.75, 11 ], "texture": "#voxels_atlas" },
				"east": { "uv": [ 9.25, 10.5, 8.75, 10.75 ], "texture": "#voxels_atlas" }
			}
		},
		{
			"__comment": "Voxels",
			"from": [ -0.5, 7, 12.5 ],
			"to": [ 7.5, 7.5, 13 ],
			"faces": {
				"down": { "uv": [ 2, 13.25, 6, 13.5 ], "texture": "#voxels_atlas" },
				"up": { "uv": [ 2, 14, 6, 13.75 ], "texture": "#voxels_atlas" },
				"north": { "uv": [ 6, 13.5, 2, 13.75 ], "texture": "#voxels_atlas" },
				"south": { "uv": [ 2, 13, 6, 13.25 ], "texture": "#voxels_atlas" },
				"west": { "uv": [ 11, 13.5, 11.25, 13.75 ], "texture": "#voxels_atlas" },
				"east": { "uv": [ 10.25, 13, 10, 13.25 ], "texture": "#voxels_atlas" }
			}
		},
		{
			"__comment": "Voxels",
			"from": [ 0, 7, 13 ],
			"to": [ 7.5, 7.5, 13.5 ],
			"faces": {
				"down": { "uv": [ 2, 12.75, 5.75, 13 ], "texture": "#voxels_atlas" },
				"up": { "uv": [ 2, 12.75, 5.75, 12.5 ], "texture": "#voxels_atlas" },
				"north": { "uv": [ 5.75, 12.25, 2, 12.5 ], "texture": "#voxels_atlas" },
				"south": { "uv": [ 2, 12, 5.75, 12.25 ], "texture": "#voxels_atlas" },
				"west": { "uv": [ 10, 13.25, 10.25, 13.5 ], "texture": "#voxels_atlas" },
				"east": { "uv": [ 16, 13.5, 15.75, 13.75 ], "texture": "#voxels_atlas" }
			}
		},
		{
			"__comment": "Voxels",
			"from": [ 0.5, 7, 13.5 ],
			"to": [ 7.5, 7.5, 14 ],
			"faces": {
				"down": { "uv": [ 2, 11.75, 5.5, 12 ], "texture": "#voxels_atlas" },
				"up": { "uv": [ 2, 11.75, 5.5, 11.5 ], "texture": "#voxels_atlas" },
				"north": { "uv": [ 5.5, 11.25, 2, 11.5 ], "texture": "#voxels_atlas" },
				"south": { "uv": [ 2, 11, 5.5, 11.25 ], "texture": "#voxels_atlas" },
				"west": { "uv": [ 15.5, 13.5, 15.75, 13.75 ], "texture": "#voxels_atlas" },
				"east": { "uv": [ 14.5, 13.5, 14.25, 13.75 ], "texture": "#voxels_atlas" }
			}
		},
		{
			"__comment": "Voxels",
			"from": [ 1, 7, 12 ],
			"to": [ 7, 7.5, 12.5 ],
			"faces": {
				"down": { "uv": [ 7.75, 15.75, 10.75, 16 ], "texture": "#voxels_atlas" },
				"up": { "uv": [ 10.75, 16, 13.75, 15.75 ], "texture": "#voxels_atlas" },
				"north": { "uv": [ 10.75, 15.5, 7.75, 15.75 ], "texture": "#voxels_atlas" },
				"south": { "uv": [ 10.75, 15.5, 13.75, 15.75 ], "texture": "#voxels_atlas" },
				"west": { "uv": [ 14, 13.5, 14.25, 13.75 ], "texture": "#voxels_atlas" },
				"east": { "uv": [ 13.5, 13.5, 13.25, 13.75 ], "texture": "#voxels_atlas" }
			}
		},
		{
			"__comment": "Voxels",
			"from": [ 1, 7.5, 13 ],
			"to": [ 7.5, 8, 13.5 ],
			"faces": {
				"down": { "uv": [ 2, 10.5, 5.25, 10.75 ], "texture": "#voxels_atlas" },
				"up": { "uv": [ 2, 10.5, 5.25, 10.25 ], "texture": "#voxels_atlas" },
				"north": { "uv": [ 5.25, 10, 2, 10.25 ], "texture": "#voxels_atlas" },
				"south": { "uv": [ 2, 10.75, 5.25, 11 ], "texture": "#voxels_atlas" },
				"west": { "uv": [ 13, 13.5, 13.25, 13.75 ], "texture": "#voxels_atlas" },
				"east": { "uv": [ 12, 13.5, 11.75, 13.75 ], "texture": "#voxels_atlas" }
			}
		},
		{
			"__comment": "Voxels",
			"from": [ 1.5, 7, 14 ],
			"to": [ 7.5, 7.5, 14.5 ],
			"faces": {
				"down": { "uv": [ 2, 9.75, 5, 10 ], "texture": "#voxels_atlas" },
				"up": { "uv": [ 2, 9.75, 5, 9.5 ], "texture": "#voxels_atlas" },
				"north": { "uv": [ 5, 9.25, 2, 9.5 ], "texture": "#voxels_atlas" },
				"south": { "uv": [ 2, 9, 5, 9.25 ], "texture": "#voxels_atlas" },
				"west": { "uv": [ 11.5, 13.5, 11.75, 13.75 ], "texture": "#voxels_atlas" },
				"east": { "uv": [ 11.5, 13.5, 11.25, 13.75 ], "texture": "#voxels_atlas" }
			}
		},
		{
			"__comment": "Voxels",
			"from": [ 1.5, 7.5, 12.5 ],
			"to": [ 7.5, 8, 13 ],
			"faces": {
				"down": { "uv": [ 2, 8.75, 5, 9 ], "texture": "#voxels_atlas" },
				"up": { "uv": [ 2, 8.75, 5, 8.5 ], "texture": "#voxels_atlas" },
				"north": { "uv": [ 5, 8.25, 2, 8.5 ], "texture": "#voxels_atlas" },
				"south": { "uv": [ 2, 8, 5, 8.25 ], "texture": "#voxels_atlas" },
				"west": { "uv": [ 9.75, 8.5, 10, 8.75 ], "texture": "#voxels_atlas" },
				"east": { "uv": [ 10, 8.75, 9.75, 9 ], "texture": "#voxels_atlas" }
			}
		},
		{
			"__comment": "Voxels",
			"from": [ 2, 7, 11.5 ],
			"to": [ 7, 7.5, 12 ],
			"faces": {
				"down": { "uv": [ 5.25, 9, 7.75, 9.25 ], "texture": "#voxels_atlas" },
				"up": { "uv": [ 5.25, 11, 7.75, 10.75 ], "texture": "#voxels_atlas" },
				"north": { "uv": [ 7.75, 10.5, 5.25, 10.75 ], "texture": "#voxels_atlas" },
				"south": { "uv": [ 5.25, 10.25, 7.75, 10.5 ], "texture": "#voxels_atlas" },
				"west": { "uv": [ 9.75, 9.5, 10, 9.75 ], "texture": "#voxels_atlas" },
				"east": { "uv": [ 10, 9.75, 9.75, 10 ], "texture": "#voxels_atlas" }
			}
		},
		{
			"__comment": "Voxels",
			"from": [ 2, 7.5, 13.5 ],
			"to": [ 7, 8, 14 ],
			"faces": {
				"down": { "uv": [ 5.25, 10, 7.75, 10.25 ], "texture": "#voxels_atlas" },
				"up": { "uv": [ 5.25, 10, 7.75, 9.75 ], "texture": "#voxels_atlas" },
				"north": { "uv": [ 7.75, 9.5, 5.25, 9.75 ], "texture": "#voxels_atlas" },
				"south": { "uv": [ 5.25, 9.25, 7.75, 9.5 ], "texture": "#voxels_atlas" },
				"west": { "uv": [ 9.75, 10.5, 10, 10.75 ], "texture": "#voxels_atlas" },
				"east": { "uv": [ 10, 10.75, 9.75, 11 ], "texture": "#voxels_atlas" }
			}
		},
		{
			"__comment": "Voxels",
			"from": [ 2.5, 7, 14.5 ],
			"to": [ 7, 7.5, 15 ],
			"faces": {
				"down": { "uv": [ 5.5, 11, 7.75, 11.25 ], "texture": "#voxels_atlas" },
				"up": { "uv": [ 5.25, 8.25, 7.5, 8 ], "texture": "#voxels_atlas" },
				"north": { "uv": [ 7.5, 8.25, 5.25, 8.5 ], "texture": "#voxels_atlas" },
				"south": { "uv": [ 5.25, 8.5, 7.5, 8.75 ], "texture": "#voxels_atlas" },
				"west": { "uv": [ 9.75, 11, 10, 11.25 ], "texture": "#voxels_atlas" },
				"east": { "uv": [ 16, 15, 15.75, 15.25 ], "texture": "#voxels_atlas" }
			}
		},
		{
			"__comment": "Voxels",
			"from": [ 2.5, 7.5, 12 ],
			"to": [ 7, 8, 12.5 ],
			"faces": {
				"down": { "uv": [ 5.25, 8.75, 7.5, 9 ], "texture": "#voxels_atlas" },
				"up": { "uv": [ 5.5, 11.5, 7.75, 11.25 ], "texture": "#voxels_atlas" },
				"north": { "uv": [ 7.75, 11.5, 5.5, 11.75 ], "texture": "#voxels_atlas" },
				"south": { "uv": [ 5.5, 11.75, 7.75, 12 ], "texture": "#voxels_atlas" },
				"west": { "uv": [ 12.75, 13.5, 13, 13.75 ], "texture": "#voxels_atlas" },
				"east": { "uv": [ 12.75, 13.5, 12.5, 13.75 ], "texture": "#voxels_atlas" }
			}
		},
		{
			"__comment": "Voxels",
			"from": [ 3, 6.5, 7.5 ],
			"to": [ 6, 7, 8.5 ],
			"faces": {
				"down": { "uv": [ 0, 10.5, 1.5, 11 ], "texture": "#voxels_atlas" },
				"up": { "uv": [ 0, 10.5, 1.5, 10 ], "texture": "#voxels_atlas" },
				"north": { "uv": [ 11.75, 14.25, 10.25, 14.5 ], "texture": "#voxels_atlas" },
				"south": { "uv": [ 14, 14.75, 15.5, 15 ], "texture": "#voxels_atlas" },
				"west": { "uv": [ 7.75, 12.25, 8.25, 12.5 ], "texture": "#voxels_atlas" },
				"east": { "uv": [ 8.75, 12.25, 8.25, 12.5 ], "texture": "#voxels_atlas" }
			}
		},
		{
			"__comment": "Voxels",
			"from": [ 3, 7, 7 ],
			"to": [ 7, 8, 7.5 ],
			"faces": {
				"down": { "uv": [ 10.75, 15.25, 12.75, 15.5 ], "texture": "#voxels_atlas" },
				"up": { "uv": [ 8.75, 15.5, 10.75, 15.25 ], "texture": "#voxels_atlas" },
				"north": { "uv": [ 2, 12, 0, 12.5 ], "texture": "#voxels_atlas" },
				"south": { "uv": [ 0, 12.5, 2, 13 ], "texture": "#voxels_atlas" },
				"west": { "uv": [ 1.75, 8.5, 2, 9 ], "texture": "#voxels_atlas" },
				"east": { "uv": [ 2, 8, 1.75, 8.5 ], "texture": "#voxels_atlas" }
			}
		},
		{
			"__comment": "Voxels",
			"from": [ 3, 7, 8.5 ],
			"to": [ 7, 8, 9 ],
			"faces": {
				"down": { "uv": [ 13.75, 15.5, 15.75, 15.75 ], "texture": "#voxels_atlas" },
				"up": { "uv": [ 13.75, 16, 15.75, 15.75 ], "texture": "#voxels_atlas" },
				"north": { "uv": [ 2, 13.5, 0, 14 ], "texture": "#voxels_atlas" },
				"south": { "uv": [ 0, 13, 2, 13.5 ], "texture": "#voxels_atlas" },
				"west": { "uv": [ 7.75, 11.75, 8, 12.25 ], "texture": "#voxels_atlas" },
				"east": { "uv": [ 8.25, 11.75, 8, 12.25 ], "texture": "#voxels_atlas" }
			}
		},
		{
			"__comment": "Voxels",
			"from": [ 3, 7, 11 ],
			"to": [ 7, 7.5, 11.5 ],
			"faces": {
				"down": { "uv": [ 5.75, 12.5, 7.75, 12.75 ], "texture": "#voxels_atlas" },
				"up": { "uv": [ 5.75, 12.5, 7.75, 12.25 ], "texture": "#voxels_atlas" },
				"north": { "uv": [ 7.75, 12, 5.75, 12.25 ], "texture": "#voxels_atlas" },
				"south": { "uv": [ 5.75, 12.75, 7.75, 13 ], "texture": "#voxels_atlas" },
				"west": { "uv": [ 9.75, 8, 10, 8.25 ], "texture": "#voxels_atlas" },
				"east": { "uv": [ 10, 8.25, 9.75, 8.5 ], "texture": "#voxels_atlas" }
			}
		},
		{
			"__comment": "Voxels",
			"from": [ 3, 7.5, 14 ],
			"to": [ 6.5, 8, 14.5 ],
			"faces": {
				"down": { "uv": [ 8.75, 14.75, 10.5, 15 ], "texture": "#voxels_atlas" },
				"up": { "uv": [ 10.5, 15, 12.25, 14.75 ], "texture": "#voxels_atlas" },
				"north": { "uv": [ 14, 14.75, 12.25, 15 ], "texture": "#voxels_atlas" },
				"south": { "uv": [ 6, 13.25, 7.75, 13.5 ], "texture": "#voxels_atlas" },
				"west": { "uv": [ 5, 8, 5.25, 8.25 ], "texture": "#voxels_atlas" },
				"east": { "uv": [ 5.25, 8.25, 5, 8.5 ], "texture": "#voxels_atlas" }
			}
		},
		{
			"__comment": "Voxels",
			"from": [ 3, 8, 7.5 ],
			"to": [ 6, 8.5, 8.5 ],
			"faces": {
				"down": { "uv": [ 0, 9.5, 1.5, 10 ], "texture": "#voxels_atlas" },
				"up": { "uv": [ 0, 9.5, 1.5, 9 ], "texture": "#voxels_atlas" },
				"north": { "uv": [ 13.25, 14.25, 11.75, 14.5 ], "texture": "#voxels_atlas" },
				"south": { "uv": [ 13.25, 14.25, 14.75, 14.5 ], "texture": "#voxels_atlas" },
				"west": { "uv": [ 8.25, 12, 8.75, 12.25 ], "texture": "#voxels_atlas" },
				"east": { "uv": [ 8.75, 11.75, 8.25, 12 ], "texture": "#voxels_atlas" }
			}
		},
		{
			"__comment": "Voxels",
			"from": [ 3.5, 6.5, 7 ],
			"to": [ 4.5, 7, 7.5 ],
			"faces": {
				"down": { "uv": [ 7.75, 11.5, 8.25, 11.75 ], "texture": "#voxels_atlas" },
				"up": { "uv": [ 8.25, 11.75, 8.75, 11.5 ], "texture": "#voxels_atlas" },
				"north": { "uv": [ 8.25, 11.25, 7.75, 11.5 ], "texture": "#voxels_atlas" },
				"south": { "uv": [ 8.25, 11.25, 8.75, 11.5 ], "texture": "#voxels_atlas" },
				"west": { "uv": [ 5, 9.5, 5.25, 9.75 ], "texture": "#voxels_atlas" },
				"east": { "uv": [ 5.25, 9.75, 5, 10 ], "texture": "#voxels_atlas" }
			}
		},
		{
			"__comment": "Voxels",
			"from": [ 3.5, 6.5, 8.5 ],
			"to": [ 4.5, 7, 9 ],
			"faces": {
				"down": { "uv": [ 7.75, 11, 8.25, 11.25 ], "texture": "#voxels_atlas" },
				"up": { "uv": [ 8.25, 11.25, 8.75, 11 ], "texture": "#voxels_atlas" },
				"north": { "uv": [ 8.25, 10.75, 7.75, 11 ], "texture": "#voxels_atlas" },
				"south": { "uv": [ 8.25, 10.75, 8.75, 11 ], "texture": "#voxels_atlas" },
				"west": { "uv": [ 10, 10.75, 10.25, 11 ], "texture": "#voxels_atlas" },
				"east": { "uv": [ 10.25, 10.5, 10, 10.75 ], "texture": "#voxels_atlas" }
			}
		},
		{
			"__comment": "Voxels",
			"from": [ 3.5, 7, 10.5 ],
			"to": [ 7, 7.5, 11 ],
			"faces": {
				"down": { "uv": [ 12.75, 15.25, 14.5, 15.5 ], "texture": "#voxels_atlas" },
				"up": { "uv": [ 6, 13.25, 7.75, 13 ], "texture": "#voxels_atlas" },
				"north": { "uv": [ 7.75, 13.5, 6, 13.75 ], "texture": "#voxels_atlas" },
				"south": { "uv": [ 6, 13.75, 7.75, 14 ], "texture": "#voxels_atlas" },
				"west": { "uv": [ 7.5, 8.75, 7.75, 9 ], "texture": "#voxels_atlas" },
				"east": { "uv": [ 7.75, 8.5, 7.5, 8.75 ], "texture": "#voxels_atlas" }
			}
		},
		{
			"__comment": "Voxels",
			"from": [ 3.5, 7.5, 11.5 ],
			"to": [ 7, 8, 12 ],
			"faces": {
				"down": { "uv": [ 12.25, 15, 14, 15.25 ], "texture": "#voxels_atlas" },
				"up": { "uv": [ 10.5, 15.25, 12.25, 15 ], "texture": "#voxels_atlas" },
				"north": { "uv": [ 15.75, 15, 14, 15.25 ], "texture": "#voxels_atlas" },
				"south": { "uv": [ 8.75, 15, 10.5, 15.25 ], "texture": "#voxels_atlas" },
				"west": { "uv": [ 10, 11.75, 10.25, 12 ], "texture": "#voxels_atlas" },
				"east": { "uv": [ 10.25, 11.5, 10, 11.75 ], "texture": "#voxels_atlas" }
			}
		},
		{
			"__comment": "Voxels",
			"from": [ 3.5, 8, 7 ],
			"to": [ 4.5, 8.5, 7.5 ],
			"faces": {
				"down": { "uv": [ 7.75, 10.5, 8.25, 10.75 ], "texture": "#voxels_atlas" },
				"up": { "uv": [ 8.25, 10.75, 8.75, 10.5 ], "texture": "#voxels_atlas" },
				"north": { "uv": [ 8.25, 10.25, 7.75, 10.5 ], "texture": "#voxels_atlas" },
				"south": { "uv": [ 8.25, 10.25, 8.75, 10.5 ], "texture": "#voxels_atlas" },
				"west": { "uv": [ 5, 9.25, 5.25, 9.5 ], "texture": "#voxels_atlas" },
				"east": { "uv": [ 5.25, 9, 5, 9.25 ], "texture": "#voxels_atlas" }
			}
		},
		{
			"__comment": "Voxels",
			"from": [ 3.5, 8, 8.5 ],
			"to": [ 4.5, 8.5, 9 ],
			"faces": {
				"down": { "uv": [ 7.75, 10, 8.25, 10.25 ], "texture": "#voxels_atlas" },
				"up": { "uv": [ 8.25, 10.25, 8.75, 10 ], "texture": "#voxels_atlas" },
				"north": { "uv": [ 8.25, 9.75, 7.75, 10 ], "texture": "#voxels_atlas" },
				"south": { "uv": [ 8.25, 9.75, 8.75, 10 ], "texture": "#voxels_atlas" },
				"west": { "uv": [ 15.75, 15.75, 16, 16 ], "texture": "#voxels_atlas" },
				"east": { "uv": [ 16, 15.5, 15.75, 15.75 ], "texture": "#voxels_atlas" }
			}
		},
		{
			"__comment": "Voxels",
			"from": [ 4, 7, 6.5 ],
			"to": [ 7, 7.5, 7 ],
			"faces": {
				"down": { "uv": [ 10.25, 14.5, 11.75, 14.75 ], "texture": "#voxels_atlas" },
				"up": { "uv": [ 8.75, 14.75, 10.25, 14.5 ], "texture": "#voxels_atlas" },
				"north": { "uv": [ 14.75, 14.5, 13.25, 14.75 ], "texture": "#voxels_atlas" },
				"south": { "uv": [ 8.75, 14.25, 10.25, 14.5 ], "texture": "#voxels_atlas" },
				"west": { "uv": [ 9.75, 10.25, 10, 10.5 ], "texture": "#voxels_atlas" },
				"east": { "uv": [ 10, 10, 9.75, 10.25 ], "texture": "#voxels_atlas" }
			}
		},
		{
			"__comment": "Voxels",
			"from": [ 4, 7, 9 ],
			"to": [ 7, 8, 9.5 ],
			"faces": {
				"down": { "uv": [ 14.5, 15.25, 16, 15.5 ], "texture": "#voxels_atlas" },
				"up": { "uv": [ 11.75, 14.75, 13.25, 14.5 ], "texture": "#voxels_atlas" },
				"north": { "uv": [ 1.5, 11, 0, 11.5 ], "texture": "#voxels_atlas" },
				"south": { "uv": [ 0, 11.5, 1.5, 12 ], "texture": "#voxels_atlas" },
				"west": { "uv": [ 7.75, 9.25, 8, 9.75 ], "texture": "#voxels_atlas" },
				"east": { "uv": [ 8.25, 9.25, 8, 9.75 ], "texture": "#voxels_atlas" }
			}
		},
		{
			"__comment": "Voxels",
			"from": [ 4, 7, 9.5 ],
			"to": [ 6.5, 8, 10 ],
			"faces": {
				"down": { "uv": [ 14.75, 14.5, 16, 14.75 ], "texture": "#voxels_atlas" },
				"up": { "uv": [ 8.75, 12.75, 10, 12.5 ], "texture": "#voxels_atlas" },
				"north": { "uv": [ 1.25, 8, 0, 8.5 ], "texture": "#voxels_atlas" },
				"south": { "uv": [ 0, 8.5, 1.25, 9 ], "texture": "#voxels_atlas" },
				"west": { "uv": [ 8.25, 9.25, 8.5, 9.75 ], "texture": "#voxels_atlas" },
				"east": { "uv": [ 8.75, 9.25, 8.5, 9.75 ], "texture": "#voxels_atlas" }
			}
		},
		{
			"__comment": "Voxels",
			"from": [ 4, 7, 10 ],
			"to": [ 6.5, 7.5, 10.5 ],
			"faces": {
				"down": { "uv": [ 8.75, 12.25, 10, 12.5 ], "texture": "#voxels_atlas" },
				"up": { "uv": [ 8.75, 13.75, 10, 13.5 ], "texture": "#voxels_atlas" },
				"north": { "uv": [ 10, 13.75, 8.75, 14 ], "texture": "#voxels_atlas" },
				"south": { "uv": [ 8.75, 13, 10, 13.25 ], "texture": "#voxels_atlas" },
				"west": { "uv": [ 14.5, 13.5, 14.75, 13.75 ], "texture": "#voxels_atlas" },
				"east": { "uv": [ 15, 13.5, 14.75, 13.75 ], "texture": "#voxels_atlas" }
			}
		},
		{
			"__comment": "Voxels",
			"from": [ 4, 7, 15 ],
			"to": [ 6.5, 7.5, 15.5 ],
			"faces": {
				"down": { "uv": [ 8.75, 12.75, 10, 13 ], "texture": "#voxels_atlas" },
				"up": { "uv": [ 14.75, 14.5, 16, 14.25 ], "texture": "#voxels_atlas" },
				"north": { "uv": [ 16, 14, 14.75, 14.25 ], "texture": "#voxels_atlas" },
				"south": { "uv": [ 8.75, 13.25, 10, 13.5 ], "texture": "#voxels_atlas" },
				"west": { "uv": [ 10, 12.25, 10.25, 12.5 ], "texture": "#voxels_atlas" },
				"east": { "uv": [ 10.25, 12, 10, 12.25 ], "texture": "#voxels_atlas" }
			}
		},
		{
			"__comment": "Voxels",
			"from": [ 4, 7.5, 11 ],
			"to": [ 7, 8, 11.5 ],
			"faces": {
				"down": { "uv": [ 8.75, 14, 10.25, 14.25 ], "texture": "#voxels_atlas" },
				"up": { "uv": [ 10.25, 14.25, 11.75, 14 ], "texture": "#voxels_atlas" },
				"north": { "uv": [ 13.25, 14, 11.75, 14.25 ], "texture": "#voxels_atlas" },
				"south": { "uv": [ 13.25, 14, 14.75, 14.25 ], "texture": "#voxels_atlas" },
				"west": { "uv": [ 10, 10.25, 10.25, 10.5 ], "texture": "#voxels_atlas" },
				"east": { "uv": [ 10.25, 10, 10, 10.25 ], "texture": "#voxels_atlas" }
			}
		},
		{
			"__comment": "Voxels",
			"from": [ 4.5, 7, 6 ],
			"to": [ 6.5, 7.5, 6.5 ],
			"faces": {
				"down": { "uv": [ 7.75, 14.25, 8.75, 14.5 ], "texture": "#voxels_atlas" },
				"up": { "uv": [ 7.75, 13.75, 8.75, 13.5 ], "texture": "#voxels_atlas" },
				"north": { "uv": [ 8.75, 14, 7.75, 14.25 ], "texture": "#voxels_atlas" },
				"south": { "uv": [ 7.75, 13.75, 8.75, 14 ], "texture": "#voxels_atlas" },
				"west": { "uv": [ 5, 8.75, 5.25, 9 ], "texture": "#voxels_atlas" },
				"east": { "uv": [ 5.25, 8.5, 5, 8.75 ], "texture": "#voxels_atlas" }
			}
		},
		{
			"__comment": "Voxels",
			"from": [ 4.5, 7.5, 6.5 ],
			"to": [ 7, 8, 7 ],
			"faces": {
				"down": { "uv": [ 8.75, 11.75, 10, 12 ], "texture": "#voxels_atlas" },
				"up": { "uv": [ 8.75, 11.75, 10, 11.5 ], "texture": "#voxels_atlas" },
				"north": { "uv": [ 10, 12, 8.75, 12.25 ], "texture": "#voxels_atlas" },
				"south": { "uv": [ 8.75, 11.25, 10, 11.5 ], "texture": "#voxels_atlas" },
				"west": { "uv": [ 7.5, 8.25, 7.75, 8.5 ], "texture": "#voxels_atlas" },
				"east": { "uv": [ 7.75, 8, 7.5, 8.25 ], "texture": "#voxels_atlas" }
			}
		},
		{
			"__comment": "Voxels",
			"from": [ 4.5, 7.5, 10 ],
			"to": [ 6.5, 8, 11 ],
			"faces": {
				"down": { "uv": [ 7.75, 14.5, 8.75, 15 ], "texture": "#voxels_atlas" },
				"up": { "uv": [ 7.75, 15.5, 8.75, 15 ], "texture": "#voxels_atlas" },
				"north": { "uv": [ 8.75, 12.75, 7.75, 13 ], "texture": "#voxels_atlas" },
				"south": { "uv": [ 7.75, 12.5, 8.75, 12.75 ], "texture": "#voxels_atlas" },
				"west": { "uv": [ 9.25, 10.5, 9.75, 10.75 ], "texture": "#voxels_atlas" },
				"east": { "uv": [ 9.25, 10.25, 8.75, 10.5 ], "texture": "#voxels_atlas" }
			}
		},
		{
			"__comment": "Voxels",
			"from": [ 5.5, 6.5, 7 ],
			"to": [ 6.5, 7, 7.5 ],
			"faces": {
				"down": { "uv": [ 9.25, 10.25, 9.75, 10.5 ], "texture": "#voxels_atlas" },
				"up": { "uv": [ 8.75, 10.25, 9.25, 10 ], "texture": "#voxels_atlas" },
				"north": { "uv": [ 9.75, 10, 9.25, 10.25 ], "texture": "#voxels_atlas" },
				"south": { "uv": [ 8.75, 9.75, 9.25, 10 ], "texture": "#voxels_atlas" },
				"west": { "uv": [ 9.75, 9.25, 10, 9.5 ], "texture": "#voxels_atlas" },
				"east": { "uv": [ 10, 9, 9.75, 9.25 ], "texture": "#voxels_atlas" }
			}
		},
		{
			"__comment": "Voxels",
			"from": [ 5.5, 6.5, 8.5 ],
			"to": [ 6.5, 7, 9 ],
			"faces": {
				"down": { "uv": [ 9.25, 9.75, 9.75, 10 ], "texture": "#voxels_atlas" },
				"up": { "uv": [ 8.75, 9.75, 9.25, 9.5 ], "texture": "#voxels_atlas" },
				"north": { "uv": [ 9.75, 9.5, 9.25, 9.75 ], "texture": "#voxels_atlas" },
				"south": { "uv": [ 8.75, 9.25, 9.25, 9.5 ], "texture": "#voxels_atlas" },
				"west": { "uv": [ 10.5, 13.5, 10.75, 13.75 ], "texture": "#voxels_atlas" },
				"east": { "uv": [ 11, 13.5, 10.75, 13.75 ], "texture": "#voxels_atlas" }
			}
		},
		{
			"__comment": "Voxels",
			"from": [ 5.5, 8, 7 ],
			"to": [ 6.5, 8.5, 7.5 ],
			"faces": {
				"down": { "uv": [ 9.25, 9.25, 9.75, 9.5 ], "texture": "#voxels_atlas" },
				"up": { "uv": [ 8.75, 9.25, 9.25, 9 ], "texture": "#voxels_atlas" },
				"north": { "uv": [ 9.75, 9, 9.25, 9.25 ], "texture": "#voxels_atlas" },
				"south": { "uv": [ 8.75, 8.75, 9.25, 9 ], "texture": "#voxels_atlas" },
				"west": { "uv": [ 12, 13.5, 12.25, 13.75 ], "texture": "#voxels_atlas" },
				"east": { "uv": [ 12.5, 13.5, 12.25, 13.75 ], "texture": "#voxels_atlas" }
			}
		},
		{
			"__comment": "Voxels",
			"from": [ 5.5, 8, 8.5 ],
			"to": [ 6.5, 8.5, 9 ],
			"faces": {
				"down": { "uv": [ 9.25, 8.75, 9.75, 9 ], "texture": "#voxels_atlas" },
				"up": { "uv": [ 8.75, 8.75, 9.25, 8.5 ], "texture": "#voxels_atlas" },
				"north": { "uv": [ 9.25, 8.25, 8.75, 8.5 ], "texture": "#voxels_atlas" },
				"south": { "uv": [ 8.75, 8, 9.25, 8.25 ], "texture": "#voxels_atlas" },
				"west": { "uv": [ 13.5, 13.5, 13.75, 13.75 ], "texture": "#voxels_atlas" },
				"east": { "uv": [ 14, 13.5, 13.75, 13.75 ], "texture": "#voxels_atlas" }
			}
		},
		{
			"__comment": "Voxels",
			"from": [ 6, 6.5, 6.5 ],
			"to": [ 7, 7, 7 ],
			"faces": {
				"down": { "uv": [ 9.25, 8.5, 9.75, 8.75 ], "texture": "#voxels_atlas" },
				"up": { "uv": [ 9.25, 8.5, 9.75, 8.25 ], "texture": "#voxels_atlas" },
				"north": { "uv": [ 9.75, 8, 9.25, 8.25 ], "texture": "#voxels_atlas" },
				"south": { "uv": [ 10, 13.75, 10.5, 14 ], "texture": "#voxels_atlas" },
				"west": { "uv": [ 15, 13.5, 15.25, 13.75 ], "texture": "#voxels_atlas" },
				"east": { "uv": [ 15.5, 13.5, 15.25, 13.75 ], "texture": "#voxels_atlas" }
			}
		},
		{
			"__comment": "Voxels",
			"from": [ 6, 6.5, 9 ],
			"to": [ 7, 7, 9.5 ],
			"faces": {
				"down": { "uv": [ 10.5, 13.75, 11, 14 ], "texture": "#voxels_atlas" },
				"up": { "uv": [ 11, 14, 11.5, 13.75 ], "texture": "#voxels_atlas" },
				"north": { "uv": [ 12, 13.75, 11.5, 14 ], "texture": "#voxels_atlas" },
				"south": { "uv": [ 12, 13.75, 12.5, 14 ], "texture": "#voxels_atlas" },
				"west": { "uv": [ 10, 12.75, 10.25, 13 ], "texture": "#voxels_atlas" },
				"east": { "uv": [ 10.25, 12.5, 10, 12.75 ], "texture": "#voxels_atlas" }
			}
		},
		{
			"__comment": "Voxels",
			"from": [ 6, 8, 6.5 ],
			"to": [ 7, 8.5, 7 ],
			"faces": {
				"down": { "uv": [ 12.5, 13.75, 13, 14 ], "texture": "#voxels_atlas" },
				"up": { "uv": [ 13, 14, 13.5, 13.75 ], "texture": "#voxels_atlas" },
				"north": { "uv": [ 14, 13.75, 13.5, 14 ], "texture": "#voxels_atlas" },
				"south": { "uv": [ 14, 13.75, 14.5, 14 ], "texture": "#voxels_atlas" },
				"west": { "uv": [ 10, 11.25, 10.25, 11.5 ], "texture": "#voxels_atlas" },
				"east": { "uv": [ 10.25, 11, 10, 11.25 ], "texture": "#voxels_atlas" }
			}
		},
		{
			"__comment": "Voxels",
			"from": [ 6, 8, 9 ],
			"to": [ 7, 8.5, 9.5 ],
			"faces": {
				"down": { "uv": [ 14.5, 13.75, 15, 14 ], "texture": "#voxels_atlas" },
				"up": { "uv": [ 15, 14, 15.5, 13.75 ], "texture": "#voxels_atlas" },
				"north": { "uv": [ 16, 13.75, 15.5, 14 ], "texture": "#voxels_atlas" },
				"south": { "uv": [ 10, 13.5, 10.5, 13.75 ], "texture": "#voxels_atlas" },
				"west": { "uv": [ 10, 9.75, 10.25, 10 ], "texture": "#voxels_atlas" },
				"east": { "uv": [ 10.25, 9.5, 10, 9.75 ], "texture": "#voxels_atlas" }
			}
		},
		{
			"__comment": "Voxels",
			"from": [ 6.5, 7.5, 10.5 ],
			"to": [ 7, 8, 11 ],
			"faces": {
				"down": { "uv": [ 10, 9.25, 10.25, 9.5 ], "texture": "#voxels_atlas" },
				"up": { "uv": [ 10, 9.25, 10.25, 9 ], "texture": "#voxels_atlas" },
				"north": { "uv": [ 10.25, 8.75, 10, 9 ], "texture": "#voxels_atlas" },
				"south": { "uv": [ 10, 8.5, 10.25, 8.75 ], "texture": "#voxels_atlas" },
				"west": { "uv": [ 10, 8.25, 10.25, 8.5 ], "texture": "#voxels_atlas" },
				"east": { "uv": [ 10.25, 8, 10, 8.25 ], "texture": "#voxels_atlas" }
			}
		}
	],
	"display": {
		"thirdperson_righthand": {
			"rotation":  [ -167, 5, -88 ],
			"translation":  [ 0.6956, 13.912, 4.1843 ],
			"scale":  [ 1.2, 0.8, 1 ]
		},
		"thirdperson_lefthand": {
			"rotation":  [ 14, 180, -88 ],
			"translation":  [ 0.6956, 13.912, 4.1843 ],
			"scale":  [ 1.2, 0.8, 1 ]
		},
		"firstperson_righthand": {
			"rotation":  [ -31, -180, 92 ],
			"translation":  [ 1.3913, 8.3478, 0 ],
			"scale":  [ 0.6, 0.6, 0.6 ]
		},
		"firstperson_lefthand": {
			"rotation":  [ 155, 2, 92 ],
			"translation":  [ 1.3913, 8.3478, 0 ],
			"scale":  [ 0.6, 0.6, 0.6 ]
		},
		"gui": {
			"rotation":  [ 70, 66, 0 ],
			"translation":  [ 0.6955, 7.652, 0 ]
		},
		"ground": {
			"rotation":  [ 6, 19, -74 ],
			"translation":  [ 0, -2.086, 0 ],
			"scale":  [ 0.8, 0.8, 0.8 ]
		},
		"fixed": {
			"rotation":  [ -89, -119, 0 ],
			"translation":  [ -3.478, 6.9565, -1 ]
		}
	}
}