{
	"__comment": "Designed by Pashjn with Cubik Studio - https://cubik.studio",
	"textures": {
		"particle": "images/stonepickaxe",
		"texture": "images/stonepickaxe",
		"voxels_atlas": "images/stonepickaxe"
	},
	"elements": [ 	 
		{
			"__comment": "Voxels",
			"from": [ -9, 7, 7.5 ],
			"to": [ 7, 8, 8.5 ],
			"faces": {
				"down": { "uv": [ 0, 15.5, 8, 16 ], "texture": "#voxels_atlas" },
				"up": { "uv": [ 0, 15.5, 8, 15 ], "texture": "#voxels_atlas" },
				"north": { "uv": [ 8, 14.5, 0, 15 ], "texture": "#voxels_atlas" },
				"south": { "uv": [ 0, 14, 8, 14.5 ], "texture": "#voxels_atlas" },
				"west": { "uv": [ 7.5, 11, 8, 11.5 ], "texture": "#voxels_atlas" },
				"east": { "uv": [ 0.5, 10, 0, 10.5 ], "texture": "#voxels_atlas" }
			}
		},
		{
			"__comment": "Voxels",
			"from": [ -8.5, 6.5, 7.5 ],
			"to": [ -7.5, 7, 8.5 ],
			"faces": {
				"down": { "uv": [ 0.5, 10, 1, 10.5 ], "texture": "#voxels_atlas" },
				"up": { "uv": [ 1, 10.5, 1.5, 10 ], "texture": "#voxels_atlas" },
				"north": { "uv": [ 3.5, 9, 3, 9.25 ], "texture": "#voxels_atlas" },
				"south": { "uv": [ 7.25, 8.5, 7.75, 8.75 ], "texture": "#voxels_atlas" },
				"west": { "uv": [ 7.25, 8.25, 7.75, 8.5 ], "texture": "#voxels_atlas" },
				"east": { "uv": [ 0.5, 8, 0, 8.25 ], "texture": "#voxels_atlas" }
			}
		},
		{
			"__comment": "Voxels",
			"from": [ -8.5, 7, 7 ],
			"to": [ -7.5, 8, 7.5 ],
			"faces": {
				"down": { "uv": [ 0.5, 8, 1, 8.25 ], "texture": "#voxels_atlas" },
				"up": { "uv": [ 7.5, 11, 8, 10.75 ], "texture": "#voxels_atlas" },
				"north": { "uv": [ 3, 10, 2.5, 10.5 ], "texture": "#voxels_atlas" },
				"south": { "uv": [ 3, 10, 3.5, 10.5 ], "texture": "#voxels_atlas" },
				"west": { "uv": [ 7.5, 9.5, 7.75, 10 ], "texture": "#voxels_atlas" },
				"east": { "uv": [ 8, 9.5, 7.75, 10 ], "texture": "#voxels_atlas" }
			}
		},
		{
			"__comment": "Voxels",
			"from": [ -8.5, 7, 8.5 ],
			"to": [ -7.5, 8, 9 ],
			"faces": {
				"down": { "uv": [ 7.5, 10.5, 8, 10.75 ], "texture": "#voxels_atlas" },
				"up": { "uv": [ 2.5, 9.25, 3, 9 ], "texture": "#voxels_atlas" },
				"north": { "uv": [ 6, 10, 5.5, 10.5 ], "texture": "#voxels_atlas" },
				"south": { "uv": [ 6, 10, 6.5, 10.5 ], "texture": "#voxels_atlas" },
				"west": { "uv": [ 2.5, 8.5, 2.75, 9 ], "texture": "#voxels_atlas" },
				"east": { "uv": [ 3, 8.5, 2.75, 9 ], "texture": "#voxels_atlas" }
			}
		},
		{
			"__comment": "Voxels",
			"from": [ -8.5, 8, 7.5 ],
			"to": [ -7.5, 8.5, 8.5 ],
			"faces": {
				"down": { "uv": [ 7.5, 10, 8, 10.5 ], "texture": "#voxels_atlas" },
				"up": { "uv": [ 0, 10, 0.5, 9.5 ], "texture": "#voxels_atlas" },
				"north": { "uv": [ 3, 8.25, 2.5, 8.5 ], "texture": "#voxels_atlas" },
				"south": { "uv": [ 5.5, 8.25, 6, 8.5 ], "texture": "#voxels_atlas" },
				"west": { "uv": [ 4.25, 8.5, 4.75, 8.75 ], "texture": "#voxels_atlas" },
				"east": { "uv": [ 3.5, 8.75, 3, 9 ], "texture": "#voxels_atlas" }
			}
		},
		{
			"__comment": "Voxels",
			"from": [ 1, 7, 2 ],
			"to": [ 3, 8, 2.5 ],
			"faces": {
				"down": { "uv": [ 1.5, 9.75, 2.5, 10 ], "texture": "#voxels_atlas" },
				"up": { "uv": [ 1.5, 9.75, 2.5, 9.5 ], "texture": "#voxels_atlas" },
				"north": { "uv": [ 3, 11.5, 2, 12 ], "texture": "#voxels_atlas" },
				"south": { "uv": [ 3.5, 12, 4.5, 12.5 ], "texture": "#voxels_atlas" },
				"west": { "uv": [ 3, 8.25, 3.25, 8.75 ], "texture": "#voxels_atlas" },
				"east": { "uv": [ 3.5, 8.25, 3.25, 8.75 ], "texture": "#voxels_atlas" }
			}
		},
		{
			"__comment": "Voxels",
			"from": [ 1, 7, 13.5 ],
			"to": [ 3, 8, 14 ],
			"faces": {
				"down": { "uv": [ 3.5, 9.75, 4.5, 10 ], "texture": "#voxels_atlas" },
				"up": { "uv": [ 3.5, 9.75, 4.5, 9.5 ], "texture": "#voxels_atlas" },
				"north": { "uv": [ 4.5, 11.5, 3.5, 12 ], "texture": "#voxels_atlas" },
				"south": { "uv": [ 5, 12, 6, 12.5 ], "texture": "#voxels_atlas" },
				"west": { "uv": [ 3.5, 8.75, 3.75, 9.25 ], "texture": "#voxels_atlas" },
				"east": { "uv": [ 3.75, 8.25, 3.5, 8.75 ], "texture": "#voxels_atlas" }
			}
		},
		{
			"__comment": "Voxels",
			"from": [ 1.5, 7, 2.5 ],
			"to": [ 4, 8, 3 ],
			"faces": {
				"down": { "uv": [ 1.25, 10.5, 2.5, 10.75 ], "texture": "#voxels_atlas" },
				"up": { "uv": [ 0, 11, 1.25, 10.75 ], "texture": "#voxels_atlas" },
				"north": { "uv": [ 2.75, 13, 1.5, 13.5 ], "texture": "#voxels_atlas" },
				"south": { "uv": [ 2.75, 13.5, 4, 14 ], "texture": "#voxels_atlas" },
				"west": { "uv": [ 7.25, 8.75, 7.5, 9.25 ], "texture": "#voxels_atlas" },
				"east": { "uv": [ 7.25, 8.25, 7, 8.75 ], "texture": "#voxels_atlas" }
			}
		},
		{
			"__comment": "Voxels",
			"from": [ 1.5, 7, 13 ],
			"to": [ 4, 8, 13.5 ],
			"faces": {
				"down": { "uv": [ 1.25, 10.75, 2.5, 11 ], "texture": "#voxels_atlas" },
				"up": { "uv": [ 2.5, 11, 3.75, 10.75 ], "texture": "#voxels_atlas" },
				"north": { "uv": [ 2.75, 13.5, 1.5, 14 ], "texture": "#voxels_atlas" },
				"south": { "uv": [ 2.75, 13, 4, 13.5 ], "texture": "#voxels_atlas" },
				"west": { "uv": [ 7, 8.75, 7.25, 9.25 ], "texture": "#voxels_atlas" },
				"east": { "uv": [ 7, 8.25, 6.75, 8.75 ], "texture": "#voxels_atlas" }
			}
		},
		{
			"__comment": "Voxels",
			"from": [ 2.5, 7, 3 ],
			"to": [ 4.5, 8, 3.5 ],
			"faces": {
				"down": { "uv": [ 4.5, 10.5, 5.5, 10.75 ], "texture": "#voxels_atlas" },
				"up": { "uv": [ 5.5, 10, 6.5, 9.75 ], "texture": "#voxels_atlas" },
				"north": { "uv": [ 8, 12, 7, 12.5 ], "texture": "#voxels_atlas" },
				"south": { "uv": [ 7, 11.5, 8, 12 ], "texture": "#voxels_atlas" },
				"west": { "uv": [ 6.5, 8.25, 6.75, 8.75 ], "texture": "#voxels_atlas" },
				"east": { "uv": [ 6.75, 8.75, 6.5, 9.25 ], "texture": "#voxels_atlas" }
			}
		},
		{
			"__comment": "Voxels",
			"from": [ 2.5, 7, 12.5 ],
			"to": [ 4.5, 8, 13 ],
			"faces": {
				"down": { "uv": [ 5.5, 9.5, 6.5, 9.75 ], "texture": "#voxels_atlas" },
				"up": { "uv": [ 6.5, 10, 7.5, 9.75 ], "texture": "#voxels_atlas" },
				"north": { "uv": [ 6, 13.5, 5, 14 ], "texture": "#voxels_atlas" },
				"south": { "uv": [ 5, 13, 6, 13.5 ], "texture": "#voxels_atlas" },
				"west": { "uv": [ 6.25, 8.25, 6.5, 8.75 ], "texture": "#voxels_atlas" },
				"east": { "uv": [ 6.5, 8.75, 6.25, 9.25 ], "texture": "#voxels_atlas" }
			}
		},
		{
			"__comment": "Voxels",
			"from": [ 3, 7, 3.5 ],
			"to": [ 5, 8, 4 ],
			"faces": {
				"down": { "uv": [ 6.5, 9.5, 7.5, 9.75 ], "texture": "#voxels_atlas" },
				"up": { "uv": [ 0, 9.5, 1, 9.25 ], "texture": "#voxels_atlas" },
				"north": { "uv": [ 1, 12.5, 0, 13 ], "texture": "#voxels_atlas" },
				"south": { "uv": [ 1, 12.5, 2, 13 ], "texture": "#voxels_atlas" },
				"west": { "uv": [ 6, 8.25, 6.25, 8.75 ], "texture": "#voxels_atlas" },
				"east": { "uv": [ 6.25, 8.75, 6, 9.25 ], "texture": "#voxels_atlas" }
			}
		},
		{
			"__comment": "Voxels",
			"from": [ 3, 7, 12 ],
			"to": [ 5, 8, 12.5 ],
			"faces": {
				"down": { "uv": [ 1, 9.25, 2, 9.5 ], "texture": "#voxels_atlas" },
				"up": { "uv": [ 2, 9.5, 3, 9.25 ], "texture": "#voxels_atlas" },
				"north": { "uv": [ 7, 12.5, 6, 13 ], "texture": "#voxels_atlas" },
				"south": { "uv": [ 7, 12.5, 8, 13 ], "texture": "#voxels_atlas" },
				"west": { "uv": [ 5.75, 8.5, 6, 9 ], "texture": "#voxels_atlas" },
				"east": { "uv": [ 5.75, 8.5, 5.5, 9 ], "texture": "#voxels_atlas" }
			}
		},
		{
			"__comment": "Voxels",
			"from": [ 3.5, 6.5, 7 ],
			"to": [ 4.5, 8.5, 7.5 ],
			"faces": {
				"down": { "uv": [ 5.5, 9, 6, 9.25 ], "texture": "#voxels_atlas" },
				"up": { "uv": [ 5, 9, 5.5, 8.75 ], "texture": "#voxels_atlas" },
				"north": { "uv": [ 0.5, 11.5, 0, 12.5 ], "texture": "#voxels_atlas" },
				"south": { "uv": [ 0.5, 11.5, 1, 12.5 ], "texture": "#voxels_atlas" },
				"west": { "uv": [ 0, 8.25, 0.25, 9.25 ], "texture": "#voxels_atlas" },
				"east": { "uv": [ 0.5, 8.25, 0.25, 9.25 ], "texture": "#voxels_atlas" }
			}
		},
		{
			"__comment": "Voxels",
			"from": [ 3.5, 6.5, 8.5 ],
			"to": [ 4.5, 8.5, 9 ],
			"faces": {
				"down": { "uv": [ 5, 9, 5.5, 9.25 ], "texture": "#voxels_atlas" },
				"up": { "uv": [ 4.25, 8.5, 4.75, 8.25 ], "texture": "#voxels_atlas" },
				"north": { "uv": [ 3.5, 11.5, 3, 12.5 ], "texture": "#voxels_atlas" },
				"south": { "uv": [ 4.5, 11.5, 5, 12.5 ], "texture": "#voxels_atlas" },
				"west": { "uv": [ 0.5, 8.25, 0.75, 9.25 ], "texture": "#voxels_atlas" },
				"east": { "uv": [ 1, 8.25, 0.75, 9.25 ], "texture": "#voxels_atlas" }
			}
		},
		{
			"__comment": "Voxels",
			"from": [ 3.5, 7, 4 ],
			"to": [ 5.5, 8, 4.5 ],
			"faces": {
				"down": { "uv": [ 3, 9.25, 4, 9.5 ], "texture": "#voxels_atlas" },
				"up": { "uv": [ 4, 9.5, 5, 9.25 ], "texture": "#voxels_atlas" },
				"north": { "uv": [ 6, 11.5, 5, 12 ], "texture": "#voxels_atlas" },
				"south": { "uv": [ 6, 11.5, 7, 12 ], "texture": "#voxels_atlas" },
				"west": { "uv": [ 4, 8.75, 4.25, 9.25 ], "texture": "#voxels_atlas" },
				"east": { "uv": [ 4, 8.25, 3.75, 8.75 ], "texture": "#voxels_atlas" }
			}
		},
		{
			"__comment": "Voxels",
			"from": [ 3.5, 7, 11.5 ],
			"to": [ 5.5, 8, 12 ],
			"faces": {
				"down": { "uv": [ 2.5, 10.5, 3.5, 10.75 ], "texture": "#voxels_atlas" },
				"up": { "uv": [ 3.5, 10.75, 4.5, 10.5 ], "texture": "#voxels_atlas" },
				"north": { "uv": [ 5, 12.5, 4, 13 ], "texture": "#voxels_atlas" },
				"south": { "uv": [ 5, 12.5, 6, 13 ], "texture": "#voxels_atlas" },
				"west": { "uv": [ 7.75, 8.75, 8, 9.25 ], "texture": "#voxels_atlas" },
				"east": { "uv": [ 7.75, 8.75, 7.5, 9.25 ], "texture": "#voxels_atlas" }
			}
		},
		{
			"__comment": "Voxels",
			"from": [ 4, 6.5, 7.5 ],
			"to": [ 6.5, 7, 8 ],
			"faces": {
				"down": { "uv": [ 3.75, 10.75, 5, 11 ], "texture": "#voxels_atlas" },
				"up": { "uv": [ 5, 11, 6.25, 10.75 ], "texture": "#voxels_atlas" },
				"north": { "uv": [ 1.25, 10.5, 0, 10.75 ], "texture": "#voxels_atlas" },
				"south": { "uv": [ 6.25, 10.75, 7.5, 11 ], "texture": "#voxels_atlas" },
				"west": { "uv": [ 0, 4.25, 0.25, 4.5 ], "texture": "#voxels_atlas" },
				"east": { "uv": [ 0.25, 4, 0, 4.25 ], "texture": "#voxels_atlas" }
			}
		},
		{
			"__comment": "Voxels",
			"from": [ 4, 6.5, 8 ],
			"to": [ 6, 7, 8.5 ],
			"faces": {
				"down": { "uv": [ 6.5, 10, 7.5, 10.25 ], "texture": "#voxels_atlas" },
				"up": { "uv": [ 5.5, 10.75, 6.5, 10.5 ], "texture": "#voxels_atlas" },
				"north": { "uv": [ 7.5, 10.5, 6.5, 10.75 ], "texture": "#voxels_atlas" },
				"south": { "uv": [ 1.5, 10.25, 2.5, 10.5 ], "texture": "#voxels_atlas" },
				"west": { "uv": [ 7, 7.75, 7.25, 8 ], "texture": "#voxels_atlas" },
				"east": { "uv": [ 7, 7.75, 6.75, 8 ], "texture": "#voxels_atlas" }
			}
		},
		{
			"__comment": "Voxels",
			"from": [ 4, 7, 4.5 ],
			"to": [ 6, 8, 5 ],
			"faces": {
				"down": { "uv": [ 1.5, 10, 2.5, 10.25 ], "texture": "#voxels_atlas" },
				"up": { "uv": [ 3.5, 10.5, 4.5, 10.25 ], "texture": "#voxels_atlas" },
				"north": { "uv": [ 8, 13, 7, 13.5 ], "texture": "#voxels_atlas" },
				"south": { "uv": [ 7, 13.5, 8, 14 ], "texture": "#voxels_atlas" },
				"west": { "uv": [ 4, 8.25, 4.25, 8.75 ], "texture": "#voxels_atlas" },
				"east": { "uv": [ 7, 8.75, 6.75, 9.25 ], "texture": "#voxels_atlas" }
			}
		},
		{
			"__comment": "Voxels",
			"from": [ 4, 7, 11 ],
			"to": [ 6, 8, 11.5 ],
			"faces": {
				"down": { "uv": [ 3.5, 10, 4.5, 10.25 ], "texture": "#voxels_atlas" },
				"up": { "uv": [ 4.5, 10.5, 5.5, 10.25 ], "texture": "#voxels_atlas" },
				"north": { "uv": [ 2, 11.5, 1, 12 ], "texture": "#voxels_atlas" },
				"south": { "uv": [ 1, 12, 2, 12.5 ], "texture": "#voxels_atlas" },
				"west": { "uv": [ 0, 5.25, 0.25, 5.75 ], "texture": "#voxels_atlas" },
				"east": { "uv": [ 4, 8.75, 3.75, 9.25 ], "texture": "#voxels_atlas" }
			}
		},
		{
			"__comment": "Voxels",
			"from": [ 4, 8, 7.5 ],
			"to": [ 6, 8.5, 8.5 ],
			"faces": {
				"down": { "uv": [ 4, 13, 5, 13.5 ], "texture": "#voxels_atlas" },
				"up": { "uv": [ 4, 14, 5, 13.5 ], "texture": "#voxels_atlas" },
				"north": { "uv": [ 5.5, 10, 4.5, 10.25 ], "texture": "#voxels_atlas" },
				"south": { "uv": [ 6.5, 10.25, 7.5, 10.5 ], "texture": "#voxels_atlas" },
				"west": { "uv": [ 4.25, 9, 4.75, 9.25 ], "texture": "#voxels_atlas" },
				"east": { "uv": [ 4.75, 8.75, 4.25, 9 ], "texture": "#voxels_atlas" }
			}
		},
		{
			"__comment": "Voxels",
			"from": [ 4.5, 7, 5 ],
			"to": [ 6, 8, 5.5 ],
			"faces": {
				"down": { "uv": [ 5, 9.25, 5.75, 9.5 ], "texture": "#voxels_atlas" },
				"up": { "uv": [ 1, 8.75, 1.75, 8.5 ], "texture": "#voxels_atlas" },
				"north": { "uv": [ 6, 11, 5.25, 11.5 ], "texture": "#voxels_atlas" },
				"south": { "uv": [ 1.5, 11, 2.25, 11.5 ], "texture": "#voxels_atlas" },
				"west": { "uv": [ 4.75, 8.75, 5, 9.25 ], "texture": "#voxels_atlas" },
				"east": { "uv": [ 5, 8.25, 4.75, 8.75 ], "texture": "#voxels_atlas" }
			}
		},
		{
			"__comment": "Voxels",
			"from": [ 4.5, 7, 10.5 ],
			"to": [ 6, 8, 11 ],
			"faces": {
				"down": { "uv": [ 1, 8.25, 1.75, 8.5 ], "texture": "#voxels_atlas" },
				"up": { "uv": [ 7.25, 9.5, 8, 9.25 ], "texture": "#voxels_atlas" },
				"north": { "uv": [ 1.5, 11, 0.75, 11.5 ], "texture": "#voxels_atlas" },
				"south": { "uv": [ 3.75, 11, 4.5, 11.5 ], "texture": "#voxels_atlas" },
				"west": { "uv": [ 5, 8.25, 5.25, 8.75 ], "texture": "#voxels_atlas" },
				"east": { "uv": [ 5.5, 8.25, 5.25, 8.75 ], "texture": "#voxels_atlas" }
			}
		},
		{
			"__comment": "Voxels",
			"from": [ 5, 7, 5.5 ],
			"to": [ 6.5, 8, 7.5 ],
			"faces": {
				"down": { "uv": [ 0, 13, 0.75, 14 ], "texture": "#voxels_atlas" },
				"up": { "uv": [ 0.75, 14, 1.5, 13 ], "texture": "#voxels_atlas" },
				"north": { "uv": [ 5.25, 11, 4.5, 11.5 ], "texture": "#voxels_atlas" },
				"south": { "uv": [ 0, 11, 0.75, 11.5 ], "texture": "#voxels_atlas" },
				"west": { "uv": [ 2, 12.5, 3, 13 ], "texture": "#voxels_atlas" },
				"east": { "uv": [ 7, 13, 6, 13.5 ], "texture": "#voxels_atlas" }
			}
		},
		{
			"__comment": "Voxels",
			"from": [ 5, 7, 8.5 ],
			"to": [ 7, 8, 9.5 ],
			"faces": {
				"down": { "uv": [ 6, 13.5, 7, 14 ], "texture": "#voxels_atlas" },
				"up": { "uv": [ 2, 12.5, 3, 12 ], "texture": "#voxels_atlas" },
				"north": { "uv": [ 4, 12.5, 3, 13 ], "texture": "#voxels_atlas" },
				"south": { "uv": [ 6, 12, 7, 12.5 ], "texture": "#voxels_atlas" },
				"west": { "uv": [ 0.5, 9.5, 1, 10 ], "texture": "#voxels_atlas" },
				"east": { "uv": [ 1.5, 9.5, 1, 10 ], "texture": "#voxels_atlas" }
			}
		},
		{
			"__comment": "Voxels",
			"from": [ 5, 7, 9.5 ],
			"to": [ 6.5, 8, 10.5 ],
			"faces": {
				"down": { "uv": [ 6, 11, 6.75, 11.5 ], "texture": "#voxels_atlas" },
				"up": { "uv": [ 6.75, 11.5, 7.5, 11 ], "texture": "#voxels_atlas" },
				"north": { "uv": [ 3.75, 11, 3, 11.5 ], "texture": "#voxels_atlas" },
				"south": { "uv": [ 2.25, 11, 3, 11.5 ], "texture": "#voxels_atlas" },
				"west": { "uv": [ 2.5, 9.5, 3, 10 ], "texture": "#voxels_atlas" },
				"east": { "uv": [ 3.5, 9.5, 3, 10 ], "texture": "#voxels_atlas" }
			}
		},
		{
			"__comment": "Voxels",
			"from": [ 5, 8, 7 ],
			"to": [ 6.5, 8.5, 7.5 ],
			"faces": {
				"down": { "uv": [ 1, 9, 1.75, 9.25 ], "texture": "#voxels_atlas" },
				"up": { "uv": [ 1, 9, 1.75, 8.75 ], "texture": "#voxels_atlas" },
				"north": { "uv": [ 7.25, 9.25, 6.5, 9.5 ], "texture": "#voxels_atlas" },
				"south": { "uv": [ 5.75, 9.25, 6.5, 9.5 ], "texture": "#voxels_atlas" },
				"west": { "uv": [ 6, 7.75, 6.25, 8 ], "texture": "#voxels_atlas" },
				"east": { "uv": [ 6.75, 7.75, 6.5, 8 ], "texture": "#voxels_atlas" }
			}
		},
		{
			"__comment": "Voxels",
			"from": [ 5, 8, 8.5 ],
			"to": [ 6.5, 8.5, 9 ],
			"faces": {
				"down": { "uv": [ 1.75, 9, 2.5, 9.25 ], "texture": "#voxels_atlas" },
				"up": { "uv": [ 1.75, 9, 2.5, 8.75 ], "texture": "#voxels_atlas" },
				"north": { "uv": [ 2.5, 8.5, 1.75, 8.75 ], "texture": "#voxels_atlas" },
				"south": { "uv": [ 1.75, 8.25, 2.5, 8.5 ], "texture": "#voxels_atlas" },
				"west": { "uv": [ 5, 7.75, 5.25, 8 ], "texture": "#voxels_atlas" },
				"east": { "uv": [ 5.5, 7.75, 5.25, 8 ], "texture": "#voxels_atlas" }
			}
		},
		{
			"__comment": "Voxels",
			"from": [ 5.5, 6.5, 7 ],
			"to": [ 6.5, 7, 7.5 ],
			"faces": {
				"down": { "uv": [ 1, 8, 1.5, 8.25 ], "texture": "#voxels_atlas" },
				"up": { "uv": [ 1.5, 8.25, 2, 8 ], "texture": "#voxels_atlas" },
				"north": { "uv": [ 2.5, 8, 2, 8.25 ], "texture": "#voxels_atlas" },
				"south": { "uv": [ 2.5, 8, 3, 8.25 ], "texture": "#voxels_atlas" },
				"west": { "uv": [ 0, 4.75, 0.25, 5 ], "texture": "#voxels_atlas" },
				"east": { "uv": [ 0.25, 4.5, 0, 4.75 ], "texture": "#voxels_atlas" }
			}
		},
		{
			"__comment": "Voxels",
			"from": [ 5.5, 6.5, 8.5 ],
			"to": [ 6.5, 7, 9 ],
			"faces": {
				"down": { "uv": [ 3, 8, 3.5, 8.25 ], "texture": "#voxels_atlas" },
				"up": { "uv": [ 3.5, 8.25, 4, 8 ], "texture": "#voxels_atlas" },
				"north": { "uv": [ 4.5, 8, 4, 8.25 ], "texture": "#voxels_atlas" },
				"south": { "uv": [ 4.5, 8, 5, 8.25 ], "texture": "#voxels_atlas" },
				"west": { "uv": [ 5.5, 7.75, 5.75, 8 ], "texture": "#voxels_atlas" },
				"east": { "uv": [ 6, 7.75, 5.75, 8 ], "texture": "#voxels_atlas" }
			}
		},
		{
			"__comment": "Voxels",
			"from": [ 6, 6.5, 6.5 ],
			"to": [ 7, 7, 7 ],
			"faces": {
				"down": { "uv": [ 5, 8, 5.5, 8.25 ], "texture": "#voxels_atlas" },
				"up": { "uv": [ 5.5, 8.25, 6, 8 ], "texture": "#voxels_atlas" },
				"north": { "uv": [ 3, 7.75, 2.5, 8 ], "texture": "#voxels_atlas" },
				"south": { "uv": [ 6, 8, 6.5, 8.25 ], "texture": "#voxels_atlas" },
				"west": { "uv": [ 7.25, 7.75, 7.5, 8 ], "texture": "#voxels_atlas" },
				"east": { "uv": [ 0.25, 5, 0, 5.25 ], "texture": "#voxels_atlas" }
			}
		},
		{
			"__comment": "Voxels",
			"from": [ 6, 6.5, 9 ],
			"to": [ 7, 7, 9.5 ],
			"faces": {
				"down": { "uv": [ 6.5, 8, 7, 8.25 ], "texture": "#voxels_atlas" },
				"up": { "uv": [ 7, 8.25, 7.5, 8 ], "texture": "#voxels_atlas" },
				"north": { "uv": [ 8, 8, 7.5, 8.25 ], "texture": "#voxels_atlas" },
				"south": { "uv": [ 0, 7.75, 0.5, 8 ], "texture": "#voxels_atlas" },
				"west": { "uv": [ 7.75, 8.5, 8, 8.75 ], "texture": "#voxels_atlas" },
				"east": { "uv": [ 8, 8.25, 7.75, 8.5 ], "texture": "#voxels_atlas" }
			}
		},
		{
			"__comment": "Voxels",
			"from": [ 6, 8, 6.5 ],
			"to": [ 7, 8.5, 7 ],
			"faces": {
				"down": { "uv": [ 0.5, 7.75, 1, 8 ], "texture": "#voxels_atlas" },
				"up": { "uv": [ 1, 8, 1.5, 7.75 ], "texture": "#voxels_atlas" },
				"north": { "uv": [ 2, 7.75, 1.5, 8 ], "texture": "#voxels_atlas" },
				"south": { "uv": [ 2, 7.75, 2.5, 8 ], "texture": "#voxels_atlas" },
				"west": { "uv": [ 0, 3.75, 0.25, 4 ], "texture": "#voxels_atlas" },
				"east": { "uv": [ 6.5, 7.75, 6.25, 8 ], "texture": "#voxels_atlas" }
			}
		},
		{
			"__comment": "Voxels",
			"from": [ 6, 8, 9 ],
			"to": [ 7, 8.5, 9.5 ],
			"faces": {
				"down": { "uv": [ 3, 7.75, 3.5, 8 ], "texture": "#voxels_atlas" },
				"up": { "uv": [ 3.5, 8, 4, 7.75 ], "texture": "#voxels_atlas" },
				"north": { "uv": [ 4.5, 7.75, 4, 8 ], "texture": "#voxels_atlas" },
				"south": { "uv": [ 4.5, 7.75, 5, 8 ], "texture": "#voxels_atlas" },
				"west": { "uv": [ 7.5, 7.75, 7.75, 8 ], "texture": "#voxels_atlas" },
				"east": { "uv": [ 8, 7.75, 7.75, 8 ], "texture": "#voxels_atlas" }
			}
		},
		{
			"__comment": "Voxels",
			"from": [ 6.5, 7, 6.5 ],
			"to": [ 7, 8, 7.5 ],
			"faces": {
				"down": { "uv": [ 0, 7.25, 0.25, 7.75 ], "texture": "#voxels_atlas" },
				"up": { "uv": [ 0, 7.25, 0.25, 6.75 ], "texture": "#voxels_atlas" },
				"north": { "uv": [ 0.25, 6.25, 0, 6.75 ], "texture": "#voxels_atlas" },
				"south": { "uv": [ 0, 5.75, 0.25, 6.25 ], "texture": "#voxels_atlas" },
				"west": { "uv": [ 5, 9.5, 5.5, 10 ], "texture": "#voxels_atlas" },
				"east": { "uv": [ 5, 9.5, 4.5, 10 ], "texture": "#voxels_atlas" }
			}
		}
	],
	"display": {
		"thirdperson_righthand": {
			"rotation":  [ -167, 5, -88 ],
			"translation":  [ 0.6956, 13.912, 4.1843 ],
			"scale":  [ 1.2, 0.8, 1 ]
		},
		"thirdperson_lefthand": {
			"rotation":  [ 14, 5, -88 ],
			"translation":  [ 0.6956, 13.912, 4.1843 ],
			"scale":  [ 1.2, 0.8, 1 ]
		},
		"firstperson_righthand": {
			"rotation":  [ -29, -7, 83 ],
			"translation":  [ 0, 8.3478, 0 ],
			"scale":  [ 0.6, 0.6, 0.6 ]
		},
		"firstperson_lefthand": {
			"rotation":  [ 168, -7, 83 ],
			"translation":  [ 0, 8.3478, 0 ],
			"scale":  [ 0.6, 0.6, 0.6 ]
		},
		"gui": {
			"rotation":  [ 70, 52, 0 ],
			"translation":  [ 4.8695, 6.2608, 0 ]
		},
		"ground": {
			"rotation":  [ 6, 19, -74 ],
			"translation":  [ 0, -2.086, 0 ],
			"scale":  [ 0.8, 0.8, 0.8 ]
		},
		"fixed": {
			"rotation":  [ -89, -119, 0 ],
			"translation":  [ -3.478, 6.9565, -1 ]
		}
	}
}