{
	"__comment": "Designed by Pashjn with Cubik Studio - https://cubik.studio",
	"textures": {
		"particle": "images/stonehoe",
		"texture": "images/stonehoe",
		"voxels_atlas": "images/stonehoe"
	},
	"elements": [ 	 
		{
			"__comment": "Voxels",
			"from": [ -9, 6.5, 7.5 ],
			"to": [ 13.5, 8, 8 ],
			"faces": {
				"down": { "uv": [ 0, 11.75, 11.25, 12 ], "texture": "#voxels_atlas" },
				"up": { "uv": [ 0, 11.75, 11.25, 11.5 ], "texture": "#voxels_atlas" },
				"north": { "uv": [ 11.25, 15.25, 0, 16 ], "texture": "#voxels_atlas" },
				"south": { "uv": [ 0, 14.5, 11.25, 15.25 ], "texture": "#voxels_atlas" },
				"west": { "uv": [ 3.75, 5.75, 4, 6.5 ], "texture": "#voxels_atlas" },
				"east": { "uv": [ 4.25, 5.75, 4, 6.5 ], "texture": "#voxels_atlas" }
			}
		},
		{
			"__comment": "Voxels",
			"from": [ -9, 6.5, 8 ],
			"to": [ 13, 8, 9 ],
			"faces": {
				"down": { "uv": [ 0, 12.5, 11, 13 ], "texture": "#voxels_atlas" },
				"up": { "uv": [ 0, 12.5, 11, 12 ], "texture": "#voxels_atlas" },
				"north": { "uv": [ 11, 13.75, 0, 14.5 ], "texture": "#voxels_atlas" },
				"south": { "uv": [ 0, 13, 11, 13.75 ], "texture": "#voxels_atlas" },
				"west": { "uv": [ 15.5, 13.75, 16, 14.5 ], "texture": "#voxels_atlas" },
				"east": { "uv": [ 15.5, 13.75, 15, 14.5 ], "texture": "#voxels_atlas" }
			}
		},
		{
			"__comment": "Voxels",
			"from": [ -8.5, 6, 7.5 ],
			"to": [ -7.5, 6.5, 9 ],
			"faces": {
				"down": { "uv": [ 15.5, 13, 16, 13.75 ], "texture": "#voxels_atlas" },
				"up": { "uv": [ 0, 3.25, 0.5, 2.5 ], "texture": "#voxels_atlas" },
				"north": { "uv": [ 4.25, 7.25, 3.75, 7.5 ], "texture": "#voxels_atlas" },
				"south": { "uv": [ 3.75, 5.5, 4.25, 5.75 ], "texture": "#voxels_atlas" },
				"west": { "uv": [ 3, 2.5, 3.75, 2.75 ], "texture": "#voxels_atlas" },
				"east": { "uv": [ 4.25, 1.75, 3.5, 2 ], "texture": "#voxels_atlas" }
			}
		},
		{
			"__comment": "Voxels",
			"from": [ -8.5, 6.5, 7 ],
			"to": [ -7.5, 8, 7.5 ],
			"faces": {
				"down": { "uv": [ 3.75, 5.25, 4.25, 5.5 ], "texture": "#voxels_atlas" },
				"up": { "uv": [ 3.75, 5.25, 4.25, 5 ], "texture": "#voxels_atlas" },
				"north": { "uv": [ 1, 2.5, 0.5, 3.25 ], "texture": "#voxels_atlas" },
				"south": { "uv": [ 1, 2.5, 1.5, 3.25 ], "texture": "#voxels_atlas" },
				"west": { "uv": [ 15.75, 14.5, 16, 15.25 ], "texture": "#voxels_atlas" },
				"east": { "uv": [ 3.25, 6.5, 3, 7.25 ], "texture": "#voxels_atlas" }
			}
		},
		{
			"__comment": "Voxels",
			"from": [ -8.5, 6.5, 9 ],
			"to": [ -7.5, 8, 9.5 ],
			"faces": {
				"down": { "uv": [ 3.75, 4.75, 4.25, 5 ], "texture": "#voxels_atlas" },
				"up": { "uv": [ 3.75, 4.75, 4.25, 4.5 ], "texture": "#voxels_atlas" },
				"north": { "uv": [ 2, 10, 1.5, 10.75 ], "texture": "#voxels_atlas" },
				"south": { "uv": [ 2, 10, 2.5, 10.75 ], "texture": "#voxels_atlas" },
				"west": { "uv": [ 3, 5.75, 3.25, 6.5 ], "texture": "#voxels_atlas" },
				"east": { "uv": [ 3.5, 5.75, 3.25, 6.5 ], "texture": "#voxels_atlas" }
			}
		},
		{
			"__comment": "Voxels",
			"from": [ -8.5, 8, 7.5 ],
			"to": [ -7.5, 8.5, 9 ],
			"faces": {
				"down": { "uv": [ 2.5, 10, 3, 10.75 ], "texture": "#voxels_atlas" },
				"up": { "uv": [ 1.5, 7.5, 2, 6.75 ], "texture": "#voxels_atlas" },
				"north": { "uv": [ 4.25, 4.25, 3.75, 4.5 ], "texture": "#voxels_atlas" },
				"south": { "uv": [ 3.75, 4, 4.25, 4.25 ], "texture": "#voxels_atlas" },
				"west": { "uv": [ 3, 5.5, 3.75, 5.75 ], "texture": "#voxels_atlas" },
				"east": { "uv": [ 3.75, 5.25, 3, 5.5 ], "texture": "#voxels_atlas" }
			}
		},
		{
			"__comment": "Voxels",
			"from": [ 5.5, 7, 22 ],
			"to": [ 7.5, 7.5, 22.5 ],
			"faces": {
				"down": { "uv": [ 2, 7, 3, 7.25 ], "texture": "#voxels_atlas" },
				"up": { "uv": [ 3, 8.75, 4, 8.5 ], "texture": "#voxels_atlas" },
				"north": { "uv": [ 3, 7.25, 2, 7.5 ], "texture": "#voxels_atlas" },
				"south": { "uv": [ 3, 8.25, 4, 8.5 ], "texture": "#voxels_atlas" },
				"west": { "uv": [ 2.75, 3.25, 3, 3.5 ], "texture": "#voxels_atlas" },
				"east": { "uv": [ 3, 3, 2.75, 3.25 ], "texture": "#voxels_atlas" }
			}
		},
		{
			"__comment": "Voxels",
			"from": [ 6.5, 7, 21.5 ],
			"to": [ 9, 7.5, 22 ],
			"faces": {
				"down": { "uv": [ 1.5, 1.5, 2.75, 1.75 ], "texture": "#voxels_atlas" },
				"up": { "uv": [ 1.5, 1.25, 2.75, 1 ], "texture": "#voxels_atlas" },
				"north": { "uv": [ 2.75, 0.75, 1.5, 1 ], "texture": "#voxels_atlas" },
				"south": { "uv": [ 1.5, 0.5, 2.75, 0.75 ], "texture": "#voxels_atlas" },
				"west": { "uv": [ 2.75, 1.5, 3, 1.75 ], "texture": "#voxels_atlas" },
				"east": { "uv": [ 3, 1.25, 2.75, 1.5 ], "texture": "#voxels_atlas" }
			}
		},
		{
			"__comment": "Voxels",
			"from": [ 7.5, 7, 21 ],
			"to": [ 10, 7.5, 21.5 ],
			"faces": {
				"down": { "uv": [ 3, 11.25, 4.25, 11.5 ], "texture": "#voxels_atlas" },
				"up": { "uv": [ 3, 11.25, 4.25, 11 ], "texture": "#voxels_atlas" },
				"north": { "uv": [ 4.25, 10.75, 3, 11 ], "texture": "#voxels_atlas" },
				"south": { "uv": [ 3, 10.5, 4.25, 10.75 ], "texture": "#voxels_atlas" },
				"west": { "uv": [ 4, 0, 4.25, 0.25 ], "texture": "#voxels_atlas" },
				"east": { "uv": [ 3, 1, 2.75, 1.25 ], "texture": "#voxels_atlas" }
			}
		},
		{
			"__comment": "Voxels",
			"from": [ 8.5, 7, 20.5 ],
			"to": [ 11, 7.5, 21 ],
			"faces": {
				"down": { "uv": [ 3, 9.75, 4.25, 10 ], "texture": "#voxels_atlas" },
				"up": { "uv": [ 3, 9.75, 4.25, 9.5 ], "texture": "#voxels_atlas" },
				"north": { "uv": [ 4.25, 9.25, 3, 9.5 ], "texture": "#voxels_atlas" },
				"south": { "uv": [ 3, 9, 4.25, 9.25 ], "texture": "#voxels_atlas" },
				"west": { "uv": [ 2.75, 0.75, 3, 1 ], "texture": "#voxels_atlas" },
				"east": { "uv": [ 3, 0.5, 2.75, 0.75 ], "texture": "#voxels_atlas" }
			}
		},
		{
			"__comment": "Voxels",
			"from": [ 9, 7, 20 ],
			"to": [ 11.5, 7.5, 20.5 ],
			"faces": {
				"down": { "uv": [ 14.75, 11.75, 16, 12 ], "texture": "#voxels_atlas" },
				"up": { "uv": [ 14.75, 11.75, 16, 11.5 ], "texture": "#voxels_atlas" },
				"north": { "uv": [ 3, 5.75, 1.75, 6 ], "texture": "#voxels_atlas" },
				"south": { "uv": [ 1.75, 5.5, 3, 5.75 ], "texture": "#voxels_atlas" },
				"west": { "uv": [ 2.75, 0.25, 3, 0.5 ], "texture": "#voxels_atlas" },
				"east": { "uv": [ 3, 0, 2.75, 0.25 ], "texture": "#voxels_atlas" }
			}
		},
		{
			"__comment": "Voxels",
			"from": [ 9.5, 7, 19 ],
			"to": [ 12.5, 7.5, 19.5 ],
			"faces": {
				"down": { "uv": [ 0, 0.25, 1.5, 0.5 ], "texture": "#voxels_atlas" },
				"up": { "uv": [ 0, 0.25, 1.5, 0 ], "texture": "#voxels_atlas" },
				"north": { "uv": [ 3, 11.25, 1.5, 11.5 ], "texture": "#voxels_atlas" },
				"south": { "uv": [ 1.5, 11, 3, 11.25 ], "texture": "#voxels_atlas" },
				"west": { "uv": [ 4, 8.5, 4.25, 8.75 ], "texture": "#voxels_atlas" },
				"east": { "uv": [ 4.25, 8.25, 4, 8.5 ], "texture": "#voxels_atlas" }
			}
		},
		{
			"__comment": "Voxels",
			"from": [ 9.5, 7, 19.5 ],
			"to": [ 12, 7.5, 20 ],
			"faces": {
				"down": { "uv": [ 1.75, 4.5, 3, 4.75 ], "texture": "#voxels_atlas" },
				"up": { "uv": [ 1.75, 4.5, 3, 4.25 ], "texture": "#voxels_atlas" },
				"north": { "uv": [ 3, 4, 1.75, 4.25 ], "texture": "#voxels_atlas" },
				"south": { "uv": [ 1.75, 3.75, 3, 4 ], "texture": "#voxels_atlas" },
				"west": { "uv": [ 4, 8, 4.25, 8.25 ], "texture": "#voxels_atlas" },
				"east": { "uv": [ 4.25, 7.75, 4, 8 ], "texture": "#voxels_atlas" }
			}
		},
		{
			"__comment": "Voxels",
			"from": [ 10, 7, 18.5 ],
			"to": [ 13, 7.5, 19 ],
			"faces": {
				"down": { "uv": [ 1.5, 8.75, 3, 9 ], "texture": "#voxels_atlas" },
				"up": { "uv": [ 1.5, 8.75, 3, 8.5 ], "texture": "#voxels_atlas" },
				"north": { "uv": [ 3, 8.25, 1.5, 8.5 ], "texture": "#voxels_atlas" },
				"south": { "uv": [ 1.5, 8, 3, 8.25 ], "texture": "#voxels_atlas" },
				"west": { "uv": [ 4, 7.5, 4.25, 7.75 ], "texture": "#voxels_atlas" },
				"east": { "uv": [ 4.25, 7, 4, 7.25 ], "texture": "#voxels_atlas" }
			}
		},
		{
			"__comment": "Voxels",
			"from": [ 10.5, 6, 7 ],
			"to": [ 12, 8.5, 7.5 ],
			"faces": {
				"down": { "uv": [ 3.5, 1.5, 4.25, 1.75 ], "texture": "#voxels_atlas" },
				"up": { "uv": [ 3.5, 1.5, 4.25, 1.25 ], "texture": "#voxels_atlas" },
				"north": { "uv": [ 0.75, 5.5, 0, 6.75 ], "texture": "#voxels_atlas" },
				"south": { "uv": [ 0.75, 5.5, 1.5, 6.75 ], "texture": "#voxels_atlas" },
				"west": { "uv": [ 2.25, 1.75, 2.5, 3 ], "texture": "#voxels_atlas" },
				"east": { "uv": [ 2.75, 1.75, 2.5, 3 ], "texture": "#voxels_atlas" }
			}
		},
		{
			"__comment": "Voxels",
			"from": [ 10.5, 6, 7.5 ],
			"to": [ 13.5, 6.5, 8 ],
			"faces": {
				"down": { "uv": [ 0, 4.5, 1.5, 4.75 ], "texture": "#voxels_atlas" },
				"up": { "uv": [ 0, 4.25, 1.5, 4 ], "texture": "#voxels_atlas" },
				"north": { "uv": [ 1.5, 1.5, 0, 1.75 ], "texture": "#voxels_atlas" },
				"south": { "uv": [ 0, 1, 1.5, 1.25 ], "texture": "#voxels_atlas" },
				"west": { "uv": [ 4, 6.75, 4.25, 7 ], "texture": "#voxels_atlas" },
				"east": { "uv": [ 4.25, 6.5, 4, 6.75 ], "texture": "#voxels_atlas" }
			}
		},
		{
			"__comment": "Voxels",
			"from": [ 10.5, 6, 8 ],
			"to": [ 13, 6.5, 9 ],
			"faces": {
				"down": { "uv": [ 12.5, 12.5, 13.75, 13 ], "texture": "#voxels_atlas" },
				"up": { "uv": [ 13.75, 13, 15, 12.5 ], "texture": "#voxels_atlas" },
				"north": { "uv": [ 2.75, 1.25, 1.5, 1.5 ], "texture": "#voxels_atlas" },
				"south": { "uv": [ 1.5, 0.25, 2.75, 0.5 ], "texture": "#voxels_atlas" },
				"west": { "uv": [ 3.5, 0, 4, 0.25 ], "texture": "#voxels_atlas" },
				"east": { "uv": [ 4.75, 11.25, 4.25, 11.5 ], "texture": "#voxels_atlas" }
			}
		},
		{
			"__comment": "Voxels",
			"from": [ 10.5, 6, 9 ],
			"to": [ 12, 8.5, 9.5 ],
			"faces": {
				"down": { "uv": [ 3.25, 7, 4, 7.25 ], "texture": "#voxels_atlas" },
				"up": { "uv": [ 3.25, 7, 4, 6.75 ], "texture": "#voxels_atlas" },
				"north": { "uv": [ 0.75, 6.75, 0, 8 ], "texture": "#voxels_atlas" },
				"south": { "uv": [ 0.75, 6.75, 1.5, 8 ], "texture": "#voxels_atlas" },
				"west": { "uv": [ 1.5, 4.75, 1.75, 6 ], "texture": "#voxels_atlas" },
				"east": { "uv": [ 1.75, 3.5, 1.5, 4.75 ], "texture": "#voxels_atlas" }
			}
		},
		{
			"__comment": "Voxels",
			"from": [ 10.5, 7, 18 ],
			"to": [ 13.5, 7.5, 18.5 ],
			"faces": {
				"down": { "uv": [ 1.5, 6.25, 3, 6.5 ], "texture": "#voxels_atlas" },
				"up": { "uv": [ 12, 14, 13.5, 13.75 ], "texture": "#voxels_atlas" },
				"north": { "uv": [ 15, 13.75, 13.5, 14 ], "texture": "#voxels_atlas" },
				"south": { "uv": [ 11, 13, 12.5, 13.25 ], "texture": "#voxels_atlas" },
				"west": { "uv": [ 4, 1, 4.25, 1.25 ], "texture": "#voxels_atlas" },
				"east": { "uv": [ 4.25, 0.75, 4, 1 ], "texture": "#voxels_atlas" }
			}
		},
		{
			"__comment": "Voxels",
			"from": [ 10.5, 8, 7.5 ],
			"to": [ 13.5, 8.5, 8 ],
			"faces": {
				"down": { "uv": [ 0, 5.25, 1.5, 5.5 ], "texture": "#voxels_atlas" },
				"up": { "uv": [ 0, 5.25, 1.5, 5 ], "texture": "#voxels_atlas" },
				"north": { "uv": [ 1.5, 2.25, 0, 2.5 ], "texture": "#voxels_atlas" },
				"south": { "uv": [ 0, 4.75, 1.5, 5 ], "texture": "#voxels_atlas" },
				"west": { "uv": [ 4, 0.5, 4.25, 0.75 ], "texture": "#voxels_atlas" },
				"east": { "uv": [ 4.25, 0.25, 4, 0.5 ], "texture": "#voxels_atlas" }
			}
		},
		{
			"__comment": "Voxels",
			"from": [ 10.5, 8, 8 ],
			"to": [ 13, 8.5, 9 ],
			"faces": {
				"down": { "uv": [ 12.25, 12, 13.5, 12.5 ], "texture": "#voxels_atlas" },
				"up": { "uv": [ 11, 12.5, 12.25, 12 ], "texture": "#voxels_atlas" },
				"north": { "uv": [ 2.75, 3.25, 1.5, 3.5 ], "texture": "#voxels_atlas" },
				"south": { "uv": [ 1.5, 3, 2.75, 3.25 ], "texture": "#voxels_atlas" },
				"west": { "uv": [ 6.75, 11.25, 7.25, 11.5 ], "texture": "#voxels_atlas" },
				"east": { "uv": [ 7.75, 11.25, 7.25, 11.5 ], "texture": "#voxels_atlas" }
			}
		},
		{
			"__comment": "Voxels",
			"from": [ 11, 7, 5.5 ],
			"to": [ 14, 7.5, 7 ],
			"faces": {
				"down": { "uv": [ 12.75, 15.25, 14.25, 16 ], "texture": "#voxels_atlas" },
				"up": { "uv": [ 11.25, 16, 12.75, 15.25 ], "texture": "#voxels_atlas" },
				"north": { "uv": [ 1.5, 2, 0, 2.25 ], "texture": "#voxels_atlas" },
				"south": { "uv": [ 0, 1.75, 1.5, 2 ], "texture": "#voxels_atlas" },
				"west": { "uv": [ 3, 4, 3.75, 4.25 ], "texture": "#voxels_atlas" },
				"east": { "uv": [ 3.75, 3.5, 3, 3.75 ], "texture": "#voxels_atlas" }
			}
		},
		{
			"__comment": "Voxels",
			"from": [ 11, 7, 9.5 ],
			"to": [ 14.5, 7.5, 10 ],
			"faces": {
				"down": { "uv": [ 13.5, 12.25, 15.25, 12.5 ], "texture": "#voxels_atlas" },
				"up": { "uv": [ 13.5, 12.25, 15.25, 12 ], "texture": "#voxels_atlas" },
				"north": { "uv": [ 13, 11.75, 11.25, 12 ], "texture": "#voxels_atlas" },
				"south": { "uv": [ 13, 11.75, 14.75, 12 ], "texture": "#voxels_atlas" },
				"west": { "uv": [ 4.25, 1.75, 4.5, 2 ], "texture": "#voxels_atlas" },
				"east": { "uv": [ 4.75, 2, 4.5, 2.25 ], "texture": "#voxels_atlas" }
			}
		},
		{
			"__comment": "Voxels",
			"from": [ 11, 7, 10 ],
			"to": [ 14, 7.5, 11.5 ],
			"faces": {
				"down": { "uv": [ 14.25, 15.25, 15.75, 16 ], "texture": "#voxels_atlas" },
				"up": { "uv": [ 11.25, 15.25, 12.75, 14.5 ], "texture": "#voxels_atlas" },
				"north": { "uv": [ 3, 9.75, 1.5, 10 ], "texture": "#voxels_atlas" },
				"south": { "uv": [ 1.5, 9.5, 3, 9.75 ], "texture": "#voxels_atlas" },
				"west": { "uv": [ 3, 7.25, 3.75, 7.5 ], "texture": "#voxels_atlas" },
				"east": { "uv": [ 3.75, 2.75, 3, 3 ], "texture": "#voxels_atlas" }
			}
		},
		{
			"__comment": "Voxels",
			"from": [ 11, 7, 17 ],
			"to": [ 14, 7.5, 18 ],
			"faces": {
				"down": { "uv": [ 14, 13.25, 15.5, 13.75 ], "texture": "#voxels_atlas" },
				"up": { "uv": [ 11, 13, 12.5, 12.5 ], "texture": "#voxels_atlas" },
				"north": { "uv": [ 3, 7.75, 1.5, 8 ], "texture": "#voxels_atlas" },
				"south": { "uv": [ 1.5, 7.5, 3, 7.75 ], "texture": "#voxels_atlas" },
				"west": { "uv": [ 11.75, 11.25, 12.25, 11.5 ], "texture": "#voxels_atlas" },
				"east": { "uv": [ 11.75, 11.25, 11.25, 11.5 ], "texture": "#voxels_atlas" }
			}
		},
		{
			"__comment": "Voxels",
			"from": [ 11.5, 6.5, 9.5 ],
			"to": [ 14.5, 7, 10 ],
			"faces": {
				"down": { "uv": [ 1.5, 6, 3, 6.25 ], "texture": "#voxels_atlas" },
				"up": { "uv": [ 0, 1, 1.5, 0.75 ], "texture": "#voxels_atlas" },
				"north": { "uv": [ 1.5, 0.5, 0, 0.75 ], "texture": "#voxels_atlas" },
				"south": { "uv": [ 1.5, 10.75, 3, 11 ], "texture": "#voxels_atlas" },
				"west": { "uv": [ 4.25, 2.25, 4.5, 2.5 ], "texture": "#voxels_atlas" },
				"east": { "uv": [ 4.75, 9, 4.5, 9.25 ], "texture": "#voxels_atlas" }
			}
		},
		{
			"__comment": "Voxels",
			"from": [ 11.5, 7, 4.5 ],
			"to": [ 13, 7.5, 5.5 ],
			"faces": {
				"down": { "uv": [ 15, 12.5, 15.75, 13 ], "texture": "#voxels_atlas" },
				"up": { "uv": [ 15.25, 12.5, 16, 12 ], "texture": "#voxels_atlas" },
				"north": { "uv": [ 3.75, 2, 3, 2.25 ], "texture": "#voxels_atlas" },
				"south": { "uv": [ 3, 2.25, 3.75, 2.5 ], "texture": "#voxels_atlas" },
				"west": { "uv": [ 13.75, 11.25, 14.25, 11.5 ], "texture": "#voxels_atlas" },
				"east": { "uv": [ 13.75, 11.25, 13.25, 11.5 ], "texture": "#voxels_atlas" }
			}
		},
		{
			"__comment": "Voxels",
			"from": [ 11.5, 7, 11.5 ],
			"to": [ 14.5, 7.5, 12.5 ],
			"faces": {
				"down": { "uv": [ 12, 14, 13.5, 14.5 ], "texture": "#voxels_atlas" },
				"up": { "uv": [ 13.5, 14.5, 15, 14 ], "texture": "#voxels_atlas" },
				"north": { "uv": [ 1.5, 4.25, 0, 4.5 ], "texture": "#voxels_atlas" },
				"south": { "uv": [ 0, 3.75, 1.5, 4 ], "texture": "#voxels_atlas" },
				"west": { "uv": [ 4.25, 3.5, 4.75, 3.75 ], "texture": "#voxels_atlas" },
				"east": { "uv": [ 4.75, 3.75, 4.25, 4 ], "texture": "#voxels_atlas" }
			}
		},
		{
			"__comment": "Voxels",
			"from": [ 11.5, 7, 16 ],
			"to": [ 14.5, 7.5, 17 ],
			"faces": {
				"down": { "uv": [ 11, 13.25, 12.5, 13.75 ], "texture": "#voxels_atlas" },
				"up": { "uv": [ 12.5, 13.75, 14, 13.25 ], "texture": "#voxels_atlas" },
				"north": { "uv": [ 1.5, 1.25, 0, 1.5 ], "texture": "#voxels_atlas" },
				"south": { "uv": [ 14, 13, 15.5, 13.25 ], "texture": "#voxels_atlas" },
				"west": { "uv": [ 4.25, 4.25, 4.75, 4.5 ], "texture": "#voxels_atlas" },
				"east": { "uv": [ 4.75, 4, 4.25, 4.25 ], "texture": "#voxels_atlas" }
			}
		},
		{
			"__comment": "Voxels",
			"from": [ 11.5, 7.5, 9.5 ],
			"to": [ 14.5, 8, 10 ],
			"faces": {
				"down": { "uv": [ 0, 3.25, 1.5, 3.5 ], "texture": "#voxels_atlas" },
				"up": { "uv": [ 0, 3.75, 1.5, 3.5 ], "texture": "#voxels_atlas" },
				"north": { "uv": [ 14, 13, 12.5, 13.25 ], "texture": "#voxels_atlas" },
				"south": { "uv": [ 1.5, 6.5, 3, 6.75 ], "texture": "#voxels_atlas" },
				"west": { "uv": [ 4.5, 1.75, 4.75, 2 ], "texture": "#voxels_atlas" },
				"east": { "uv": [ 4.5, 1.5, 4.25, 1.75 ], "texture": "#voxels_atlas" }
			}
		},
		{
			"__comment": "Voxels",
			"from": [ 12, 6.5, 6.5 ],
			"to": [ 14.5, 7, 7 ],
			"faces": {
				"down": { "uv": [ 1.5, 0, 2.75, 0.25 ], "texture": "#voxels_atlas" },
				"up": { "uv": [ 3, 10.5, 4.25, 10.25 ], "texture": "#voxels_atlas" },
				"north": { "uv": [ 4.25, 10, 3, 10.25 ], "texture": "#voxels_atlas" },
				"south": { "uv": [ 3, 8.75, 4.25, 9 ], "texture": "#voxels_atlas" },
				"west": { "uv": [ 15.75, 11.25, 16, 11.5 ], "texture": "#voxels_atlas" },
				"east": { "uv": [ 4.75, 9.25, 4.5, 9.5 ], "texture": "#voxels_atlas" }
			}
		},
		{
			"__comment": "Voxels",
			"from": [ 12, 6.5, 7 ],
			"to": [ 14, 8, 7.5 ],
			"faces": {
				"down": { "uv": [ 3, 8, 4, 8.25 ], "texture": "#voxels_atlas" },
				"up": { "uv": [ 3, 8, 4, 7.75 ], "texture": "#voxels_atlas" },
				"north": { "uv": [ 13.75, 14.5, 12.75, 15.25 ], "texture": "#voxels_atlas" },
				"south": { "uv": [ 13.75, 14.5, 14.75, 15.25 ], "texture": "#voxels_atlas" },
				"west": { "uv": [ 3, 1.25, 3.25, 2 ], "texture": "#voxels_atlas" },
				"east": { "uv": [ 3.5, 1.25, 3.25, 2 ], "texture": "#voxels_atlas" }
			}
		},
		{
			"__comment": "Voxels",
			"from": [ 12, 6.5, 9 ],
			"to": [ 14, 8, 9.5 ],
			"faces": {
				"down": { "uv": [ 3, 7.5, 4, 7.75 ], "texture": "#voxels_atlas" },
				"up": { "uv": [ 2, 7, 3, 6.75 ], "texture": "#voxels_atlas" },
				"north": { "uv": [ 12, 13.75, 11, 14.5 ], "texture": "#voxels_atlas" },
				"south": { "uv": [ 14.75, 14.5, 15.75, 15.25 ], "texture": "#voxels_atlas" },
				"west": { "uv": [ 15.75, 15.25, 16, 16 ], "texture": "#voxels_atlas" },
				"east": { "uv": [ 3.75, 5.75, 3.5, 6.5 ], "texture": "#voxels_atlas" }
			}
		},
		{
			"__comment": "Voxels",
			"from": [ 12, 6.5, 10 ],
			"to": [ 13.5, 7, 10.5 ],
			"faces": {
				"down": { "uv": [ 3.25, 6.5, 4, 6.75 ], "texture": "#voxels_atlas" },
				"up": { "uv": [ 3, 5.25, 3.75, 5 ], "texture": "#voxels_atlas" },
				"north": { "uv": [ 3.75, 4.75, 3, 5 ], "texture": "#voxels_atlas" },
				"south": { "uv": [ 3, 4.5, 3.75, 4.75 ], "texture": "#voxels_atlas" },
				"west": { "uv": [ 4.5, 2.25, 4.75, 2.5 ], "texture": "#voxels_atlas" },
				"east": { "uv": [ 4.5, 2, 4.25, 2.25 ], "texture": "#voxels_atlas" }
			}
		},
		{
			"__comment": "Voxels",
			"from": [ 12, 7, 12.5 ],
			"to": [ 15, 7.5, 16 ],
			"faces": {
				"down": { "uv": [ 0, 8, 1.5, 9.75 ], "texture": "#voxels_atlas" },
				"up": { "uv": [ 0, 11.5, 1.5, 9.75 ], "texture": "#voxels_atlas" },
				"north": { "uv": [ 3, 9, 1.5, 9.25 ], "texture": "#voxels_atlas" },
				"south": { "uv": [ 1.5, 9.25, 3, 9.5 ], "texture": "#voxels_atlas" },
				"west": { "uv": [ 13, 11.5, 14.75, 11.75 ], "texture": "#voxels_atlas" },
				"east": { "uv": [ 13, 11.5, 11.25, 11.75 ], "texture": "#voxels_atlas" }
			}
		},
		{
			"__comment": "Voxels",
			"from": [ 12, 7.5, 6.5 ],
			"to": [ 14.5, 8, 7 ],
			"faces": {
				"down": { "uv": [ 1.75, 5.25, 3, 5.5 ], "texture": "#voxels_atlas" },
				"up": { "uv": [ 1.75, 5.25, 3, 5 ], "texture": "#voxels_atlas" },
				"north": { "uv": [ 3, 4.75, 1.75, 5 ], "texture": "#voxels_atlas" },
				"south": { "uv": [ 1.75, 3.5, 3, 3.75 ], "texture": "#voxels_atlas" },
				"west": { "uv": [ 4.5, 1.5, 4.75, 1.75 ], "texture": "#voxels_atlas" },
				"east": { "uv": [ 4.5, 1.25, 4.25, 1.5 ], "texture": "#voxels_atlas" }
			}
		},
		{
			"__comment": "Voxels",
			"from": [ 12, 7.5, 10 ],
			"to": [ 13.5, 8, 10.5 ],
			"faces": {
				"down": { "uv": [ 3, 4.25, 3.75, 4.5 ], "texture": "#voxels_atlas" },
				"up": { "uv": [ 3, 4, 3.75, 3.75 ], "texture": "#voxels_atlas" },
				"north": { "uv": [ 3.75, 3.25, 3, 3.5 ], "texture": "#voxels_atlas" },
				"south": { "uv": [ 3, 3, 3.75, 3.25 ], "texture": "#voxels_atlas" },
				"west": { "uv": [ 4.5, 1.25, 4.75, 1.5 ], "texture": "#voxels_atlas" },
				"east": { "uv": [ 4.5, 1, 4.25, 1.25 ], "texture": "#voxels_atlas" }
			}
		},
		{
			"__comment": "Voxels",
			"from": [ 12.5, 6.5, 6 ],
			"to": [ 13.5, 7, 6.5 ],
			"faces": {
				"down": { "uv": [ 4.25, 10.25, 4.75, 10.5 ], "texture": "#voxels_atlas" },
				"up": { "uv": [ 4.25, 10.25, 4.75, 10 ], "texture": "#voxels_atlas" },
				"north": { "uv": [ 4.75, 9.75, 4.25, 10 ], "texture": "#voxels_atlas" },
				"south": { "uv": [ 4.25, 9.5, 4.75, 9.75 ], "texture": "#voxels_atlas" },
				"west": { "uv": [ 4.5, 1, 4.75, 1.25 ], "texture": "#voxels_atlas" },
				"east": { "uv": [ 4.5, 0.75, 4.25, 1 ], "texture": "#voxels_atlas" }
			}
		},
		{
			"__comment": "Voxels",
			"from": [ 12.5, 6.5, 10.5 ],
			"to": [ 13.5, 7, 11 ],
			"faces": {
				"down": { "uv": [ 4.25, 8.75, 4.75, 9 ], "texture": "#voxels_atlas" },
				"up": { "uv": [ 4.25, 8.75, 4.75, 8.5 ], "texture": "#voxels_atlas" },
				"north": { "uv": [ 4.75, 8.25, 4.25, 8.5 ], "texture": "#voxels_atlas" },
				"south": { "uv": [ 4.25, 8, 4.75, 8.25 ], "texture": "#voxels_atlas" },
				"west": { "uv": [ 4.5, 0.75, 4.75, 1 ], "texture": "#voxels_atlas" },
				"east": { "uv": [ 4.5, 0.5, 4.25, 0.75 ], "texture": "#voxels_atlas" }
			}
		},
		{
			"__comment": "Voxels",
			"from": [ 12.5, 7.5, 6 ],
			"to": [ 13.5, 8, 6.5 ],
			"faces": {
				"down": { "uv": [ 4.25, 7.25, 4.75, 7.5 ], "texture": "#voxels_atlas" },
				"up": { "uv": [ 4.25, 7.25, 4.75, 7 ], "texture": "#voxels_atlas" },
				"north": { "uv": [ 4.75, 6.75, 4.25, 7 ], "texture": "#voxels_atlas" },
				"south": { "uv": [ 4.25, 6.5, 4.75, 6.75 ], "texture": "#voxels_atlas" },
				"west": { "uv": [ 4.5, 0.5, 4.75, 0.75 ], "texture": "#voxels_atlas" },
				"east": { "uv": [ 4.5, 0.25, 4.25, 0.5 ], "texture": "#voxels_atlas" }
			}
		},
		{
			"__comment": "Voxels",
			"from": [ 12.5, 7.5, 10.5 ],
			"to": [ 13.5, 8, 11 ],
			"faces": {
				"down": { "uv": [ 4.25, 6.25, 4.75, 6.5 ], "texture": "#voxels_atlas" },
				"up": { "uv": [ 4.25, 6.25, 4.75, 6 ], "texture": "#voxels_atlas" },
				"north": { "uv": [ 4.75, 5.75, 4.25, 6 ], "texture": "#voxels_atlas" },
				"south": { "uv": [ 4.25, 5.5, 4.75, 5.75 ], "texture": "#voxels_atlas" },
				"west": { "uv": [ 4.5, 0.25, 4.75, 0.5 ], "texture": "#voxels_atlas" },
				"east": { "uv": [ 4.5, 0, 4.25, 0.25 ], "texture": "#voxels_atlas" }
			}
		},
		{
			"__comment": "Voxels",
			"from": [ 13, 6, 7 ],
			"to": [ 14, 6.5, 7.5 ],
			"faces": {
				"down": { "uv": [ 4.25, 5.25, 4.75, 5.5 ], "texture": "#voxels_atlas" },
				"up": { "uv": [ 4.25, 5.25, 4.75, 5 ], "texture": "#voxels_atlas" },
				"north": { "uv": [ 4.75, 4.75, 4.25, 5 ], "texture": "#voxels_atlas" },
				"south": { "uv": [ 4.25, 4.5, 4.75, 4.75 ], "texture": "#voxels_atlas" },
				"west": { "uv": [ 5.5, 11, 5.75, 11.25 ], "texture": "#voxels_atlas" },
				"east": { "uv": [ 6, 11, 5.75, 11.25 ], "texture": "#voxels_atlas" }
			}
		},
		{
			"__comment": "Voxels",
			"from": [ 13, 6, 8.5 ],
			"to": [ 13.5, 8.5, 9 ],
			"faces": {
				"down": { "uv": [ 6.5, 11, 6.75, 11.25 ], "texture": "#voxels_atlas" },
				"up": { "uv": [ 6.75, 11.25, 7, 11 ], "texture": "#voxels_atlas" },
				"north": { "uv": [ 1.75, 1.75, 1.5, 3 ], "texture": "#voxels_atlas" },
				"south": { "uv": [ 1.75, 1.75, 2, 3 ], "texture": "#voxels_atlas" },
				"west": { "uv": [ 2, 1.75, 2.25, 3 ], "texture": "#voxels_atlas" },
				"east": { "uv": [ 3, 1.75, 2.75, 3 ], "texture": "#voxels_atlas" }
			}
		},
		{
			"__comment": "Voxels",
			"from": [ 13, 6, 9 ],
			"to": [ 14, 6.5, 9.5 ],
			"faces": {
				"down": { "uv": [ 4.25, 3.25, 4.75, 3.5 ], "texture": "#voxels_atlas" },
				"up": { "uv": [ 4.25, 3.25, 4.75, 3 ], "texture": "#voxels_atlas" },
				"north": { "uv": [ 4.75, 2.75, 4.25, 3 ], "texture": "#voxels_atlas" },
				"south": { "uv": [ 4.25, 2.5, 4.75, 2.75 ], "texture": "#voxels_atlas" },
				"west": { "uv": [ 8, 11, 8.25, 11.25 ], "texture": "#voxels_atlas" },
				"east": { "uv": [ 8.5, 11, 8.25, 11.25 ], "texture": "#voxels_atlas" }
			}
		},
		{
			"__comment": "Voxels",
			"from": [ 13, 7, 5 ],
			"to": [ 13.5, 7.5, 5.5 ],
			"faces": {
				"down": { "uv": [ 8.5, 11, 8.75, 11.25 ], "texture": "#voxels_atlas" },
				"up": { "uv": [ 8.75, 11.25, 9, 11 ], "texture": "#voxels_atlas" },
				"north": { "uv": [ 10.25, 11, 10, 11.25 ], "texture": "#voxels_atlas" },
				"south": { "uv": [ 10.25, 11, 10.5, 11.25 ], "texture": "#voxels_atlas" },
				"west": { "uv": [ 11, 11, 11.25, 11.25 ], "texture": "#voxels_atlas" },
				"east": { "uv": [ 11.5, 11, 11.25, 11.25 ], "texture": "#voxels_atlas" }
			}
		},
		{
			"__comment": "Voxels",
			"from": [ 13, 7, 8 ],
			"to": [ 14, 7.5, 8.5 ],
			"faces": {
				"down": { "uv": [ 3.75, 3.75, 4.25, 4 ], "texture": "#voxels_atlas" },
				"up": { "uv": [ 3.75, 3.75, 4.25, 3.5 ], "texture": "#voxels_atlas" },
				"north": { "uv": [ 4.25, 3.25, 3.75, 3.5 ], "texture": "#voxels_atlas" },
				"south": { "uv": [ 3.75, 3, 4.25, 3.25 ], "texture": "#voxels_atlas" },
				"west": { "uv": [ 5, 11, 5.25, 11.25 ], "texture": "#voxels_atlas" },
				"east": { "uv": [ 5.5, 11, 5.25, 11.25 ], "texture": "#voxels_atlas" }
			}
		},
		{
			"__comment": "Voxels",
			"from": [ 13, 8, 7 ],
			"to": [ 14, 8.5, 7.5 ],
			"faces": {
				"down": { "uv": [ 3.75, 2.75, 4.25, 3 ], "texture": "#voxels_atlas" },
				"up": { "uv": [ 3.75, 2.75, 4.25, 2.5 ], "texture": "#voxels_atlas" },
				"north": { "uv": [ 4.25, 2.25, 3.75, 2.5 ], "texture": "#voxels_atlas" },
				"south": { "uv": [ 3.75, 2, 4.25, 2.25 ], "texture": "#voxels_atlas" },
				"west": { "uv": [ 7, 11, 7.25, 11.25 ], "texture": "#voxels_atlas" },
				"east": { "uv": [ 7.5, 11, 7.25, 11.25 ], "texture": "#voxels_atlas" }
			}
		},
		{
			"__comment": "Voxels",
			"from": [ 13, 8, 9 ],
			"to": [ 14, 8.5, 9.5 ],
			"faces": {
				"down": { "uv": [ 3, 1, 3.5, 1.25 ], "texture": "#voxels_atlas" },
				"up": { "uv": [ 3.5, 1.25, 4, 1 ], "texture": "#voxels_atlas" },
				"north": { "uv": [ 3.5, 0.75, 3, 1 ], "texture": "#voxels_atlas" },
				"south": { "uv": [ 3.5, 0.75, 4, 1 ], "texture": "#voxels_atlas" },
				"west": { "uv": [ 9.5, 11, 9.75, 11.25 ], "texture": "#voxels_atlas" },
				"east": { "uv": [ 10, 11, 9.75, 11.25 ], "texture": "#voxels_atlas" }
			}
		},
		{
			"__comment": "Voxels",
			"from": [ 13.5, 6, 6.5 ],
			"to": [ 14.5, 6.5, 7 ],
			"faces": {
				"down": { "uv": [ 3, 0.5, 3.5, 0.75 ], "texture": "#voxels_atlas" },
				"up": { "uv": [ 3, 0.5, 3.5, 0.25 ], "texture": "#voxels_atlas" },
				"north": { "uv": [ 3.5, 0, 3, 0.25 ], "texture": "#voxels_atlas" },
				"south": { "uv": [ 3.5, 0.5, 4, 0.75 ], "texture": "#voxels_atlas" },
				"west": { "uv": [ 12, 11, 12.25, 11.25 ], "texture": "#voxels_atlas" },
				"east": { "uv": [ 12.5, 11, 12.25, 11.25 ], "texture": "#voxels_atlas" }
			}
		},
		{
			"__comment": "Voxels",
			"from": [ 13.5, 6, 9.5 ],
			"to": [ 14.5, 6.5, 10 ],
			"faces": {
				"down": { "uv": [ 3.5, 0.25, 4, 0.5 ], "texture": "#voxels_atlas" },
				"up": { "uv": [ 4.75, 11.5, 5.25, 11.25 ], "texture": "#voxels_atlas" },
				"north": { "uv": [ 5.75, 11.25, 5.25, 11.5 ], "texture": "#voxels_atlas" },
				"south": { "uv": [ 5.75, 11.25, 6.25, 11.5 ], "texture": "#voxels_atlas" },
				"west": { "uv": [ 4.5, 0, 4.75, 0.25 ], "texture": "#voxels_atlas" },
				"east": { "uv": [ 5, 11, 4.75, 11.25 ], "texture": "#voxels_atlas" }
			}
		},
		{
			"__comment": "Voxels",
			"from": [ 13.5, 7, 7.5 ],
			"to": [ 14.5, 7.5, 8 ],
			"faces": {
				"down": { "uv": [ 6.25, 11.25, 6.75, 11.5 ], "texture": "#voxels_atlas" },
				"up": { "uv": [ 7.75, 11.5, 8.25, 11.25 ], "texture": "#voxels_atlas" },
				"north": { "uv": [ 8.75, 11.25, 8.25, 11.5 ], "texture": "#voxels_atlas" },
				"south": { "uv": [ 8.75, 11.25, 9.25, 11.5 ], "texture": "#voxels_atlas" },
				"west": { "uv": [ 6, 11, 6.25, 11.25 ], "texture": "#voxels_atlas" },
				"east": { "uv": [ 6.5, 11, 6.25, 11.25 ], "texture": "#voxels_atlas" }
			}
		},
		{
			"__comment": "Voxels",
			"from": [ 13.5, 7, 8.5 ],
			"to": [ 14.5, 7.5, 9 ],
			"faces": {
				"down": { "uv": [ 9.25, 11.25, 9.75, 11.5 ], "texture": "#voxels_atlas" },
				"up": { "uv": [ 9.75, 11.5, 10.25, 11.25 ], "texture": "#voxels_atlas" },
				"north": { "uv": [ 10.75, 11.25, 10.25, 11.5 ], "texture": "#voxels_atlas" },
				"south": { "uv": [ 10.75, 11.25, 11.25, 11.5 ], "texture": "#voxels_atlas" },
				"west": { "uv": [ 7.5, 11, 7.75, 11.25 ], "texture": "#voxels_atlas" },
				"east": { "uv": [ 8, 11, 7.75, 11.25 ], "texture": "#voxels_atlas" }
			}
		},
		{
			"__comment": "Voxels",
			"from": [ 13.5, 8, 6.5 ],
			"to": [ 14.5, 8.5, 7 ],
			"faces": {
				"down": { "uv": [ 12.25, 11.25, 12.75, 11.5 ], "texture": "#voxels_atlas" },
				"up": { "uv": [ 12.75, 11.5, 13.25, 11.25 ], "texture": "#voxels_atlas" },
				"north": { "uv": [ 14.75, 11.25, 14.25, 11.5 ], "texture": "#voxels_atlas" },
				"south": { "uv": [ 14.75, 11.25, 15.25, 11.5 ], "texture": "#voxels_atlas" },
				"west": { "uv": [ 9, 11, 9.25, 11.25 ], "texture": "#voxels_atlas" },
				"east": { "uv": [ 9.5, 11, 9.25, 11.25 ], "texture": "#voxels_atlas" }
			}
		},
		{
			"__comment": "Voxels",
			"from": [ 13.5, 8, 9.5 ],
			"to": [ 14.5, 8.5, 10 ],
			"faces": {
				"down": { "uv": [ 15.25, 11.25, 15.75, 11.5 ], "texture": "#voxels_atlas" },
				"up": { "uv": [ 4.25, 11.25, 4.75, 11 ], "texture": "#voxels_atlas" },
				"north": { "uv": [ 4.75, 10.75, 4.25, 11 ], "texture": "#voxels_atlas" },
				"south": { "uv": [ 4.25, 10.5, 4.75, 10.75 ], "texture": "#voxels_atlas" },
				"west": { "uv": [ 10.5, 11, 10.75, 11.25 ], "texture": "#voxels_atlas" },
				"east": { "uv": [ 11, 11, 10.75, 11.25 ], "texture": "#voxels_atlas" }
			}
		},
		{
			"__comment": "Voxels",
			"from": [ 14, 7, 6.5 ],
			"to": [ 14.5, 7.5, 7.5 ],
			"faces": {
				"down": { "uv": [ 15.75, 12.5, 16, 13 ], "texture": "#voxels_atlas" },
				"up": { "uv": [ 4.25, 9.5, 4.5, 9 ], "texture": "#voxels_atlas" },
				"north": { "uv": [ 11.75, 11, 11.5, 11.25 ], "texture": "#voxels_atlas" },
				"south": { "uv": [ 11.75, 11, 12, 11.25 ], "texture": "#voxels_atlas" },
				"west": { "uv": [ 4.25, 7.75, 4.75, 8 ], "texture": "#voxels_atlas" },
				"east": { "uv": [ 4.75, 7.5, 4.25, 7.75 ], "texture": "#voxels_atlas" }
			}
		},
		{
			"__comment": "Voxels",
			"from": [ 14, 7, 9 ],
			"to": [ 14.5, 7.5, 9.5 ],
			"faces": {
				"down": { "uv": [ 12.5, 11, 12.75, 11.25 ], "texture": "#voxels_atlas" },
				"up": { "uv": [ 12.75, 11.25, 13, 11 ], "texture": "#voxels_atlas" },
				"north": { "uv": [ 13.25, 11, 13, 11.25 ], "texture": "#voxels_atlas" },
				"south": { "uv": [ 13.25, 11, 13.5, 11.25 ], "texture": "#voxels_atlas" },
				"west": { "uv": [ 13.5, 11, 13.75, 11.25 ], "texture": "#voxels_atlas" },
				"east": { "uv": [ 14, 11, 13.75, 11.25 ], "texture": "#voxels_atlas" }
			}
		},
		{
			"__comment": "Voxels",
			"from": [ 14, 7, 11 ],
			"to": [ 14.5, 7.5, 11.5 ],
			"faces": {
				"down": { "uv": [ 14, 11, 14.25, 11.25 ], "texture": "#voxels_atlas" },
				"up": { "uv": [ 14.25, 11.25, 14.5, 11 ], "texture": "#voxels_atlas" },
				"north": { "uv": [ 14.75, 11, 14.5, 11.25 ], "texture": "#voxels_atlas" },
				"south": { "uv": [ 14.75, 11, 15, 11.25 ], "texture": "#voxels_atlas" },
				"west": { "uv": [ 15, 11, 15.25, 11.25 ], "texture": "#voxels_atlas" },
				"east": { "uv": [ 15.5, 11, 15.25, 11.25 ], "texture": "#voxels_atlas" }
			}
		}
	],
	"display": {
		"thirdperson_righthand": {
			"rotation":  [ -167, 5, -88 ],
			"translation":  [ 0.6956, 8.346, 3.4886 ],
			"scale":  [ 0.8695, 0.8, 0.8 ]
		},
		"thirdperson_lefthand": {
			"rotation":  [ 5, -180, -94 ],
			"translation":  [ -2.086, 9.0406, 2.0972 ],
			"scale":  [ 0.8695, 0.8, 0.8 ]
		},
		"firstperson_righthand": {
			"rotation":  [ -1, -180, 92 ],
			"translation":  [ 2.7826, 7.6521, 0.6956 ],
			"scale":  [ 0.6, 0.6, 0.6 ]
		},
		"firstperson_lefthand": {
			"rotation":  [ 175, 0, 81 ],
			"translation":  [ 2.7826, 7.6521, 0.6956 ],
			"scale":  [ 0.6, 0.6, 0.6 ]
		},
		"gui": {
			"rotation":  [ 84, 71, 0 ],
			"translation":  [ -3.477, 2.7825, 0 ],
			"scale":  [ 0.6, 0.8, 0.8 ]
		},
		"ground": {
			"rotation":  [ 6, 19, -74 ],
			"translation":  [ 0, 3.4792, 0 ],
			"scale":  [ 0.7, 0.7, 0.7 ]
		},
		"fixed": {
			"rotation":  [ -86, -117, 2 ],
			"translation":  [ 2.0869, 3.4781, -1 ],
			"scale":  [ 0.8, 0.8, 0.8 ]
		}
	}
}