{
	"parent": "item/bucket",
	"texture_size": [32, 32],
	"textures": {
		"5": "block/anvil_bucket",
		"6": "block/tadpole1",
		"7": "block/water",
		"8": "block/stripped_spruce_log",
		"particle": "block/iron_block"
	},
	"elements": [
		{
			"name": "front",
			"from": [5.5, 0.5, 4.5],
			"to": [10.5, 6.5, 5.5],
			"rotation": {"angle": 0, "axis": "y", "origin": [8, 5.25, 7.51903]},
			"faces": {
				"north": {"uv": [9, 3, 4, 9], "texture": "#5"},
				"east": {"uv": [4, 2, 3, 8], "texture": "#5"},
				"south": {"uv": [9, 3, 4, 9], "texture": "#5"},
				"west": {"uv": [4, 2, 3, 8], "texture": "#5"},
				"up": {"uv": [8, 2, 3, 3], "texture": "#5"},
				"down": {"uv": [8, 2, 3, 3], "texture": "#5"}
			}
		},
		{
			"name": "back",
			"from": [5.5, 0.5, 10.5],
			"to": [10.5, 6.5, 11.5],
			"rotation": {"angle": 0, "axis": "y", "origin": [8, 5.25, 7.51903]},
			"faces": {
				"north": {"uv": [5, 4, 10, 10], "texture": "#5"},
				"east": {"uv": [3, 2, 4, 8], "texture": "#5"},
				"south": {"uv": [3, 2, 8, 8], "texture": "#5"},
				"west": {"uv": [3, 2, 4, 8], "texture": "#5"},
				"up": {"uv": [8, 3, 3, 2], "texture": "#5"},
				"down": {"uv": [8, 3, 3, 2], "texture": "#5"}
			}
		},
		{
			"name": "side",
			"from": [10.5, 0.5, 5.5],
			"to": [11.5, 6.5, 10.5],
			"rotation": {"angle": 0, "axis": "y", "origin": [8, 5.25, 7.51903]},
			"faces": {
				"north": {"uv": [5, 4, 6, 10], "texture": "#5"},
				"east": {"uv": [3, 2, 8, 8], "texture": "#5"},
				"south": {"uv": [3, 2, 4, 8], "texture": "#5"},
				"west": {"uv": [3, 2, 8, 8], "texture": "#5"},
				"up": {"uv": [3, 2, 4, 7], "texture": "#5"},
				"down": {"uv": [3, 2, 4, 7], "texture": "#5"}
			}
		},
		{
			"name": "side",
			"from": [4.5, 0.5, 5.5],
			"to": [5.5, 6.5, 10.5],
			"rotation": {"angle": 0, "axis": "y", "origin": [8, 5.25, 7.51903]},
			"faces": {
				"north": {"uv": [6, 4, 5, 10], "texture": "#5"},
				"east": {"uv": [8, 2, 3, 8], "texture": "#5"},
				"south": {"uv": [4, 2, 3, 8], "texture": "#5"},
				"west": {"uv": [8, 2, 3, 8], "texture": "#5"},
				"up": {"uv": [4, 2, 3, 7], "texture": "#5"},
				"down": {"uv": [4, 2, 3, 7], "texture": "#5"}
			}
		},
		{
			"name": "bottom",
			"from": [5.5, 0.5, 5.53806],
			"to": [10.5, 1.5, 10.53806],
			"rotation": {"angle": 0, "axis": "y", "origin": [8, 5.25, 7.51903]},
			"faces": {
				"north": {"uv": [8, 2, 3, 3], "texture": "#5"},
				"east": {"uv": [8, 2, 3, 3], "texture": "#5"},
				"south": {"uv": [10, 4, 5, 5], "texture": "#5"},
				"west": {"uv": [8, 2, 3, 3], "texture": "#5"},
				"up": {"uv": [8, 2, 3, 7], "rotation": 180, "texture": "#5"},
				"down": {"uv": [8, 2, 3, 7], "rotation": 180, "texture": "#5"}
			}
		},
		{
			"name": "handleside",
			"from": [4.5, 6.5, 7.5],
			"to": [4.5, 10, 8.5],
			"rotation": {"angle": 0, "axis": "y", "origin": [8, 5.25, 7.51903]},
			"faces": {
				"north": {"uv": [5, 4, 5, 7.5], "texture": "#5"},
				"east": {"uv": [4, 2, 3, 5.5], "texture": "#5"},
				"south": {"uv": [3, 2, 3, 5.5], "texture": "#5"},
				"west": {"uv": [4, 2, 3, 5.5], "texture": "#5"},
				"up": {"uv": [3, 2, 3, 3], "texture": "#5"},
				"down": {"uv": [3, 2, 3, 3], "texture": "#5"}
			}
		},
		{
			"name": "handle",
			"from": [4.5, 9, 7.5],
			"to": [11.5, 10, 8.5],
			"rotation": {"angle": 0, "axis": "y", "origin": [8, 5.25, 7.51903]},
			"faces": {
				"north": {"uv": [12, 4, 5, 5], "texture": "#8"},
				"east": {"uv": [4, 2, 3, 3], "texture": "#8"},
				"south": {"uv": [10, 2, 3, 3], "texture": "#8"},
				"west": {"uv": [4, 2, 3, 3], "texture": "#8"},
				"up": {"uv": [10, 2, 3, 3], "texture": "#8"},
				"down": {"uv": [10, 2, 3, 3], "texture": "#8"}
			}
		},
		{
			"name": "handleside",
			"from": [11.5, 6.5, 7.5],
			"to": [11.5, 10, 8.5],
			"rotation": {"angle": 0, "axis": "y", "origin": [8, 5.25, 7.51903]},
			"faces": {
				"north": {"uv": [5, 4, 5, 7.5], "texture": "#5"},
				"east": {"uv": [3, 2, 4, 5.5], "texture": "#5"},
				"south": {"uv": [3, 2, 3, 5.5], "texture": "#5"},
				"west": {"uv": [3, 2, 4, 5.5], "texture": "#5"},
				"up": {"uv": [3, 2, 3, 3], "texture": "#5"},
				"down": {"uv": [3, 2, 3, 3], "texture": "#5"}
			}
		},
		{
			"from": [5.5, 1.5, 5.5],
			"to": [10.5, 5.5, 10.5],
			"faces": {
				"north": {"uv": [6.5, 6, 9, 8], "texture": "#7"},
				"east": {"uv": [6.5, 6, 9, 8], "texture": "#7"},
				"south": {"uv": [6.5, 6, 9, 8], "texture": "#7"},
				"west": {"uv": [6.5, 6, 9, 8], "texture": "#7"},
				"up": {"uv": [4, 1, 11, 9], "texture": "#7"},
				"down": {"uv": [6.5, 6, 9, 8.5], "texture": "#7"}
			}
		},
		{
			"name": "tail",
			"from": [7.9996, 4.54397, 6.75974],
			"to": [7.9996, 6.12637, 12.29814],
			"rotation": {"angle": 45, "axis": "x", "origin": [7.9996, 5.33517, 7.55094]},
			"faces": {
				"north": {"uv": [7, 7, 7, 9], "texture": "#6"},
				"east": {"uv": [0, 7, 7, 9], "texture": "#6"},
				"south": {"uv": [14, 7, 14, 9], "texture": "#6"},
				"west": {"uv": [7, 7, 0, 9], "texture": "#6"},
				"up": {"uv": [7, 7, 7, 0], "texture": "#6"},
				"down": {"uv": [7, 0, 7, 7], "texture": "#6"}
			}
		},
		{
			"name": "body",
			"from": [6.8128, 4.54397, 4.38614],
			"to": [9.1864, 6.12637, 6.75974],
			"rotation": {"angle": 45, "axis": "x", "origin": [7.9996, 5.33517, 7.55094]},
			"faces": {
				"north": {"uv": [3, 3, 6, 5], "texture": "#6"},
				"east": {"uv": [0, 3, 3, 5], "texture": "#6"},
				"south": {"uv": [9, 3, 12, 5], "texture": "#6"},
				"west": {"uv": [6, 3, 9, 5], "texture": "#6"},
				"up": {"uv": [6, 3, 3, 0], "texture": "#6"},
				"down": {"uv": [9, 0, 6, 3], "texture": "#6"}
			}
		}
	],
	"display": {
		"thirdperson_righthand": {
			"rotation": [-112, -180, -180],
			"translation": [0, -3, -1],
			"scale": [0.9, 0.9, 0.9]
		},
		"thirdperson_lefthand": {
			"rotation": [-112, -180, -180],
			"translation": [0, -3, -1.5],
			"scale": [0.9, 0.9, 0.9]
		},
		"firstperson_righthand": {
			"rotation": [355, 20, 5],
			"translation": [1.5, 2.75, 0],
			"scale": [0.6, 0.6, 0.6]
		},
		"firstperson_lefthand": {
			"rotation": [355, 200, 355],
			"translation": [1.5, 2.75, 0],
			"scale": [0.6, 0.6, 0.6]
		},
		"ground": {
			"translation": [0, 4, 0]
		},
		"gui": {
			"rotation": [30, 225, 0],
			"translation": [0, 3.5, 0],
			"scale": [1.1, 1.1, 1.1]
		},
		"fixed": {
			"rotation": [-90, 0, 0],
			"translation": [0, 0.25, -14],
			"scale": [2, 2, 2]
		}
	},
	"groups": [
		0,
		1,
		2,
		3,
		4,
		5,
		6,
		7,
		8,
		{
			"name": "tadpole",
			"origin": [0, 1, 1.5],
			"color": 0,
			"children": [
				{
					"name": "tail",
					"origin": [0, 1, 1.5],
					"color": 0,
					"children": [9]
				},
				{
					"name": "body",
					"origin": [0, 0, 0],
					"color": 0,
					"children": [10]
				}
			]
		}
	]
}