{
	"texture_size": [32, 32],
	"textures": {
		"3": "block/goathorn"
	},
	"elements": [
		{
			"from": [5, 7, 0.25],
			"to": [11, 12, 7.25],
			"rotation": {"angle": 0, "axis": "y", "origin": [7, 0, 15.25]},
			"faces": {
				"north": {"uv": [8, 7, 11, 9.5], "texture": "#3"},
				"east": {"uv": [6, 0, 9.5, 2.5], "texture": "#3"},
				"south": {"uv": [0, 9, 3, 11.5], "texture": "#3"},
				"west": {"uv": [6, 2.5, 9.5, 5], "texture": "#3"},
				"up": {"uv": [3, 3.5, 0, 0], "texture": "#3"},
				"down": {"uv": [6, 0, 3, 3.5], "texture": "#3"}
			}
		},
		{
			"from": [5, 5, 1.25],
			"to": [11, 7, 8.25],
			"rotation": {"angle": 0, "axis": "y", "origin": [7, 0, 15.25]},
			"faces": {
				"north": {"uv": [10, 10.5, 13, 11.5], "texture": "#3"},
				"east": {"uv": [10, 6, 13.5, 7], "texture": "#3"},
				"south": {"uv": [3, 11, 6, 12], "texture": "#3"},
				"west": {"uv": [10, 9.5, 13.5, 10.5], "texture": "#3"},
				"up": {"uv": [3, 7, 0, 3.5], "texture": "#3"},
				"down": {"uv": [6, 3.5, 3, 7], "texture": "#3"}
			}
		},
		{
			"from": [6, 3, 3.25],
			"to": [10, 5, 4.25],
			"rotation": {"angle": 0, "axis": "y", "origin": [7, 0, 15.25]},
			"faces": {
				"north": {"uv": [6, 11, 8, 12], "texture": "#3"},
				"east": {"uv": [9.5, 4, 10, 5], "texture": "#3"},
				"south": {"uv": [11, 7, 13, 8], "texture": "#3"},
				"west": {"uv": [5, 12, 5.5, 13], "texture": "#3"},
				"up": {"uv": [13, 8.5, 11, 8], "texture": "#3"},
				"down": {"uv": [13, 8.5, 11, 9], "texture": "#3"}
			}
		},
		{
			"from": [6, 4, 2.25],
			"to": [10, 5, 3.25],
			"rotation": {"angle": 0, "axis": "y", "origin": [7, 0, 15.25]},
			"faces": {
				"north": {"uv": [11, 9, 13, 9.5], "texture": "#3"},
				"east": {"uv": [10.5, 12, 11, 12.5], "texture": "#3"},
				"south": {"uv": [11.5, 2, 13.5, 2.5], "texture": "#3"},
				"west": {"uv": [11, 12, 11.5, 12.5], "texture": "#3"},
				"up": {"uv": [13.5, 3, 11.5, 2.5], "texture": "#3"},
				"down": {"uv": [13.5, 3, 11.5, 3.5], "texture": "#3"}
			}
		},
		{
			"from": [7, 6, 11.25],
			"to": [9, 7, 12.25],
			"rotation": {"angle": 0, "axis": "y", "origin": [7, 0, 15.25]},
			"faces": {
				"north": {"uv": [2, 11.5, 3, 12], "texture": "#3"},
				"east": {"uv": [11.5, 12, 12, 12.5], "texture": "#3"},
				"south": {"uv": [12, 5, 13, 5.5], "texture": "#3"},
				"west": {"uv": [12, 11.5, 12.5, 12], "texture": "#3"},
				"up": {"uv": [6.5, 12.5, 5.5, 12], "texture": "#3"},
				"down": {"uv": [13, 5.5, 12, 6], "texture": "#3"}
			}
		},
		{
			"from": [7, 3, 12.25],
			"to": [9, 4, 13.25],
			"rotation": {"angle": 0, "axis": "y", "origin": [7, 0, 15.25]},
			"faces": {
				"north": {"uv": [6.5, 12, 7.5, 12.5], "texture": "#3"},
				"east": {"uv": [12, 12, 12.5, 12.5], "texture": "#3"},
				"south": {"uv": [7.5, 12, 8.5, 12.5], "texture": "#3"},
				"west": {"uv": [12.5, 0, 13, 0.5], "texture": "#3"},
				"up": {"uv": [9.5, 12.5, 8.5, 12], "texture": "#3"},
				"down": {"uv": [10.5, 12, 9.5, 12.5], "texture": "#3"}
			}
		},
		{
			"from": [6, 2, 4.25],
			"to": [10, 6, 12.25],
			"rotation": {"angle": 0, "axis": "y", "origin": [7, 0, 15.25]},
			"faces": {
				"north": {"uv": [9.5, 0, 11.5, 2], "texture": "#3"},
				"east": {"uv": [6, 5, 10, 7], "texture": "#3"},
				"south": {"uv": [9.5, 2, 11.5, 4], "texture": "#3"},
				"west": {"uv": [0, 7, 4, 9], "texture": "#3"},
				"up": {"uv": [6, 11, 4, 7], "texture": "#3"},
				"down": {"uv": [8, 7, 6, 11], "texture": "#3"}
			}
		},
		{
			"from": [6, 1, 6.25],
			"to": [10, 2, 10.25],
			"rotation": {"angle": 0, "axis": "y", "origin": [7, 0, 15.25]},
			"faces": {
				"north": {"uv": [11.5, 3.5, 13.5, 4], "texture": "#3"},
				"east": {"uv": [8, 11.5, 10, 12], "texture": "#3"},
				"south": {"uv": [10, 11.5, 12, 12], "texture": "#3"},
				"west": {"uv": [2, 12, 4, 12.5], "texture": "#3"},
				"up": {"uv": [10, 11.5, 8, 9.5], "texture": "#3"},
				"down": {"uv": [12, 4, 10, 6], "texture": "#3"}
			}
		},
		{
			"from": [7, 4, 12.25],
			"to": [9, 8, 14.25],
			"rotation": {"angle": 0, "axis": "y", "origin": [7, 0, 15.25]},
			"faces": {
				"north": {"uv": [3, 9, 4, 11], "texture": "#3"},
				"east": {"uv": [0, 11.5, 1, 13.5], "texture": "#3"},
				"south": {"uv": [11.5, 0, 12.5, 2], "texture": "#3"},
				"west": {"uv": [1, 11.5, 2, 13.5], "texture": "#3"},
				"up": {"uv": [5, 13, 4, 12], "texture": "#3"},
				"down": {"uv": [13, 4, 12, 5], "texture": "#3"}
			}
		}
	],
	"display": {
		"thirdperson_righthand": {
			"rotation": [0, -20, 0],
			"translation": [-0.75, 2, -0.25],
			"scale": [0.45, 0.45, 0.45]
		},
		"thirdperson_lefthand": {
			"rotation": [0, -30, 0],
			"translation": [-1, 0, -1],
			"scale": [0.45, 0.45, 0.45]
		},
		"firstperson_righthand": {
			"rotation": [12, 5, 0],
			"translation": [0, -1.25, -7],
			"scale": [0.7, 0.7, 0.7]
		},
		"firstperson_lefthand": {
			"scale": [0.7, 0.7, 0.7]
		},
		"ground": {
			"translation": [0, 3.25, 0]
		},
		"gui": {
			"rotation": [12, 90, 0],
			"translation": [0.75, 0.75, 0]
		},
		"head": {
			"translation": [0, 13.25, 0]
		},
		"fixed": {
			"rotation": [0, -90, 0]
		}
	}
}