{
	"parent": "item/bucket",
	"texture_size": [32, 32],
	"textures": {
		"0": "block/tropical_fish_a1",
		"5": "block/anvil_bucket",
		"7": "block/water",
		"8": "block/stripped_spruce_log",
		"particle": "block/iron_block"
	},
	"elements": [
		{
			"name": "front",
			"from": [5.5, 0.5, 4.5],
			"to": [10.5, 6.5, 5.5],
			"rotation": {"angle": 0, "axis": "y", "origin": [8, 5.25, 7.51903]},
			"faces": {
				"north": {"uv": [9, 3, 4, 9], "texture": "#5"},
				"east": {"uv": [4, 2, 3, 8], "texture": "#5"},
				"south": {"uv": [9, 3, 4, 9], "texture": "#5"},
				"west": {"uv": [4, 2, 3, 8], "texture": "#5"},
				"up": {"uv": [8, 2, 3, 3], "texture": "#5"},
				"down": {"uv": [8, 2, 3, 3], "texture": "#5"}
			}
		},
		{
			"name": "back",
			"from": [5.5, 0.5, 10.5],
			"to": [10.5, 6.5, 11.5],
			"rotation": {"angle": 0, "axis": "y", "origin": [8, 5.25, 7.51903]},
			"faces": {
				"north": {"uv": [5, 4, 10, 10], "texture": "#5"},
				"east": {"uv": [3, 2, 4, 8], "texture": "#5"},
				"south": {"uv": [3, 2, 8, 8], "texture": "#5"},
				"west": {"uv": [3, 2, 4, 8], "texture": "#5"},
				"up": {"uv": [8, 3, 3, 2], "texture": "#5"},
				"down": {"uv": [8, 3, 3, 2], "texture": "#5"}
			}
		},
		{
			"name": "side",
			"from": [10.5, 0.5, 5.5],
			"to": [11.5, 6.5, 10.5],
			"rotation": {"angle": 0, "axis": "y", "origin": [8, 5.25, 7.51903]},
			"faces": {
				"north": {"uv": [5, 4, 6, 10], "texture": "#5"},
				"east": {"uv": [3, 2, 8, 8], "texture": "#5"},
				"south": {"uv": [3, 2, 4, 8], "texture": "#5"},
				"west": {"uv": [3, 2, 8, 8], "texture": "#5"},
				"up": {"uv": [3, 2, 4, 7], "texture": "#5"},
				"down": {"uv": [3, 2, 4, 7], "texture": "#5"}
			}
		},
		{
			"name": "side",
			"from": [4.5, 0.5, 5.5],
			"to": [5.5, 6.5, 10.5],
			"rotation": {"angle": 0, "axis": "y", "origin": [8, 5.25, 7.51903]},
			"faces": {
				"north": {"uv": [6, 4, 5, 10], "texture": "#5"},
				"east": {"uv": [8, 2, 3, 8], "texture": "#5"},
				"south": {"uv": [4, 2, 3, 8], "texture": "#5"},
				"west": {"uv": [8, 2, 3, 8], "texture": "#5"},
				"up": {"uv": [4, 2, 3, 7], "texture": "#5"},
				"down": {"uv": [4, 2, 3, 7], "texture": "#5"}
			}
		},
		{
			"name": "bottom",
			"from": [5.5, 0.5, 5.53806],
			"to": [10.5, 1.5, 10.53806],
			"rotation": {"angle": 0, "axis": "y", "origin": [8, 5.25, 7.51903]},
			"faces": {
				"north": {"uv": [8, 2, 3, 3], "texture": "#5"},
				"east": {"uv": [8, 2, 3, 3], "texture": "#5"},
				"south": {"uv": [10, 4, 5, 5], "texture": "#5"},
				"west": {"uv": [8, 2, 3, 3], "texture": "#5"},
				"up": {"uv": [8, 2, 3, 7], "rotation": 180, "texture": "#5"},
				"down": {"uv": [8, 2, 3, 7], "rotation": 180, "texture": "#5"}
			}
		},
		{
			"name": "handleside",
			"from": [4.5, 6.5, 7.5],
			"to": [4.5, 10, 8.5],
			"rotation": {"angle": 0, "axis": "y", "origin": [8, 5.25, 7.51903]},
			"faces": {
				"north": {"uv": [5, 4, 5, 7.5], "texture": "#5"},
				"east": {"uv": [4, 2, 3, 5.5], "texture": "#5"},
				"south": {"uv": [3, 2, 3, 5.5], "texture": "#5"},
				"west": {"uv": [4, 2, 3, 5.5], "texture": "#5"},
				"up": {"uv": [3, 2, 3, 3], "texture": "#5"},
				"down": {"uv": [3, 2, 3, 3], "texture": "#5"}
			}
		},
		{
			"name": "handle",
			"from": [4.5, 9, 7.5],
			"to": [11.5, 10, 8.5],
			"rotation": {"angle": 0, "axis": "y", "origin": [8, 5.25, 7.51903]},
			"faces": {
				"north": {"uv": [12, 4, 5, 5], "texture": "#8"},
				"east": {"uv": [4, 2, 3, 3], "texture": "#8"},
				"south": {"uv": [10, 2, 3, 3], "texture": "#8"},
				"west": {"uv": [4, 2, 3, 3], "texture": "#8"},
				"up": {"uv": [10, 2, 3, 3], "texture": "#8"},
				"down": {"uv": [10, 2, 3, 3], "texture": "#8"}
			}
		},
		{
			"name": "handleside",
			"from": [11.5, 6.5, 7.5],
			"to": [11.5, 10, 8.5],
			"rotation": {"angle": 0, "axis": "y", "origin": [8, 5.25, 7.51903]},
			"faces": {
				"north": {"uv": [5, 4, 5, 7.5], "texture": "#5"},
				"east": {"uv": [3, 2, 4, 5.5], "texture": "#5"},
				"south": {"uv": [3, 2, 3, 5.5], "texture": "#5"},
				"west": {"uv": [3, 2, 4, 5.5], "texture": "#5"},
				"up": {"uv": [3, 2, 3, 3], "texture": "#5"},
				"down": {"uv": [3, 2, 3, 3], "texture": "#5"}
			}
		},
		{
			"from": [5.5, 1.5, 5.5],
			"to": [10.5, 5.5, 10.5],
			"faces": {
				"north": {"uv": [6.5, 6, 9, 8], "texture": "#7"},
				"east": {"uv": [6.5, 6, 9, 8], "texture": "#7"},
				"south": {"uv": [6.5, 6, 9, 8], "texture": "#7"},
				"west": {"uv": [6.5, 6, 9, 8], "texture": "#7"},
				"up": {"uv": [4, 1, 11, 9], "texture": "#7"},
				"down": {"uv": [6.5, 6, 9, 8.5], "texture": "#7"}
			}
		},
		{
			"name": "tail",
			"from": [4.15094, 5.75, 8],
			"to": [5.83094, 7.01, 8],
			"rotation": {"angle": 45, "axis": "z", "origin": [8.54094, 7.26, 8]},
			"faces": {
				"north": {"uv": [14, 0, 16, 1.5], "texture": "#0"},
				"east": {"uv": [14, 0, 14, 1.5], "texture": "#0"},
				"south": {"uv": [16, 0, 14, 1.5], "texture": "#0"},
				"west": {"uv": [16, 0, 16, 1.5], "texture": "#0"},
				"up": {"uv": [14, 0, 14, -2], "rotation": 90, "texture": "#0"},
				"down": {"uv": [14, -2, 14, 0], "rotation": 270, "texture": "#0"}
			}
		},
		{
			"name": "fin_top",
			"from": [5.83094, 7.01, 8],
			"to": [8.35094, 8.69, 8],
			"rotation": {"angle": 45, "axis": "z", "origin": [8.54094, 7.26, 8]},
			"faces": {
				"north": {"uv": [8, 0, 11, 2], "texture": "#0"},
				"east": {"uv": [8, 0, 8, 2], "texture": "#0"},
				"south": {"uv": [11, 0, 8, 2], "texture": "#0"},
				"west": {"uv": [11, 0, 11, 2], "texture": "#0"},
				"up": {"uv": [8, 0, 8, -3], "rotation": 90, "texture": "#0"},
				"down": {"uv": [8, -3, 8, 0], "rotation": 270, "texture": "#0"}
			}
		},
		{
			"name": "body",
			"from": [5.83094, 5.75, 7.58],
			"to": [8.35094, 7.01, 8.42],
			"rotation": {"angle": 45, "axis": "z", "origin": [8.54094, 7.26, 8]},
			"faces": {
				"north": {"uv": [4, 3, 7, 4.5], "texture": "#0"},
				"east": {"uv": [3, 3, 4, 4.5], "texture": "#0"},
				"south": {"uv": [0, 3, 3, 4.5], "texture": "#0"},
				"west": {"uv": [7, 3, 8, 4.5], "texture": "#0"},
				"up": {"uv": [4, 3, 3, 0], "rotation": 90, "texture": "#0"},
				"down": {"uv": [5, 0, 4, 3], "rotation": 270, "texture": "#0"}
			}
		},
		{
			"name": "right_fin",
			"from": [7.09094, 5.75, 8.42],
			"to": [7.09094, 6.59, 9.26],
			"rotation": {"angle": 45, "axis": "z", "origin": [8.54094, 7.26, 8]},
			"faces": {
				"north": {"uv": [2, 8, 2, 9], "texture": "#0"},
				"east": {"uv": [1, 8, 2, 9], "texture": "#0"},
				"south": {"uv": [1, 8, 1, 9], "texture": "#0"},
				"west": {"uv": [2, 8, 1, 9], "texture": "#0"},
				"up": {"uv": [2, 8, 1, 8], "rotation": 90, "texture": "#0"},
				"down": {"uv": [3, 8, 2, 8], "rotation": 270, "texture": "#0"}
			}
		},
		{
			"name": "left_fin",
			"from": [7.09094, 5.75, 6.74],
			"to": [7.09094, 6.59, 7.58],
			"rotation": {"angle": 45, "axis": "z", "origin": [8.54094, 7.26, 8]},
			"faces": {
				"north": {"uv": [2, 6, 2, 7], "texture": "#0"},
				"east": {"uv": [1, 6, 2, 7], "texture": "#0"},
				"south": {"uv": [1, 6, 1, 7], "texture": "#0"},
				"west": {"uv": [2, 6, 1, 7], "texture": "#0"},
				"up": {"uv": [2, 6, 1, 6], "rotation": 90, "texture": "#0"},
				"down": {"uv": [3, 6, 2, 6], "rotation": 270, "texture": "#0"}
			}
		}
	],
	"display": {
		"thirdperson_righthand": {
			"rotation": [-112, 0, -180],
			"translation": [0, -3, -1],
			"scale": [0.9, 0.9, 0.9]
		},
		"thirdperson_lefthand": {
			"rotation": [-112, 0, -180],
			"translation": [0, -3, -1],
			"scale": [0.9, 0.9, 0.9]
		},
		"firstperson_righthand": {
			"rotation": [355, 20, 5],
			"translation": [1.5, 2.75, 0],
			"scale": [0.6, 0.6, 0.6]
		},
		"firstperson_lefthand": {
			"rotation": [355, 200, 355],
			"translation": [1.5, 2.75, 0],
			"scale": [0.6, 0.6, 0.6]
		},
		"ground": {
			"translation": [0, 4, 0]
		},
		"gui": {
			"rotation": [30, 225, 0],
			"translation": [0, 3.5, 0],
			"scale": [1.1, 1.1, 1.1]
		},
		"fixed": {
			"rotation": [-90, 0, 0],
			"translation": [0, 0.25, -14],
			"scale": [2, 2, 2]
		}
	},
	"groups": [
		0,
		1,
		2,
		3,
		4,
		5,
		6,
		7,
		8,
		{
			"name": "tropicalfish",
			"origin": [8.54094, 0, 6.95],
			"color": 0,
			"children": [
				{
					"name": "tail",
					"origin": [8.54094, 1.5, 9.95],
					"color": 0,
					"children": [9]
				},
				{
					"name": "fin_top",
					"origin": [8.54094, 3, 3.95],
					"color": 0,
					"children": [10]
				},
				{
					"name": "body",
					"origin": [8.54094, 1.5, 6.95],
					"color": 0,
					"children": [
						11,
						{
							"name": "right_fin",
							"origin": [9.54094, 0, 6.95],
							"rotation": [0, -45, 0],
							"color": 0,
							"children": [12]
						},
						{
							"name": "left_fin",
							"origin": [7.54094, 0, 6.95],
							"rotation": [0, 45, 0],
							"color": 0,
							"children": [13]
						}
					]
				}
			]
		}
	]
}