{
	"__comment": "Designed by Pashjn with Cubik Studio - https://cubik.studio",
	"textures": {
		"particle": "images/woodenpickaxe",
		"texture": "images/woodenpickaxe",
		"voxels_atlas": "images/woodenpickaxe"
	},
	"elements": [ 	 
		{
			"__comment": "Voxels",
			"from": [ -9, 7, 7.5 ],
			"to": [ 7, 8, 8.5 ],
			"faces": {
				"down": { "uv": [ 0, 15, 16, 16 ], "texture": "#voxels_atlas" },
				"up": { "uv": [ 0, 15, 16, 14 ], "texture": "#voxels_atlas" },
				"north": { "uv": [ 16, 13, 0, 14 ], "texture": "#voxels_atlas" },
				"south": { "uv": [ 0, 12, 16, 13 ], "texture": "#voxels_atlas" },
				"west": { "uv": [ 3.5, 7, 4.5, 8 ], "texture": "#voxels_atlas" },
				"east": { "uv": [ 4.5, 6, 3.5, 7 ], "texture": "#voxels_atlas" }
			}
		},
		{
			"__comment": "Voxels",
			"from": [ -8.5, 6.5, 7.5 ],
			"to": [ -7.5, 7, 8.5 ],
			"faces": {
				"down": { "uv": [ 3.5, 5, 4.5, 6 ], "texture": "#voxels_atlas" },
				"up": { "uv": [ 3.5, 5, 4.5, 4 ], "texture": "#voxels_atlas" },
				"north": { "uv": [ 9, 8, 8, 8.5 ], "texture": "#voxels_atlas" },
				"south": { "uv": [ 9, 8, 10, 8.5 ], "texture": "#voxels_atlas" },
				"west": { "uv": [ 14, 8, 15, 8.5 ], "texture": "#voxels_atlas" },
				"east": { "uv": [ 16, 8, 15, 8.5 ], "texture": "#voxels_atlas" }
			}
		},
		{
			"__comment": "Voxels",
			"from": [ -8.5, 7, 7 ],
			"to": [ -7.5, 8, 7.5 ],
			"faces": {
				"down": { "uv": [ 8.5, 7.5, 9.5, 8 ], "texture": "#voxels_atlas" },
				"up": { "uv": [ 9.5, 8, 10.5, 7.5 ], "texture": "#voxels_atlas" },
				"north": { "uv": [ 4.5, 1, 3.5, 2 ], "texture": "#voxels_atlas" },
				"south": { "uv": [ 3.5, 0, 4.5, 1 ], "texture": "#voxels_atlas" },
				"west": { "uv": [ 8.5, 6.5, 9, 7.5 ], "texture": "#voxels_atlas" },
				"east": { "uv": [ 9, 5.5, 8.5, 6.5 ], "texture": "#voxels_atlas" }
			}
		},
		{
			"__comment": "Voxels",
			"from": [ -8.5, 7, 8.5 ],
			"to": [ -7.5, 8, 9 ],
			"faces": {
				"down": { "uv": [ 10.5, 7.5, 11.5, 8 ], "texture": "#voxels_atlas" },
				"up": { "uv": [ 15, 11, 16, 10.5 ], "texture": "#voxels_atlas" },
				"north": { "uv": [ 6, 5.5, 5, 6.5 ], "texture": "#voxels_atlas" },
				"south": { "uv": [ 5, 4.5, 6, 5.5 ], "texture": "#voxels_atlas" },
				"west": { "uv": [ 1.5, 3, 2, 4 ], "texture": "#voxels_atlas" },
				"east": { "uv": [ 5, 0, 4.5, 1 ], "texture": "#voxels_atlas" }
			}
		},
		{
			"__comment": "Voxels",
			"from": [ -8.5, 8, 7.5 ],
			"to": [ -7.5, 8.5, 8.5 ],
			"faces": {
				"down": { "uv": [ 5, 1.5, 6, 2.5 ], "texture": "#voxels_atlas" },
				"up": { "uv": [ 5, 1.5, 6, 0.5 ], "texture": "#voxels_atlas" },
				"north": { "uv": [ 6, 0, 5, 0.5 ], "texture": "#voxels_atlas" },
				"south": { "uv": [ 15, 10, 16, 10.5 ], "texture": "#voxels_atlas" },
				"west": { "uv": [ 15, 8.5, 16, 9 ], "texture": "#voxels_atlas" },
				"east": { "uv": [ 7, 2, 6, 2.5 ], "texture": "#voxels_atlas" }
			}
		},
		{
			"__comment": "Voxels",
			"from": [ 1.5, 7, 2 ],
			"to": [ 3, 8, 2.5 ],
			"faces": {
				"down": { "uv": [ 14, 9, 15.5, 9.5 ], "texture": "#voxels_atlas" },
				"up": { "uv": [ 6, 9, 7.5, 8.5 ], "texture": "#voxels_atlas" },
				"north": { "uv": [ 12.5, 11, 11, 12 ], "texture": "#voxels_atlas" },
				"south": { "uv": [ 12.5, 11, 14, 12 ], "texture": "#voxels_atlas" },
				"west": { "uv": [ 1.5, 2, 2, 3 ], "texture": "#voxels_atlas" },
				"east": { "uv": [ 2, 1, 1.5, 2 ], "texture": "#voxels_atlas" }
			}
		},
		{
			"__comment": "Voxels",
			"from": [ 1.5, 7, 13.5 ],
			"to": [ 3, 8, 14 ],
			"faces": {
				"down": { "uv": [ 10.5, 8.5, 12, 9 ], "texture": "#voxels_atlas" },
				"up": { "uv": [ 12, 9, 13.5, 8.5 ], "texture": "#voxels_atlas" },
				"north": { "uv": [ 3.5, 1, 2, 2 ], "texture": "#voxels_atlas" },
				"south": { "uv": [ 2, 0, 3.5, 1 ], "texture": "#voxels_atlas" },
				"west": { "uv": [ 1.5, 0, 2, 1 ], "texture": "#voxels_atlas" },
				"east": { "uv": [ 3.5, 6, 3, 7 ], "texture": "#voxels_atlas" }
			}
		},
		{
			"__comment": "Voxels",
			"from": [ 2, 7, 2.5 ],
			"to": [ 4, 8, 3 ],
			"faces": {
				"down": { "uv": [ 5, 10.5, 7, 11 ], "texture": "#voxels_atlas" },
				"up": { "uv": [ 7, 11, 9, 10.5 ], "texture": "#voxels_atlas" },
				"north": { "uv": [ 2, 9, 0, 10 ], "texture": "#voxels_atlas" },
				"south": { "uv": [ 0, 8, 2, 9 ], "texture": "#voxels_atlas" },
				"west": { "uv": [ 3, 2.5, 3.5, 3.5 ], "texture": "#voxels_atlas" },
				"east": { "uv": [ 9, 3.5, 8.5, 4.5 ], "texture": "#voxels_atlas" }
			}
		},
		{
			"__comment": "Voxels",
			"from": [ 2, 7, 13 ],
			"to": [ 4, 8, 13.5 ],
			"faces": {
				"down": { "uv": [ 9, 10.5, 11, 11 ], "texture": "#voxels_atlas" },
				"up": { "uv": [ 11, 11, 13, 10.5 ], "texture": "#voxels_atlas" },
				"north": { "uv": [ 2, 11, 0, 12 ], "texture": "#voxels_atlas" },
				"south": { "uv": [ 0, 10, 2, 11 ], "texture": "#voxels_atlas" },
				"west": { "uv": [ 8.5, 4.5, 9, 5.5 ], "texture": "#voxels_atlas" },
				"east": { "uv": [ 8.5, 0, 8, 1 ], "texture": "#voxels_atlas" }
			}
		},
		{
			"__comment": "Voxels",
			"from": [ 3, 7, 3 ],
			"to": [ 4.5, 8, 3.5 ],
			"faces": {
				"down": { "uv": [ 6, 4, 7.5, 4.5 ], "texture": "#voxels_atlas" },
				"up": { "uv": [ 6, 6, 7.5, 5.5 ], "texture": "#voxels_atlas" },
				"north": { "uv": [ 3.5, 4.5, 2, 5.5 ], "texture": "#voxels_atlas" },
				"south": { "uv": [ 2, 3.5, 3.5, 4.5 ], "texture": "#voxels_atlas" },
				"west": { "uv": [ 8, 1, 8.5, 2 ], "texture": "#voxels_atlas" },
				"east": { "uv": [ 8, 0.5, 7.5, 1.5 ], "texture": "#voxels_atlas" }
			}
		},
		{
			"__comment": "Voxels",
			"from": [ 3, 7, 12.5 ],
			"to": [ 4.5, 8, 13 ],
			"faces": {
				"down": { "uv": [ 14, 9.5, 15.5, 10 ], "texture": "#voxels_atlas" },
				"up": { "uv": [ 6, 5, 7.5, 4.5 ], "texture": "#voxels_atlas" },
				"north": { "uv": [ 6.5, 11, 5, 12 ], "texture": "#voxels_atlas" },
				"south": { "uv": [ 6.5, 11, 8, 12 ], "texture": "#voxels_atlas" },
				"west": { "uv": [ 7.5, 4.5, 8, 5.5 ], "texture": "#voxels_atlas" },
				"east": { "uv": [ 8, 5.5, 7.5, 6.5 ], "texture": "#voxels_atlas" }
			}
		},
		{
			"__comment": "Voxels",
			"from": [ 3.5, 7, 3.5 ],
			"to": [ 5, 8, 4 ],
			"faces": {
				"down": { "uv": [ 7.5, 8.5, 9, 9 ], "texture": "#voxels_atlas" },
				"up": { "uv": [ 13.5, 10.5, 15, 10 ], "texture": "#voxels_atlas" },
				"north": { "uv": [ 5, 9, 3.5, 10 ], "texture": "#voxels_atlas" },
				"south": { "uv": [ 3.5, 8, 5, 9 ], "texture": "#voxels_atlas" },
				"west": { "uv": [ 4.5, 5, 5, 6 ], "texture": "#voxels_atlas" },
				"east": { "uv": [ 5, 6, 4.5, 7 ], "texture": "#voxels_atlas" }
			}
		},
		{
			"__comment": "Voxels",
			"from": [ 3.5, 7, 7 ],
			"to": [ 4.5, 8, 7.5 ],
			"faces": {
				"down": { "uv": [ 6, 1, 7, 1.5 ], "texture": "#voxels_atlas" },
				"up": { "uv": [ 6, 2, 7, 1.5 ], "texture": "#voxels_atlas" },
				"north": { "uv": [ 6, 9.5, 5, 10.5 ], "texture": "#voxels_atlas" },
				"south": { "uv": [ 5, 8.5, 6, 9.5 ], "texture": "#voxels_atlas" },
				"west": { "uv": [ 9.5, 6.5, 10, 7.5 ], "texture": "#voxels_atlas" },
				"east": { "uv": [ 9.5, 6.5, 9, 7.5 ], "texture": "#voxels_atlas" }
			}
		},
		{
			"__comment": "Voxels",
			"from": [ 3.5, 7, 8.5 ],
			"to": [ 4.5, 8, 9 ],
			"faces": {
				"down": { "uv": [ 11, 8, 12, 8.5 ], "texture": "#voxels_atlas" },
				"up": { "uv": [ 10, 8.5, 11, 8 ], "texture": "#voxels_atlas" },
				"north": { "uv": [ 6, 7.5, 5, 8.5 ], "texture": "#voxels_atlas" },
				"south": { "uv": [ 3.5, 2, 4.5, 3 ], "texture": "#voxels_atlas" },
				"west": { "uv": [ 4.5, 1, 5, 2 ], "texture": "#voxels_atlas" },
				"east": { "uv": [ 8, 1.5, 7.5, 2.5 ], "texture": "#voxels_atlas" }
			}
		},
		{
			"__comment": "Voxels",
			"from": [ 3.5, 7, 12 ],
			"to": [ 5, 8, 12.5 ],
			"faces": {
				"down": { "uv": [ 6, 6.5, 7.5, 7 ], "texture": "#voxels_atlas" },
				"up": { "uv": [ 6, 6.5, 7.5, 6 ], "texture": "#voxels_atlas" },
				"north": { "uv": [ 3.5, 11, 2, 12 ], "texture": "#voxels_atlas" },
				"south": { "uv": [ 0, 1, 1.5, 2 ], "texture": "#voxels_atlas" },
				"west": { "uv": [ 8, 5, 8.5, 6 ], "texture": "#voxels_atlas" },
				"east": { "uv": [ 8.5, 4, 8, 5 ], "texture": "#voxels_atlas" }
			}
		},
		{
			"__comment": "Voxels",
			"from": [ 4, 7, 4 ],
			"to": [ 5.5, 8, 4.5 ],
			"faces": {
				"down": { "uv": [ 6, 5, 7.5, 5.5 ], "texture": "#voxels_atlas" },
				"up": { "uv": [ 6, 8, 7.5, 7.5 ], "texture": "#voxels_atlas" },
				"north": { "uv": [ 5, 11, 3.5, 12 ], "texture": "#voxels_atlas" },
				"south": { "uv": [ 2, 10, 3.5, 11 ], "texture": "#voxels_atlas" },
				"west": { "uv": [ 10, 6.5, 10.5, 7.5 ], "texture": "#voxels_atlas" },
				"east": { "uv": [ 11, 6.5, 10.5, 7.5 ], "texture": "#voxels_atlas" }
			}
		},
		{
			"__comment": "Voxels",
			"from": [ 4, 7, 11.5 ],
			"to": [ 5.5, 8, 12 ],
			"faces": {
				"down": { "uv": [ 6, 2.5, 7.5, 3 ], "texture": "#voxels_atlas" },
				"up": { "uv": [ 12, 10.5, 13.5, 10 ], "texture": "#voxels_atlas" },
				"north": { "uv": [ 1.5, 2, 0, 3 ], "texture": "#voxels_atlas" },
				"south": { "uv": [ 0, 3, 1.5, 4 ], "texture": "#voxels_atlas" },
				"west": { "uv": [ 15.5, 11, 16, 12 ], "texture": "#voxels_atlas" },
				"east": { "uv": [ 5, 7, 4.5, 8 ], "texture": "#voxels_atlas" }
			}
		},
		{
			"__comment": "Voxels",
			"from": [ 4.5, 7, 4.5 ],
			"to": [ 6, 8, 5 ],
			"faces": {
				"down": { "uv": [ 13.5, 8.5, 15, 9 ], "texture": "#voxels_atlas" },
				"up": { "uv": [ 6, 8.5, 7.5, 8 ], "texture": "#voxels_atlas" },
				"north": { "uv": [ 11, 11, 9.5, 12 ], "texture": "#voxels_atlas" },
				"south": { "uv": [ 8, 11, 9.5, 12 ], "texture": "#voxels_atlas" },
				"west": { "uv": [ 8.5, 0.5, 9, 1.5 ], "texture": "#voxels_atlas" },
				"east": { "uv": [ 5, 4, 4.5, 5 ], "texture": "#voxels_atlas" }
			}
		},
		{
			"__comment": "Voxels",
			"from": [ 4.5, 7, 11 ],
			"to": [ 6, 8, 11.5 ],
			"faces": {
				"down": { "uv": [ 9, 8.5, 10.5, 9 ], "texture": "#voxels_atlas" },
				"up": { "uv": [ 6, 7.5, 7.5, 7 ], "texture": "#voxels_atlas" },
				"north": { "uv": [ 5, 10, 3.5, 11 ], "texture": "#voxels_atlas" },
				"south": { "uv": [ 14, 11, 15.5, 12 ], "texture": "#voxels_atlas" },
				"west": { "uv": [ 4.5, 3, 5, 4 ], "texture": "#voxels_atlas" },
				"east": { "uv": [ 5, 2, 4.5, 3 ], "texture": "#voxels_atlas" }
			}
		},
		{
			"__comment": "Voxels",
			"from": [ 5, 7, 5 ],
			"to": [ 6, 8, 5.5 ],
			"faces": {
				"down": { "uv": [ 6, 0.5, 7, 1 ], "texture": "#voxels_atlas" },
				"up": { "uv": [ 6, 0.5, 7, 0 ], "texture": "#voxels_atlas" },
				"north": { "uv": [ 6, 3.5, 5, 4.5 ], "texture": "#voxels_atlas" },
				"south": { "uv": [ 5, 2.5, 6, 3.5 ], "texture": "#voxels_atlas" },
				"west": { "uv": [ 7.5, 7.5, 8, 8.5 ], "texture": "#voxels_atlas" },
				"east": { "uv": [ 8, 6.5, 7.5, 7.5 ], "texture": "#voxels_atlas" }
			}
		},
		{
			"__comment": "Voxels",
			"from": [ 5, 7, 7 ],
			"to": [ 7, 8, 7.5 ],
			"faces": {
				"down": { "uv": [ 13, 10.5, 15, 11 ], "texture": "#voxels_atlas" },
				"up": { "uv": [ 6, 10.5, 8, 10 ], "texture": "#voxels_atlas" },
				"north": { "uv": [ 2, 4, 0, 5 ], "texture": "#voxels_atlas" },
				"south": { "uv": [ 0, 5, 2, 6 ], "texture": "#voxels_atlas" },
				"west": { "uv": [ 7.5, 3.5, 8, 4.5 ], "texture": "#voxels_atlas" },
				"east": { "uv": [ 8, 2.5, 7.5, 3.5 ], "texture": "#voxels_atlas" }
			}
		},
		{
			"__comment": "Voxels",
			"from": [ 5, 7, 8.5 ],
			"to": [ 7, 8, 9 ],
			"faces": {
				"down": { "uv": [ 8, 10, 10, 10.5 ], "texture": "#voxels_atlas" },
				"up": { "uv": [ 10, 10.5, 12, 10 ], "texture": "#voxels_atlas" },
				"north": { "uv": [ 2, 6, 0, 7 ], "texture": "#voxels_atlas" },
				"south": { "uv": [ 0, 7, 2, 8 ], "texture": "#voxels_atlas" },
				"west": { "uv": [ 8, 7, 8.5, 8 ], "texture": "#voxels_atlas" },
				"east": { "uv": [ 8.5, 6, 8, 7 ], "texture": "#voxels_atlas" }
			}
		},
		{
			"__comment": "Voxels",
			"from": [ 5, 7, 10.5 ],
			"to": [ 6, 8, 11 ],
			"faces": {
				"down": { "uv": [ 12, 8, 13, 8.5 ], "texture": "#voxels_atlas" },
				"up": { "uv": [ 13, 8.5, 14, 8 ], "texture": "#voxels_atlas" },
				"north": { "uv": [ 7, 9, 6, 10 ], "texture": "#voxels_atlas" },
				"south": { "uv": [ 7, 9, 8, 10 ], "texture": "#voxels_atlas" },
				"west": { "uv": [ 8, 3, 8.5, 4 ], "texture": "#voxels_atlas" },
				"east": { "uv": [ 8.5, 2, 8, 3 ], "texture": "#voxels_atlas" }
			}
		},
		{
			"__comment": "Voxels",
			"from": [ 5.5, 7, 5.5 ],
			"to": [ 6.5, 8, 7 ],
			"faces": {
				"down": { "uv": [ 2, 2, 3, 3.5 ], "texture": "#voxels_atlas" },
				"up": { "uv": [ 2, 7, 3, 5.5 ], "texture": "#voxels_atlas" },
				"north": { "uv": [ 9, 9, 8, 10 ], "texture": "#voxels_atlas" },
				"south": { "uv": [ 5, 6.5, 6, 7.5 ], "texture": "#voxels_atlas" },
				"west": { "uv": [ 2, 7, 3.5, 8 ], "texture": "#voxels_atlas" },
				"east": { "uv": [ 3.5, 8, 2, 9 ], "texture": "#voxels_atlas" }
			}
		},
		{
			"__comment": "Voxels",
			"from": [ 5.5, 7, 9 ],
			"to": [ 7, 8, 9.5 ],
			"faces": {
				"down": { "uv": [ 6, 3.5, 7.5, 4 ], "texture": "#voxels_atlas" },
				"up": { "uv": [ 6, 3.5, 7.5, 3 ], "texture": "#voxels_atlas" },
				"north": { "uv": [ 3.5, 9, 2, 10 ], "texture": "#voxels_atlas" },
				"south": { "uv": [ 0, 0, 1.5, 1 ], "texture": "#voxels_atlas" },
				"west": { "uv": [ 8.5, 2.5, 9, 3.5 ], "texture": "#voxels_atlas" },
				"east": { "uv": [ 9, 1.5, 8.5, 2.5 ], "texture": "#voxels_atlas" }
			}
		},
		{
			"__comment": "Voxels",
			"from": [ 5.5, 7, 9.5 ],
			"to": [ 6.5, 8, 10.5 ],
			"faces": {
				"down": { "uv": [ 9, 9, 10, 10 ], "texture": "#voxels_atlas" },
				"up": { "uv": [ 10, 10, 11, 9 ], "texture": "#voxels_atlas" },
				"north": { "uv": [ 12, 9, 11, 10 ], "texture": "#voxels_atlas" },
				"south": { "uv": [ 12, 9, 13, 10 ], "texture": "#voxels_atlas" },
				"west": { "uv": [ 13, 9, 14, 10 ], "texture": "#voxels_atlas" },
				"east": { "uv": [ 4.5, 3, 3.5, 4 ], "texture": "#voxels_atlas" }
			}
		},
		{
			"__comment": "Voxels",
			"from": [ 6.5, 7, 6.5 ],
			"to": [ 7, 8, 7 ],
			"faces": {
				"down": { "uv": [ 3, 5.5, 3.5, 6 ], "texture": "#voxels_atlas" },
				"up": { "uv": [ 3, 2.5, 3.5, 2 ], "texture": "#voxels_atlas" },
				"north": { "uv": [ 11.5, 6.5, 11, 7.5 ], "texture": "#voxels_atlas" },
				"south": { "uv": [ 11.5, 6.5, 12, 7.5 ], "texture": "#voxels_atlas" },
				"west": { "uv": [ 12, 6.5, 12.5, 7.5 ], "texture": "#voxels_atlas" },
				"east": { "uv": [ 13, 6.5, 12.5, 7.5 ], "texture": "#voxels_atlas" }
			}
		}
	],
	"display": {
		"thirdperson_righthand": {
			"rotation":  [ -167, 5, -88 ],
			"translation":  [ 0.6956, 13.912, 4.1843 ],
			"scale":  [ 1.2, 0.8, 1 ]
		},
		"thirdperson_lefthand": {
			"rotation":  [ 14, 5, -88 ],
			"translation":  [ 0.6956, 13.912, 4.1843 ],
			"scale":  [ 1.2, 0.8, 1 ]
		},
		"firstperson_righthand": {
			"rotation":  [ -29, -7, 83 ],
			"translation":  [ 0, 8.3478, 0 ],
			"scale":  [ 0.6, 0.6, 0.6 ]
		},
		"firstperson_lefthand": {
			"rotation":  [ 168, -7, 83 ],
			"translation":  [ 0, 8.3478, 0 ],
			"scale":  [ 0.6, 0.6, 0.6 ]
		},
		"gui": {
			"rotation":  [ 70, 52, 0 ],
			"translation":  [ 4.8695, 6.2608, 0 ]
		},
		"ground": {
			"rotation":  [ 6, 19, -74 ],
			"translation":  [ 0, -2.086, 0 ],
			"scale":  [ 0.8, 0.8, 0.8 ]
		},
		"fixed": {
			"rotation":  [ -89, -119, 0 ],
			"translation":  [ -3.478, 6.9565, -1 ]
		}
	}
}