{
	"__comment": "Designed by Pashjn with Cubik Studio - https://cubik.studio",
	"textures": {
		"particle": "images/woodenaxe",
		"texture": "images/woodenaxe",
		"voxels_atlas": "images/woodenaxe"
	},
	"elements": [ 	 
		{
			"__comment": "Voxels",
			"from": [ -9, 7, 7.5 ],
			"to": [ 7, 8, 8.5 ],
			"faces": {
				"down": { "uv": [ 0, 15, 16, 16 ], "texture": "#voxels_atlas" },
				"up": { "uv": [ 0, 15, 16, 14 ], "texture": "#voxels_atlas" },
				"north": { "uv": [ 16, 13, 0, 14 ], "texture": "#voxels_atlas" },
				"south": { "uv": [ 0, 12, 16, 13 ], "texture": "#voxels_atlas" },
				"west": { "uv": [ 7, 3, 8, 4 ], "texture": "#voxels_atlas" },
				"east": { "uv": [ 8, 6, 7, 7 ], "texture": "#voxels_atlas" }
			}
		},
		{
			"__comment": "Voxels",
			"from": [ -8.5, 6.5, 7.5 ],
			"to": [ -7.5, 7, 8.5 ],
			"faces": {
				"down": { "uv": [ 7, 5, 8, 6 ], "texture": "#voxels_atlas" },
				"up": { "uv": [ 7, 5, 8, 4 ], "texture": "#voxels_atlas" },
				"north": { "uv": [ 9, 1, 8, 1.5 ], "texture": "#voxels_atlas" },
				"south": { "uv": [ 8, 0.5, 9, 1 ], "texture": "#voxels_atlas" },
				"west": { "uv": [ 8, 0, 9, 0.5 ], "texture": "#voxels_atlas" },
				"east": { "uv": [ 16, 6, 15, 6.5 ], "texture": "#voxels_atlas" }
			}
		},
		{
			"__comment": "Voxels",
			"from": [ -8.5, 7, 7 ],
			"to": [ -7.5, 8, 7.5 ],
			"faces": {
				"down": { "uv": [ 14.5, 5.5, 15.5, 6 ], "texture": "#voxels_atlas" },
				"up": { "uv": [ 9, 5.5, 10, 5 ], "texture": "#voxels_atlas" },
				"north": { "uv": [ 8, 2, 7, 3 ], "texture": "#voxels_atlas" },
				"south": { "uv": [ 7, 1, 8, 2 ], "texture": "#voxels_atlas" },
				"west": { "uv": [ 8.5, 1.5, 9, 2.5 ], "texture": "#voxels_atlas" },
				"east": { "uv": [ 9.5, 4, 9, 5 ], "texture": "#voxels_atlas" }
			}
		},
		{
			"__comment": "Voxels",
			"from": [ -8.5, 7, 8.5 ],
			"to": [ -7.5, 8, 9 ],
			"faces": {
				"down": { "uv": [ 10, 5, 11, 5.5 ], "texture": "#voxels_atlas" },
				"up": { "uv": [ 15, 8.5, 16, 8 ], "texture": "#voxels_atlas" },
				"north": { "uv": [ 8, 0, 7, 1 ], "texture": "#voxels_atlas" },
				"south": { "uv": [ 8, 5.5, 9, 6.5 ], "texture": "#voxels_atlas" },
				"west": { "uv": [ 9.5, 4, 10, 5 ], "texture": "#voxels_atlas" },
				"east": { "uv": [ 9.5, 3, 9, 4 ], "texture": "#voxels_atlas" }
			}
		},
		{
			"__comment": "Voxels",
			"from": [ -8.5, 8, 7.5 ],
			"to": [ -7.5, 8.5, 8.5 ],
			"faces": {
				"down": { "uv": [ 15, 11, 16, 12 ], "texture": "#voxels_atlas" },
				"up": { "uv": [ 15, 11, 16, 10 ], "texture": "#voxels_atlas" },
				"north": { "uv": [ 10, 2.5, 9, 3 ], "texture": "#voxels_atlas" },
				"south": { "uv": [ 9, 2, 10, 2.5 ], "texture": "#voxels_atlas" },
				"west": { "uv": [ 9, 1.5, 10, 2 ], "texture": "#voxels_atlas" },
				"east": { "uv": [ 10, 1, 9, 1.5 ], "texture": "#voxels_atlas" }
			}
		},
		{
			"__comment": "Voxels",
			"from": [ 3.5, 7, 7 ],
			"to": [ 7, 8, 7.5 ],
			"faces": {
				"down": { "uv": [ 10.5, 9, 14, 9.5 ], "texture": "#voxels_atlas" },
				"up": { "uv": [ 3.5, 9, 7, 8.5 ], "texture": "#voxels_atlas" },
				"north": { "uv": [ 3.5, 3, 0, 4 ], "texture": "#voxels_atlas" },
				"south": { "uv": [ 0, 2, 3.5, 3 ], "texture": "#voxels_atlas" },
				"west": { "uv": [ 9.5, 3, 10, 4 ], "texture": "#voxels_atlas" },
				"east": { "uv": [ 9.5, 0, 9, 1 ], "texture": "#voxels_atlas" }
			}
		},
		{
			"__comment": "Voxels",
			"from": [ 3.5, 7, 8.5 ],
			"to": [ 7, 8, 9 ],
			"faces": {
				"down": { "uv": [ 7, 9.5, 10.5, 10 ], "texture": "#voxels_atlas" },
				"up": { "uv": [ 3.5, 10, 7, 9.5 ], "texture": "#voxels_atlas" },
				"north": { "uv": [ 3.5, 1, 0, 2 ], "texture": "#voxels_atlas" },
				"south": { "uv": [ 0, 4, 3.5, 5 ], "texture": "#voxels_atlas" },
				"west": { "uv": [ 3, 7, 3.5, 8 ], "texture": "#voxels_atlas" },
				"east": { "uv": [ 3.5, 5.5, 3, 6.5 ], "texture": "#voxels_atlas" }
			}
		},
		{
			"__comment": "Voxels",
			"from": [ 3.5, 7, 11.5 ],
			"to": [ 7, 7.5, 13.5 ],
			"faces": {
				"down": { "uv": [ 0, 10, 3.5, 12 ], "texture": "#voxels_atlas" },
				"up": { "uv": [ 0, 10, 3.5, 8 ], "texture": "#voxels_atlas" },
				"north": { "uv": [ 7, 9, 3.5, 9.5 ], "texture": "#voxels_atlas" },
				"south": { "uv": [ 7, 9, 10.5, 9.5 ], "texture": "#voxels_atlas" },
				"west": { "uv": [ 9.5, 7, 11.5, 7.5 ], "texture": "#voxels_atlas" },
				"east": { "uv": [ 13.5, 7, 11.5, 7.5 ], "texture": "#voxels_atlas" }
			}
		},
		{
			"__comment": "Voxels",
			"from": [ 4, 7, 6.5 ],
			"to": [ 7, 7.5, 7 ],
			"faces": {
				"down": { "uv": [ 3.5, 2, 6.5, 2.5 ], "texture": "#voxels_atlas" },
				"up": { "uv": [ 3.5, 2, 6.5, 1.5 ], "texture": "#voxels_atlas" },
				"north": { "uv": [ 6.5, 1, 3.5, 1.5 ], "texture": "#voxels_atlas" },
				"south": { "uv": [ 3.5, 5.5, 6.5, 6 ], "texture": "#voxels_atlas" },
				"west": { "uv": [ 6.5, 0.5, 7, 1 ], "texture": "#voxels_atlas" },
				"east": { "uv": [ 7, 1, 6.5, 1.5 ], "texture": "#voxels_atlas" }
			}
		},
		{
			"__comment": "Voxels",
			"from": [ 4, 7, 9 ],
			"to": [ 7, 8, 9.5 ],
			"faces": {
				"down": { "uv": [ 3.5, 4, 6.5, 4.5 ], "texture": "#voxels_atlas" },
				"up": { "uv": [ 3.5, 4, 6.5, 3.5 ], "texture": "#voxels_atlas" },
				"north": { "uv": [ 3, 0, 0, 1 ], "texture": "#voxels_atlas" },
				"south": { "uv": [ 3.5, 11, 6.5, 12 ], "texture": "#voxels_atlas" },
				"west": { "uv": [ 3, 0, 3.5, 1 ], "texture": "#voxels_atlas" },
				"east": { "uv": [ 8.5, 3.5, 8, 4.5 ], "texture": "#voxels_atlas" }
			}
		},
		{
			"__comment": "Voxels",
			"from": [ 4, 7, 9.5 ],
			"to": [ 6.5, 8, 10 ],
			"faces": {
				"down": { "uv": [ 10, 8, 12.5, 8.5 ], "texture": "#voxels_atlas" },
				"up": { "uv": [ 7, 8, 9.5, 7.5 ], "texture": "#voxels_atlas" },
				"north": { "uv": [ 15, 11, 12.5, 12 ], "texture": "#voxels_atlas" },
				"south": { "uv": [ 3.5, 10, 6, 11 ], "texture": "#voxels_atlas" },
				"west": { "uv": [ 8.5, 3.5, 9, 4.5 ], "texture": "#voxels_atlas" },
				"east": { "uv": [ 8.5, 1.5, 8, 2.5 ], "texture": "#voxels_atlas" }
			}
		},
		{
			"__comment": "Voxels",
			"from": [ 4, 7, 11 ],
			"to": [ 7, 8, 11.5 ],
			"faces": {
				"down": { "uv": [ 3.5, 6, 6.5, 6.5 ], "texture": "#voxels_atlas" },
				"up": { "uv": [ 3.5, 3.5, 6.5, 3 ], "texture": "#voxels_atlas" },
				"north": { "uv": [ 9.5, 11, 6.5, 12 ], "texture": "#voxels_atlas" },
				"south": { "uv": [ 9.5, 11, 12.5, 12 ], "texture": "#voxels_atlas" },
				"west": { "uv": [ 8.5, 2.5, 9, 3.5 ], "texture": "#voxels_atlas" },
				"east": { "uv": [ 8.5, 2.5, 8, 3.5 ], "texture": "#voxels_atlas" }
			}
		},
		{
			"__comment": "Voxels",
			"from": [ 4, 7, 13.5 ],
			"to": [ 7.5, 7.5, 14 ],
			"faces": {
				"down": { "uv": [ 3.5, 8, 7, 8.5 ], "texture": "#voxels_atlas" },
				"up": { "uv": [ 3.5, 8, 7, 7.5 ], "texture": "#voxels_atlas" },
				"north": { "uv": [ 7, 7, 3.5, 7.5 ], "texture": "#voxels_atlas" },
				"south": { "uv": [ 10.5, 9.5, 14, 10 ], "texture": "#voxels_atlas" },
				"west": { "uv": [ 3, 6.5, 3.5, 7 ], "texture": "#voxels_atlas" },
				"east": { "uv": [ 7, 0, 6.5, 0.5 ], "texture": "#voxels_atlas" }
			}
		},
		{
			"__comment": "Voxels",
			"from": [ 4, 7.5, 11.5 ],
			"to": [ 7, 8, 13 ],
			"faces": {
				"down": { "uv": [ 0, 6.5, 3, 8 ], "texture": "#voxels_atlas" },
				"up": { "uv": [ 0, 6.5, 3, 5 ], "texture": "#voxels_atlas" },
				"north": { "uv": [ 6.5, 2.5, 3.5, 3 ], "texture": "#voxels_atlas" },
				"south": { "uv": [ 3.5, 4.5, 6.5, 5 ], "texture": "#voxels_atlas" },
				"west": { "uv": [ 14.5, 7.5, 16, 8 ], "texture": "#voxels_atlas" },
				"east": { "uv": [ 14.5, 5.5, 13, 6 ], "texture": "#voxels_atlas" }
			}
		},
		{
			"__comment": "Voxels",
			"from": [ 4.5, 7, 6 ],
			"to": [ 6.5, 7.5, 6.5 ],
			"faces": {
				"down": { "uv": [ 14, 9.5, 16, 10 ], "texture": "#voxels_atlas" },
				"up": { "uv": [ 14, 9.5, 16, 9 ], "texture": "#voxels_atlas" },
				"north": { "uv": [ 15.5, 7, 13.5, 7.5 ], "texture": "#voxels_atlas" },
				"south": { "uv": [ 8, 6.5, 10, 7 ], "texture": "#voxels_atlas" },
				"west": { "uv": [ 6.5, 1.5, 7, 2 ], "texture": "#voxels_atlas" },
				"east": { "uv": [ 3.5, 5, 3, 5.5 ], "texture": "#voxels_atlas" }
			}
		},
		{
			"__comment": "Voxels",
			"from": [ 4.5, 7, 10 ],
			"to": [ 6.5, 8, 11 ],
			"faces": {
				"down": { "uv": [ 10, 10, 12, 11 ], "texture": "#voxels_atlas" },
				"up": { "uv": [ 8, 11, 10, 10 ], "texture": "#voxels_atlas" },
				"north": { "uv": [ 8, 10, 6, 11 ], "texture": "#voxels_atlas" },
				"south": { "uv": [ 12, 10, 14, 11 ], "texture": "#voxels_atlas" },
				"west": { "uv": [ 14, 10, 15, 11 ], "texture": "#voxels_atlas" },
				"east": { "uv": [ 9, 4.5, 8, 5.5 ], "texture": "#voxels_atlas" }
			}
		},
		{
			"__comment": "Voxels",
			"from": [ 4.5, 7, 14 ],
			"to": [ 7.5, 7.5, 14.5 ],
			"faces": {
				"down": { "uv": [ 3.5, 6.5, 6.5, 7 ], "texture": "#voxels_atlas" },
				"up": { "uv": [ 3.5, 5.5, 6.5, 5 ], "texture": "#voxels_atlas" },
				"north": { "uv": [ 6.5, 0.5, 3.5, 1 ], "texture": "#voxels_atlas" },
				"south": { "uv": [ 3.5, 0, 6.5, 0.5 ], "texture": "#voxels_atlas" },
				"west": { "uv": [ 6.5, 5.5, 7, 6 ], "texture": "#voxels_atlas" },
				"east": { "uv": [ 7, 5, 6.5, 5.5 ], "texture": "#voxels_atlas" }
			}
		},
		{
			"__comment": "Voxels",
			"from": [ 4.5, 7.5, 6.5 ],
			"to": [ 7, 8, 7 ],
			"faces": {
				"down": { "uv": [ 9.5, 7.5, 12, 8 ], "texture": "#voxels_atlas" },
				"up": { "uv": [ 12, 8, 14.5, 7.5 ], "texture": "#voxels_atlas" },
				"north": { "uv": [ 9.5, 7, 7, 7.5 ], "texture": "#voxels_atlas" },
				"south": { "uv": [ 12.5, 8, 15, 8.5 ], "texture": "#voxels_atlas" },
				"west": { "uv": [ 10.5, 2.5, 11, 3 ], "texture": "#voxels_atlas" },
				"east": { "uv": [ 11, 2, 10.5, 2.5 ], "texture": "#voxels_atlas" }
			}
		},
		{
			"__comment": "Voxels",
			"from": [ 4.5, 7.5, 13 ],
			"to": [ 7.5, 8, 13.5 ],
			"faces": {
				"down": { "uv": [ 7, 8.5, 10, 9 ], "texture": "#voxels_atlas" },
				"up": { "uv": [ 10, 9, 13, 8.5 ], "texture": "#voxels_atlas" },
				"north": { "uv": [ 16, 8.5, 13, 9 ], "texture": "#voxels_atlas" },
				"south": { "uv": [ 7, 8, 10, 8.5 ], "texture": "#voxels_atlas" },
				"west": { "uv": [ 6.5, 4.5, 7, 5 ], "texture": "#voxels_atlas" },
				"east": { "uv": [ 7, 4, 6.5, 4.5 ], "texture": "#voxels_atlas" }
			}
		},
		{
			"__comment": "Voxels",
			"from": [ 5, 7, 14.5 ],
			"to": [ 7, 7.5, 15 ],
			"faces": {
				"down": { "uv": [ 10, 6.5, 12, 7 ], "texture": "#voxels_atlas" },
				"up": { "uv": [ 12, 7, 14, 6.5 ], "texture": "#voxels_atlas" },
				"north": { "uv": [ 16, 6.5, 14, 7 ], "texture": "#voxels_atlas" },
				"south": { "uv": [ 9, 6, 11, 6.5 ], "texture": "#voxels_atlas" },
				"west": { "uv": [ 15, 5, 15.5, 5.5 ], "texture": "#voxels_atlas" },
				"east": { "uv": [ 16, 5, 15.5, 5.5 ], "texture": "#voxels_atlas" }
			}
		},
		{
			"__comment": "Voxels",
			"from": [ 5, 7.5, 13.5 ],
			"to": [ 7, 8, 14 ],
			"faces": {
				"down": { "uv": [ 11, 6, 13, 6.5 ], "texture": "#voxels_atlas" },
				"up": { "uv": [ 13, 6.5, 15, 6 ], "texture": "#voxels_atlas" },
				"north": { "uv": [ 11, 5.5, 9, 6 ], "texture": "#voxels_atlas" },
				"south": { "uv": [ 11, 5.5, 13, 6 ], "texture": "#voxels_atlas" },
				"west": { "uv": [ 6.5, 6.5, 7, 7 ], "texture": "#voxels_atlas" },
				"east": { "uv": [ 7, 6, 6.5, 6.5 ], "texture": "#voxels_atlas" }
			}
		},
		{
			"__comment": "Voxels",
			"from": [ 5.5, 7.5, 14 ],
			"to": [ 6.5, 8, 14.5 ],
			"faces": {
				"down": { "uv": [ 11, 5, 12, 5.5 ], "texture": "#voxels_atlas" },
				"up": { "uv": [ 12, 5.5, 13, 5 ], "texture": "#voxels_atlas" },
				"north": { "uv": [ 14, 5, 13, 5.5 ], "texture": "#voxels_atlas" },
				"south": { "uv": [ 14, 5, 15, 5.5 ], "texture": "#voxels_atlas" },
				"west": { "uv": [ 6.5, 3.5, 7, 4 ], "texture": "#voxels_atlas" },
				"east": { "uv": [ 7, 3, 6.5, 3.5 ], "texture": "#voxels_atlas" }
			}
		},
		{
			"__comment": "Voxels",
			"from": [ 6.5, 7, 10.5 ],
			"to": [ 7, 8, 11 ],
			"faces": {
				"down": { "uv": [ 6.5, 2.5, 7, 3 ], "texture": "#voxels_atlas" },
				"up": { "uv": [ 6.5, 2.5, 7, 2 ], "texture": "#voxels_atlas" },
				"north": { "uv": [ 10, 0, 9.5, 1 ], "texture": "#voxels_atlas" },
				"south": { "uv": [ 10, 4, 10.5, 5 ], "texture": "#voxels_atlas" },
				"west": { "uv": [ 10, 3, 10.5, 4 ], "texture": "#voxels_atlas" },
				"east": { "uv": [ 10.5, 2, 10, 3 ], "texture": "#voxels_atlas" }
			}
		},
		{
			"__comment": "Voxels",
			"from": [ 7, 7, 12.5 ],
			"to": [ 7.5, 8, 13 ],
			"faces": {
				"down": { "uv": [ 15.5, 7, 16, 7.5 ], "texture": "#voxels_atlas" },
				"up": { "uv": [ 15.5, 6, 16, 5.5 ], "texture": "#voxels_atlas" },
				"north": { "uv": [ 10.5, 1, 10, 2 ], "texture": "#voxels_atlas" },
				"south": { "uv": [ 10, 0, 10.5, 1 ], "texture": "#voxels_atlas" },
				"west": { "uv": [ 10.5, 4, 11, 5 ], "texture": "#voxels_atlas" },
				"east": { "uv": [ 11, 3, 10.5, 4 ], "texture": "#voxels_atlas" }
			}
		},
		{
			"__comment": "Voxels",
			"from": [ 7, 7, 13 ],
			"to": [ 7.5, 7.5, 13.5 ],
			"faces": {
				"down": { "uv": [ 10.5, 1.5, 11, 2 ], "texture": "#voxels_atlas" },
				"up": { "uv": [ 10.5, 1.5, 11, 1 ], "texture": "#voxels_atlas" },
				"north": { "uv": [ 11, 0.5, 10.5, 1 ], "texture": "#voxels_atlas" },
				"south": { "uv": [ 10.5, 0, 11, 0.5 ], "texture": "#voxels_atlas" },
				"west": { "uv": [ 11, 4.5, 11.5, 5 ], "texture": "#voxels_atlas" },
				"east": { "uv": [ 12, 4.5, 11.5, 5 ], "texture": "#voxels_atlas" }
			}
		}
	],
	"display": {
		"thirdperson_righthand": {
			"rotation":  [ -167, 5, -88 ],
			"translation":  [ 0.6956, 13.912, 4.1843 ],
			"scale":  [ 1.2, 0.8, 1 ]
		},
		"thirdperson_lefthand": {
			"rotation":  [ 14, 180, -88 ],
			"translation":  [ 0.6956, 13.912, 4.1843 ],
			"scale":  [ 1.2, 0.8, 1 ]
		},
		"firstperson_righthand": {
			"rotation":  [ -31, -180, 92 ],
			"translation":  [ 1.3913, 8.3478, 0 ],
			"scale":  [ 0.6, 0.6, 0.6 ]
		},
		"firstperson_lefthand": {
			"rotation":  [ 155, 2, 92 ],
			"translation":  [ 1.3913, 8.3478, 0 ],
			"scale":  [ 0.6, 0.6, 0.6 ]
		},
		"gui": {
			"rotation":  [ 73, 66, 0 ],
			"translation":  [ 0.6956, 7.6521, 0 ],
			"scale":  [ 0.95, 0.95, 0.95 ]
		},
		"ground": {
			"rotation":  [ 6, 19, -74 ],
			"translation":  [ 0, -2.086, 0 ],
			"scale":  [ 0.8, 0.8, 0.8 ]
		},
		"fixed": {
			"rotation":  [ -89, -119, 0 ],
			"translation":  [ -3.478, 6.9565, -1 ]
		}
	}
}