{
	"__comment": "Designed by Pashjn with Cubik Studio - https://cubik.studio",
	"textures": {
		"particle": "images/woodenshovel",
		"texture": "images/woodenshovel",
		"voxels_atlas": "images/woodenshovel"
	},
	"elements": [ 	 
		{
			"__comment": "Voxels",
			"from": [ -9, 7, 7.5 ],
			"to": [ 9, 7.5, 8.5 ],
			"faces": {
				"down": { "uv": [ 0, 15.5, 9, 16 ], "texture": "#voxels_atlas" },
				"up": { "uv": [ 0, 15.5, 9, 15 ], "texture": "#voxels_atlas" },
				"north": { "uv": [ 9, 14.75, 0, 15 ], "texture": "#voxels_atlas" },
				"south": { "uv": [ 0, 14.5, 9, 14.75 ], "texture": "#voxels_atlas" },
				"west": { "uv": [ 1, 9.5, 1.5, 9.75 ], "texture": "#voxels_atlas" },
				"east": { "uv": [ 16, 13.75, 15.5, 14 ], "texture": "#voxels_atlas" }
			}
		},
		{
			"__comment": "Voxels",
			"from": [ -9, 7.5, 7.5 ],
			"to": [ 5, 8, 8.5 ],
			"faces": {
				"down": { "uv": [ 9, 15.5, 16, 16 ], "texture": "#voxels_atlas" },
				"up": { "uv": [ 9, 15.5, 16, 15 ], "texture": "#voxels_atlas" },
				"north": { "uv": [ 16, 14.75, 9, 15 ], "texture": "#voxels_atlas" },
				"south": { "uv": [ 9, 14.5, 16, 14.75 ], "texture": "#voxels_atlas" },
				"west": { "uv": [ 0.75, 9.75, 1.25, 10 ], "texture": "#voxels_atlas" },
				"east": { "uv": [ 1.75, 9.75, 1.25, 10 ], "texture": "#voxels_atlas" }
			}
		},
		{
			"__comment": "Voxels",
			"from": [ -8.5, 6.5, 7.5 ],
			"to": [ -7.5, 7, 8.5 ],
			"faces": {
				"down": { "uv": [ 15, 14, 15.5, 14.5 ], "texture": "#voxels_atlas" },
				"up": { "uv": [ 0.5, 11.25, 1, 10.75 ], "texture": "#voxels_atlas" },
				"north": { "uv": [ 2.25, 9.75, 1.75, 10 ], "texture": "#voxels_atlas" },
				"south": { "uv": [ 0, 9.5, 0.5, 9.75 ], "texture": "#voxels_atlas" },
				"west": { "uv": [ 0.5, 9.5, 1, 9.75 ], "texture": "#voxels_atlas" },
				"east": { "uv": [ 0.75, 9.25, 0.25, 9.5 ], "texture": "#voxels_atlas" }
			}
		},
		{
			"__comment": "Voxels",
			"from": [ -8.5, 7, 7 ],
			"to": [ -7.5, 8, 7.5 ],
			"faces": {
				"down": { "uv": [ 1.5, 9.5, 2, 9.75 ], "texture": "#voxels_atlas" },
				"up": { "uv": [ 0, 9, 0.5, 8.75 ], "texture": "#voxels_atlas" },
				"north": { "uv": [ 16, 14, 15.5, 14.5 ], "texture": "#voxels_atlas" },
				"south": { "uv": [ 0, 10.75, 0.5, 11.25 ], "texture": "#voxels_atlas" },
				"west": { "uv": [ 1.5, 9, 1.75, 9.5 ], "texture": "#voxels_atlas" },
				"east": { "uv": [ 1.5, 9, 1.25, 9.5 ], "texture": "#voxels_atlas" }
			}
		},
		{
			"__comment": "Voxels",
			"from": [ -8.5, 7, 8.5 ],
			"to": [ -7.5, 8, 9 ],
			"faces": {
				"down": { "uv": [ 0.75, 9.25, 1.25, 9.5 ], "texture": "#voxels_atlas" },
				"up": { "uv": [ 1, 9, 1.5, 8.75 ], "texture": "#voxels_atlas" },
				"north": { "uv": [ 1.5, 10.75, 1, 11.25 ], "texture": "#voxels_atlas" },
				"south": { "uv": [ 1.5, 10.75, 2, 11.25 ], "texture": "#voxels_atlas" },
				"west": { "uv": [ 0.25, 8, 0.5, 8.5 ], "texture": "#voxels_atlas" },
				"east": { "uv": [ 0.25, 8, 0, 8.5 ], "texture": "#voxels_atlas" }
			}
		},
		{
			"__comment": "Voxels",
			"from": [ -8.5, 8, 7.5 ],
			"to": [ -7.5, 8.5, 8.5 ],
			"faces": {
				"down": { "uv": [ 0, 10.25, 0.5, 10.75 ], "texture": "#voxels_atlas" },
				"up": { "uv": [ 14.5, 14.5, 15, 14 ], "texture": "#voxels_atlas" },
				"north": { "uv": [ 0.5, 8.5, 0, 8.75 ], "texture": "#voxels_atlas" },
				"south": { "uv": [ 1.5, 8.75, 2, 9 ], "texture": "#voxels_atlas" },
				"west": { "uv": [ 0.75, 9, 1.25, 9.25 ], "texture": "#voxels_atlas" },
				"east": { "uv": [ 1, 8.75, 0.5, 9 ], "texture": "#voxels_atlas" }
			}
		},
		{
			"__comment": "Voxels",
			"from": [ 3.5, 7, 7 ],
			"to": [ 9, 7.5, 7.5 ],
			"faces": {
				"down": { "uv": [ 9, 14.25, 11.75, 14.5 ], "texture": "#voxels_atlas" },
				"up": { "uv": [ 9, 14.25, 11.75, 14 ], "texture": "#voxels_atlas" },
				"north": { "uv": [ 14.5, 14.25, 11.75, 14.5 ], "texture": "#voxels_atlas" },
				"south": { "uv": [ 11.75, 14, 14.5, 14.25 ], "texture": "#voxels_atlas" },
				"west": { "uv": [ 2, 9.5, 2.25, 9.75 ], "texture": "#voxels_atlas" },
				"east": { "uv": [ 2.25, 10.25, 2, 10.5 ], "texture": "#voxels_atlas" }
			}
		},
		{
			"__comment": "Voxels",
			"from": [ 3.5, 7, 8.5 ],
			"to": [ 9, 7.5, 9 ],
			"faces": {
				"down": { "uv": [ 0, 13.75, 2.75, 14 ], "texture": "#voxels_atlas" },
				"up": { "uv": [ 2.75, 14, 5.5, 13.75 ], "texture": "#voxels_atlas" },
				"north": { "uv": [ 8.25, 13.75, 5.5, 14 ], "texture": "#voxels_atlas" },
				"south": { "uv": [ 8.25, 13.75, 11, 14 ], "texture": "#voxels_atlas" },
				"west": { "uv": [ 2, 10.5, 2.25, 10.75 ], "texture": "#voxels_atlas" },
				"east": { "uv": [ 1.5, 8, 1.25, 8.25 ], "texture": "#voxels_atlas" }
			}
		},
		{
			"__comment": "Voxels",
			"from": [ 3.5, 7.5, 7 ],
			"to": [ 5, 8, 7.5 ],
			"faces": {
				"down": { "uv": [ 0, 9.75, 0.75, 10 ], "texture": "#voxels_atlas" },
				"up": { "uv": [ 1.25, 10.75, 2, 10.5 ], "texture": "#voxels_atlas" },
				"north": { "uv": [ 2, 10.25, 1.25, 10.5 ], "texture": "#voxels_atlas" },
				"south": { "uv": [ 0, 10, 0.75, 10.25 ], "texture": "#voxels_atlas" },
				"west": { "uv": [ 2, 12, 2.25, 12.25 ], "texture": "#voxels_atlas" },
				"east": { "uv": [ 2.25, 11.75, 2, 12 ], "texture": "#voxels_atlas" }
			}
		},
		{
			"__comment": "Voxels",
			"from": [ 3.5, 7.5, 8.5 ],
			"to": [ 5, 8, 9 ],
			"faces": {
				"down": { "uv": [ 0.5, 10.5, 1.25, 10.75 ], "texture": "#voxels_atlas" },
				"up": { "uv": [ 0.5, 10.5, 1.25, 10.25 ], "texture": "#voxels_atlas" },
				"north": { "uv": [ 1.5, 10, 0.75, 10.25 ], "texture": "#voxels_atlas" },
				"south": { "uv": [ 1.5, 10, 2.25, 10.25 ], "texture": "#voxels_atlas" },
				"west": { "uv": [ 2, 11.5, 2.25, 11.75 ], "texture": "#voxels_atlas" },
				"east": { "uv": [ 2.25, 11.25, 2, 11.5 ], "texture": "#voxels_atlas" }
			}
		},
		{
			"__comment": "Voxels",
			"from": [ 4.5, 7, 6 ],
			"to": [ 9, 8, 6.5 ],
			"faces": {
				"down": { "uv": [ 0, 13.25, 2.25, 13.5 ], "texture": "#voxels_atlas" },
				"up": { "uv": [ 0, 12.5, 2.25, 12.25 ], "texture": "#voxels_atlas" },
				"north": { "uv": [ 9, 14, 6.75, 14.5 ], "texture": "#voxels_atlas" },
				"south": { "uv": [ 2.25, 14, 4.5, 14.5 ], "texture": "#voxels_atlas" },
				"west": { "uv": [ 1.75, 9, 2, 9.5 ], "texture": "#voxels_atlas" },
				"east": { "uv": [ 2.25, 9, 2, 9.5 ], "texture": "#voxels_atlas" }
			}
		},
		{
			"__comment": "Voxels",
			"from": [ 4.5, 7, 6.5 ],
			"to": [ 9, 7.5, 7 ],
			"faces": {
				"down": { "uv": [ 0, 13, 2.25, 13.25 ], "texture": "#voxels_atlas" },
				"up": { "uv": [ 0, 13.75, 2.25, 13.5 ], "texture": "#voxels_atlas" },
				"north": { "uv": [ 15.5, 13.75, 13.25, 14 ], "texture": "#voxels_atlas" },
				"south": { "uv": [ 11, 13.75, 13.25, 14 ], "texture": "#voxels_atlas" },
				"west": { "uv": [ 0.5, 8.25, 0.75, 8.5 ], "texture": "#voxels_atlas" },
				"east": { "uv": [ 2.25, 8.5, 2, 8.75 ], "texture": "#voxels_atlas" }
			}
		},
		{
			"__comment": "Voxels",
			"from": [ 4.5, 7, 9 ],
			"to": [ 9, 7.5, 10 ],
			"faces": {
				"down": { "uv": [ 0, 14, 2.25, 14.5 ], "texture": "#voxels_atlas" },
				"up": { "uv": [ 4.5, 14.5, 6.75, 14 ], "texture": "#voxels_atlas" },
				"north": { "uv": [ 2.25, 12.5, 0, 12.75 ], "texture": "#voxels_atlas" },
				"south": { "uv": [ 0, 12.75, 2.25, 13 ], "texture": "#voxels_atlas" },
				"west": { "uv": [ 0.5, 8.5, 1, 8.75 ], "texture": "#voxels_atlas" },
				"east": { "uv": [ 1.5, 8.5, 1, 8.75 ], "texture": "#voxels_atlas" }
			}
		},
		{
			"__comment": "Voxels",
			"from": [ 4.5, 7.5, 6.5 ],
			"to": [ 5, 8, 7 ],
			"faces": {
				"down": { "uv": [ 1, 8.25, 1.25, 8.5 ], "texture": "#voxels_atlas" },
				"up": { "uv": [ 1, 8.25, 1.25, 8 ], "texture": "#voxels_atlas" },
				"north": { "uv": [ 1.5, 8.25, 1.25, 8.5 ], "texture": "#voxels_atlas" },
				"south": { "uv": [ 0.75, 8, 1, 8.25 ], "texture": "#voxels_atlas" },
				"west": { "uv": [ 1.5, 8.25, 1.75, 8.5 ], "texture": "#voxels_atlas" },
				"east": { "uv": [ 2.25, 8.75, 2, 9 ], "texture": "#voxels_atlas" }
			}
		},
		{
			"__comment": "Voxels",
			"from": [ 4.5, 7.5, 9 ],
			"to": [ 5, 8, 10 ],
			"faces": {
				"down": { "uv": [ 2, 10.75, 2.25, 11.25 ], "texture": "#voxels_atlas" },
				"up": { "uv": [ 0, 9.5, 0.25, 9 ], "texture": "#voxels_atlas" },
				"north": { "uv": [ 0.75, 8, 0.5, 8.25 ], "texture": "#voxels_atlas" },
				"south": { "uv": [ 0.75, 8.25, 1, 8.5 ], "texture": "#voxels_atlas" },
				"west": { "uv": [ 1.5, 8.5, 2, 8.75 ], "texture": "#voxels_atlas" },
				"east": { "uv": [ 0.75, 9, 0.25, 9.25 ], "texture": "#voxels_atlas" }
			}
		},
		{
			"__comment": "Voxels",
			"from": [ 5, 7.5, 9.5 ],
			"to": [ 9, 8, 10 ],
			"faces": {
				"down": { "uv": [ 0, 11.25, 2, 11.5 ], "texture": "#voxels_atlas" },
				"up": { "uv": [ 0, 11.75, 2, 11.5 ], "texture": "#voxels_atlas" },
				"north": { "uv": [ 2, 11.75, 0, 12 ], "texture": "#voxels_atlas" },
				"south": { "uv": [ 0, 12, 2, 12.25 ], "texture": "#voxels_atlas" },
				"west": { "uv": [ 1.5, 8, 1.75, 8.25 ], "texture": "#voxels_atlas" },
				"east": { "uv": [ 2, 8.25, 1.75, 8.5 ], "texture": "#voxels_atlas" }
			}
		}
	],
	"display": {
		"thirdperson_righthand": {
			"rotation":  [ 83, 99, -8 ],
			"translation":  [ -2.086, 12.521, -2.086 ],
			"scale":  [ 1.2, 0.8, 1 ]
		},
		"thirdperson_lefthand": {
			"rotation":  [ -94, -84, -171 ],
			"translation":  [ 1.3922, 12.521, -2.086 ],
			"scale":  [ 1.2, 0.8, 1 ]
		},
		"firstperson_righthand": {
			"rotation":  [ -43, 52, 99 ],
			"translation":  [ 0, 8.3478, 0 ],
			"scale":  [ 0.8, 0.8, 0.8 ]
		},
		"firstperson_lefthand": {
			"rotation":  [ 158, -92, 99 ],
			"translation":  [ 0, 8.3478, 0 ],
			"scale":  [ 0.8, 0.8, 0.8 ]
		},
		"gui": {
			"rotation":  [ 70, 52, 0 ],
			"translation":  [ 4.8695, 5.5652, 0 ]
		},
		"ground": {
			"rotation":  [ 6, 19, -74 ],
			"translation":  [ 0, -2.086, 0 ],
			"scale":  [ 0.8, 0.8, 0.8 ]
		},
		"fixed": {
			"rotation":  [ -89, -119, 0 ],
			"translation":  [ -3.478, 6.9565, -1 ]
		}
	}
}