{
	"__comment": "Designed by Pashjn with Cubik Studio - https://cubik.studio",
	"textures": {
		"particle": "images/woodenhoe",
		"texture": "images/woodenhoe",
		"voxels_atlas": "images/woodenhoe"
	},
	"elements": [ 	 
		{
			"__comment": "Voxels",
			"from": [ -4.5, 7, 8 ],
			"to": [ -4, 8, 9 ],
			"faces": {
				"down": { "uv": [ 9.5, 8.5, 10, 9.5 ], "texture": "#voxels_atlas" },
				"up": { "uv": [ 15, 14.5, 15.5, 13.5 ], "texture": "#voxels_atlas" },
				"north": { "uv": [ 12, 8, 11.5, 9 ], "texture": "#voxels_atlas" },
				"south": { "uv": [ 12.5, 10.5, 13, 11.5 ], "texture": "#voxels_atlas" },
				"west": { "uv": [ 5.5, 9, 6.5, 10 ], "texture": "#voxels_atlas" },
				"east": { "uv": [ 6.5, 8, 5.5, 9 ], "texture": "#voxels_atlas" }
			}
		},
		{
			"__comment": "Voxels",
			"from": [ -4, 7, 8.5 ],
			"to": [ 1.5, 8, 9 ],
			"faces": {
				"down": { "uv": [ 5.5, 15.5, 11, 16 ], "texture": "#voxels_atlas" },
				"up": { "uv": [ 5.5, 15.5, 11, 15 ], "texture": "#voxels_atlas" },
				"north": { "uv": [ 5.5, 15, 0, 16 ], "texture": "#voxels_atlas" },
				"south": { "uv": [ 0, 14, 5.5, 15 ], "texture": "#voxels_atlas" },
				"west": { "uv": [ 12.5, 9.5, 13, 10.5 ], "texture": "#voxels_atlas" },
				"east": { "uv": [ 3, 9, 2.5, 10 ], "texture": "#voxels_atlas" }
			}
		},
		{
			"__comment": "Voxels",
			"from": [ 0.5, 7, 9 ],
			"to": [ 4, 8, 9.5 ],
			"faces": {
				"down": { "uv": [ 11, 15.5, 14.5, 16 ], "texture": "#voxels_atlas" },
				"up": { "uv": [ 11, 15.5, 14.5, 15 ], "texture": "#voxels_atlas" },
				"north": { "uv": [ 3.5, 13, 0, 14 ], "texture": "#voxels_atlas" },
				"south": { "uv": [ 0, 12, 3.5, 13 ], "texture": "#voxels_atlas" },
				"west": { "uv": [ 5, 10, 5.5, 11 ], "texture": "#voxels_atlas" },
				"east": { "uv": [ 15, 13.5, 14.5, 14.5 ], "texture": "#voxels_atlas" }
			}
		},
		{
			"__comment": "Voxels",
			"from": [ 3.5, 7, 9.5 ],
			"to": [ 5, 8, 10 ],
			"faces": {
				"down": { "uv": [ 14.5, 15.5, 16, 16 ], "texture": "#voxels_atlas" },
				"up": { "uv": [ 11.5, 14, 13, 13.5 ], "texture": "#voxels_atlas" },
				"north": { "uv": [ 8.5, 13, 7, 14 ], "texture": "#voxels_atlas" },
				"south": { "uv": [ 5.5, 12, 7, 13 ], "texture": "#voxels_atlas" },
				"west": { "uv": [ 15.5, 13.5, 16, 14.5 ], "texture": "#voxels_atlas" },
				"east": { "uv": [ 10, 9.5, 9.5, 10.5 ], "texture": "#voxels_atlas" }
			}
		},
		{
			"__comment": "Voxels",
			"from": [ 4.5, 7, 10 ],
			"to": [ 6.5, 8, 10.5 ],
			"faces": {
				"down": { "uv": [ 9.5, 14.5, 11.5, 15 ], "texture": "#voxels_atlas" },
				"up": { "uv": [ 11.5, 15, 13.5, 14.5 ], "texture": "#voxels_atlas" },
				"north": { "uv": [ 5.5, 13, 3.5, 14 ], "texture": "#voxels_atlas" },
				"south": { "uv": [ 3, 10, 5, 11 ], "texture": "#voxels_atlas" },
				"west": { "uv": [ 10, 12.5, 10.5, 13.5 ], "texture": "#voxels_atlas" },
				"east": { "uv": [ 10.5, 11.5, 10, 12.5 ], "texture": "#voxels_atlas" }
			}
		},
		{
			"__comment": "Voxels",
			"from": [ 6, 7, 10.5 ],
			"to": [ 9, 8, 11 ],
			"faces": {
				"down": { "uv": [ 5.5, 14.5, 8.5, 15 ], "texture": "#voxels_atlas" },
				"up": { "uv": [ 5.5, 14.5, 8.5, 14 ], "texture": "#voxels_atlas" },
				"north": { "uv": [ 3, 11, 0, 12 ], "texture": "#voxels_atlas" },
				"south": { "uv": [ 0, 10, 3, 11 ], "texture": "#voxels_atlas" },
				"west": { "uv": [ 10, 10.5, 10.5, 11.5 ], "texture": "#voxels_atlas" },
				"east": { "uv": [ 10.5, 9.5, 10, 10.5 ], "texture": "#voxels_atlas" }
			}
		},
		{
			"__comment": "Voxels",
			"from": [ 8.5, 7, 10 ],
			"to": [ 10, 8, 10.5 ],
			"faces": {
				"down": { "uv": [ 13.5, 14.5, 15, 15 ], "texture": "#voxels_atlas" },
				"up": { "uv": [ 11.5, 14.5, 13, 14 ], "texture": "#voxels_atlas" },
				"north": { "uv": [ 7, 13, 5.5, 14 ], "texture": "#voxels_atlas" },
				"south": { "uv": [ 7, 12, 8.5, 13 ], "texture": "#voxels_atlas" },
				"west": { "uv": [ 10, 8.5, 10.5, 9.5 ], "texture": "#voxels_atlas" },
				"east": { "uv": [ 12, 10, 11.5, 11 ], "texture": "#voxels_atlas" }
			}
		},
		{
			"__comment": "Voxels",
			"from": [ 9.5, 7, 9.5 ],
			"to": [ 11.5, 8, 10 ],
			"faces": {
				"down": { "uv": [ 6.5, 8.5, 8.5, 9 ], "texture": "#voxels_atlas" },
				"up": { "uv": [ 6.5, 8.5, 8.5, 8 ], "texture": "#voxels_atlas" },
				"north": { "uv": [ 5.5, 12, 3.5, 13 ], "texture": "#voxels_atlas" },
				"south": { "uv": [ 0, 8, 2, 9 ], "texture": "#voxels_atlas" },
				"west": { "uv": [ 13.5, 10.5, 14, 11.5 ], "texture": "#voxels_atlas" },
				"east": { "uv": [ 14.5, 12.5, 14, 13.5 ], "texture": "#voxels_atlas" }
			}
		},
		{
			"__comment": "Voxels",
			"from": [ 11, 7, 9 ],
			"to": [ 13.5, 8, 9.5 ],
			"faces": {
				"down": { "uv": [ 5.5, 10.5, 8, 11 ], "texture": "#voxels_atlas" },
				"up": { "uv": [ 5.5, 10.5, 8, 10 ], "texture": "#voxels_atlas" },
				"north": { "uv": [ 5.5, 11, 3, 12 ], "texture": "#voxels_atlas" },
				"south": { "uv": [ 0, 9, 2.5, 10 ], "texture": "#voxels_atlas" },
				"west": { "uv": [ 10.5, 11.5, 11, 12.5 ], "texture": "#voxels_atlas" },
				"east": { "uv": [ 11, 12.5, 10.5, 13.5 ], "texture": "#voxels_atlas" }
			}
		},
		{
			"__comment": "Voxels",
			"from": [ 11.5, 7, 12.5 ],
			"to": [ 12, 8, 13.5 ],
			"faces": {
				"down": { "uv": [ 12, 10.5, 12.5, 11.5 ], "texture": "#voxels_atlas" },
				"up": { "uv": [ 11.5, 12, 12, 11 ], "texture": "#voxels_atlas" },
				"north": { "uv": [ 11, 8.5, 10.5, 9.5 ], "texture": "#voxels_atlas" },
				"south": { "uv": [ 11, 8, 11.5, 9 ], "texture": "#voxels_atlas" },
				"west": { "uv": [ 8.5, 14, 9.5, 15 ], "texture": "#voxels_atlas" },
				"east": { "uv": [ 9.5, 13, 8.5, 14 ], "texture": "#voxels_atlas" }
			}
		},
		{
			"__comment": "Voxels",
			"from": [ 12, 7, 13 ],
			"to": [ 12.5, 8, 14 ],
			"faces": {
				"down": { "uv": [ 11, 12.5, 11.5, 13.5 ], "texture": "#voxels_atlas" },
				"up": { "uv": [ 13.5, 13.5, 14, 12.5 ], "texture": "#voxels_atlas" },
				"north": { "uv": [ 16, 12.5, 15.5, 13.5 ], "texture": "#voxels_atlas" },
				"south": { "uv": [ 11, 11, 11.5, 12 ], "texture": "#voxels_atlas" },
				"west": { "uv": [ 8.5, 12, 9.5, 13 ], "texture": "#voxels_atlas" },
				"east": { "uv": [ 9.5, 11, 8.5, 12 ], "texture": "#voxels_atlas" }
			}
		},
		{
			"__comment": "Voxels",
			"from": [ 12.5, 7, 13.5 ],
			"to": [ 14, 8, 14 ],
			"faces": {
				"down": { "uv": [ 13, 14, 14.5, 14.5 ], "texture": "#voxels_atlas" },
				"up": { "uv": [ 14.5, 15.5, 16, 15 ], "texture": "#voxels_atlas" },
				"north": { "uv": [ 8.5, 11, 7, 12 ], "texture": "#voxels_atlas" },
				"south": { "uv": [ 5.5, 11, 7, 12 ], "texture": "#voxels_atlas" },
				"west": { "uv": [ 10.5, 10.5, 11, 11.5 ], "texture": "#voxels_atlas" },
				"east": { "uv": [ 11, 9.5, 10.5, 10.5 ], "texture": "#voxels_atlas" }
			}
		},
		{
			"__comment": "Voxels",
			"from": [ 13, 7, 9.5 ],
			"to": [ 14, 8, 10 ],
			"faces": {
				"down": { "uv": [ 15, 14.5, 16, 15 ], "texture": "#voxels_atlas" },
				"up": { "uv": [ 13, 14, 14, 13.5 ], "texture": "#voxels_atlas" },
				"north": { "uv": [ 9.5, 10, 8.5, 11 ], "texture": "#voxels_atlas" },
				"south": { "uv": [ 8.5, 9, 9.5, 10 ], "texture": "#voxels_atlas" },
				"west": { "uv": [ 11.5, 12.5, 12, 13.5 ], "texture": "#voxels_atlas" },
				"east": { "uv": [ 12.5, 12.5, 12, 13.5 ], "texture": "#voxels_atlas" }
			}
		},
		{
			"__comment": "Voxels",
			"from": [ 13.5, 7, 10 ],
			"to": [ 14.5, 8, 10.5 ],
			"faces": {
				"down": { "uv": [ 12.5, 13, 13.5, 13.5 ], "texture": "#voxels_atlas" },
				"up": { "uv": [ 12.5, 13, 13.5, 12.5 ], "texture": "#voxels_atlas" },
				"north": { "uv": [ 9.5, 8, 8.5, 9 ], "texture": "#voxels_atlas" },
				"south": { "uv": [ 7.5, 9, 8.5, 10 ], "texture": "#voxels_atlas" },
				"west": { "uv": [ 14.5, 12.5, 15, 13.5 ], "texture": "#voxels_atlas" },
				"east": { "uv": [ 15.5, 12.5, 15, 13.5 ], "texture": "#voxels_atlas" }
			}
		},
		{
			"__comment": "Voxels",
			"from": [ 13.5, 7, 13 ],
			"to": [ 14.5, 8, 13.5 ],
			"faces": {
				"down": { "uv": [ 11, 12, 12, 12.5 ], "texture": "#voxels_atlas" },
				"up": { "uv": [ 12, 12.5, 13, 12 ], "texture": "#voxels_atlas" },
				"north": { "uv": [ 10.5, 13.5, 9.5, 14.5 ], "texture": "#voxels_atlas" },
				"south": { "uv": [ 10.5, 13.5, 11.5, 14.5 ], "texture": "#voxels_atlas" },
				"west": { "uv": [ 11, 10, 11.5, 11 ], "texture": "#voxels_atlas" },
				"east": { "uv": [ 11.5, 9, 11, 10 ], "texture": "#voxels_atlas" }
			}
		},
		{
			"__comment": "Voxels",
			"from": [ 14, 7, 10.5 ],
			"to": [ 15, 8, 11 ],
			"faces": {
				"down": { "uv": [ 13, 12, 14, 12.5 ], "texture": "#voxels_atlas" },
				"up": { "uv": [ 14, 12.5, 15, 12 ], "texture": "#voxels_atlas" },
				"north": { "uv": [ 3, 8, 2, 9 ], "texture": "#voxels_atlas" },
				"south": { "uv": [ 4.5, 9, 5.5, 10 ], "texture": "#voxels_atlas" },
				"west": { "uv": [ 14, 10.5, 14.5, 11.5 ], "texture": "#voxels_atlas" },
				"east": { "uv": [ 12, 9, 11.5, 10 ], "texture": "#voxels_atlas" }
			}
		},
		{
			"__comment": "Voxels",
			"from": [ 14, 7, 12.5 ],
			"to": [ 15, 8, 13 ],
			"faces": {
				"down": { "uv": [ 15, 12, 16, 12.5 ], "texture": "#voxels_atlas" },
				"up": { "uv": [ 12, 12, 13, 11.5 ], "texture": "#voxels_atlas" },
				"north": { "uv": [ 5.5, 8, 4.5, 9 ], "texture": "#voxels_atlas" },
				"south": { "uv": [ 6.5, 9, 7.5, 10 ], "texture": "#voxels_atlas" },
				"west": { "uv": [ 12, 9.5, 12.5, 10.5 ], "texture": "#voxels_atlas" },
				"east": { "uv": [ 12.5, 8.5, 12, 9.5 ], "texture": "#voxels_atlas" }
			}
		},
		{
			"__comment": "Voxels",
			"from": [ 14.5, 7, 11 ],
			"to": [ 15, 8, 12.5 ],
			"faces": {
				"down": { "uv": [ 9.5, 12, 10, 13.5 ], "texture": "#voxels_atlas" },
				"up": { "uv": [ 9.5, 12, 10, 10.5 ], "texture": "#voxels_atlas" },
				"north": { "uv": [ 13, 8.5, 12.5, 9.5 ], "texture": "#voxels_atlas" },
				"south": { "uv": [ 13, 10.5, 13.5, 11.5 ], "texture": "#voxels_atlas" },
				"west": { "uv": [ 3, 9, 4.5, 10 ], "texture": "#voxels_atlas" },
				"east": { "uv": [ 4.5, 8, 3, 9 ], "texture": "#voxels_atlas" }
			}
		}
	],
	"display": {
		"thirdperson_righthand": {
			"rotation":  [ -167, 5, -88 ],
			"translation":  [ 0.6956, -0.696, 4.88 ],
			"scale":  [ 1.4869, 1.7042, 1.6955 ]
		},
		"thirdperson_lefthand": {
			"rotation":  [ 16, -180, -88 ],
			"translation":  [ -1.391, -0.696, 4.88 ],
			"scale":  [ 1.4869, 1.7042, 1.6955 ]
		},
		"firstperson_righthand": {
			"rotation":  [ -31, -180, 92 ],
			"translation":  [ 5.5652, 4.1739, 0 ],
			"scale":  [ 0.8086, 0.9478, 1.1826 ]
		},
		"firstperson_lefthand": {
			"rotation":  [ 161, -6, 92 ],
			"translation":  [ 5.5652, 4.1739, 0 ],
			"scale":  [ 0.8086, 0.9478, 1.1826 ]
		},
		"gui": {
			"rotation":  [ 83, 57, 0 ],
			"translation":  [ -0.695, 3.4782, 0 ]
		},
		"ground": {
			"rotation":  [ 6, 19, -74 ],
			"translation":  [ 0, 2.0879, 0 ],
			"scale":  [ 0.8, 0.8, 0.8 ]
		},
		"fixed": {
			"rotation":  [ -106, -125, -13 ],
			"translation":  [ -0.695, 2.7826, -2 ],
			"scale":  [ 1.1391, 2.0086, 1 ]
		}
	}
}