{
	"credit": "Made with Blockbench",
	"texture_size": [32, 32],
	"textures": {
		"1": "item/skull_knight_sword",
		"particle": "skull_knight_sword"
	},
	"elements": [
		{
			"from": [4.8, -11.4, 6.3],
			"to": [5.3, -10, 6.7],
			"rotation": {"angle": 45, "axis": "z", "origin": [0, 0, 0]},
			"faces": {
				"north": {"uv": [6.5, 11, 7, 11.5], "texture": "#1"},
				"east": {"uv": [11, 7.5, 11.5, 8], "texture": "#1"},
				"south": {"uv": [11, 8, 11.5, 8.5], "texture": "#1"},
				"west": {"uv": [11, 8.5, 11.5, 9], "texture": "#1"},
				"up": {"uv": [11.5, 11, 11, 10.5], "texture": "#1"},
				"down": {"uv": [11.5, 11, 11, 11.5], "texture": "#1"}
			}
		},
		{
			"from": [6.8, -14.5, 6],
			"to": [8.2, -12.8, 7],
			"faces": {
				"north": {"uv": [10.5, 8, 11, 9], "texture": "#1"},
				"east": {"uv": [8.5, 10.5, 9, 11.5], "texture": "#1"},
				"south": {"uv": [9, 10.5, 9.5, 11.5], "texture": "#1"},
				"west": {"uv": [9.5, 10.5, 10, 11.5], "texture": "#1"},
				"up": {"uv": [0.5, 12, 0, 11.5], "texture": "#1"},
				"down": {"uv": [12, 0, 11.5, 0.5], "texture": "#1"}
			}
		},
		{
			"from": [6.9, -15, 5.9],
			"to": [8.1, -13, 7.1],
			"faces": {
				"north": {"uv": [10, 10.5, 10.5, 11.5], "texture": "#1"},
				"east": {"uv": [10.5, 10.5, 11, 11.5], "texture": "#1"},
				"south": {"uv": [3, 11, 3.5, 12], "texture": "#1"},
				"west": {"uv": [3.5, 11, 4, 12], "texture": "#1"},
				"up": {"uv": [1, 12, 0.5, 11.5], "texture": "#1"},
				"down": {"uv": [12, 0.5, 11.5, 1], "texture": "#1"}
			}
		},
		{
			"from": [7, -12.8, 6],
			"to": [8, -6.8, 7],
			"faces": {
				"north": {"uv": [2.5, 7.5, 3, 10.5], "texture": "#1"},
				"east": {"uv": [8, 0, 8.5, 3], "texture": "#1"},
				"south": {"uv": [3, 8, 3.5, 11], "texture": "#1"},
				"west": {"uv": [3.5, 8, 4, 11], "texture": "#1"},
				"up": {"uv": [1.5, 12, 1, 11.5], "texture": "#1"},
				"down": {"uv": [12, 1, 11.5, 1.5], "texture": "#1"}
			}
		},
		{
			"from": [6.8, -6.8, 5.8],
			"to": [8.2, -6.3, 7.2],
			"faces": {
				"north": {"uv": [1.5, 11.5, 2, 12], "texture": "#1"},
				"east": {"uv": [2, 11.5, 2.5, 12], "texture": "#1"},
				"south": {"uv": [4.5, 11.5, 5, 12], "texture": "#1"},
				"west": {"uv": [5, 11.5, 5.5, 12], "texture": "#1"},
				"up": {"uv": [6, 12, 5.5, 11.5], "texture": "#1"},
				"down": {"uv": [12, 5.5, 11.5, 6], "texture": "#1"}
			}
		},
		{
			"from": [7, -6.3, 6],
			"to": [8, -6.2, 7],
			"faces": {
				"north": {"uv": [6, 11.5, 6.5, 12], "texture": "#1"},
				"east": {"uv": [6.5, 11.5, 7, 12], "texture": "#1"},
				"south": {"uv": [11.5, 7.5, 12, 8], "texture": "#1"},
				"west": {"uv": [11.5, 8, 12, 8.5], "texture": "#1"},
				"up": {"uv": [9, 12, 8.5, 11.5], "texture": "#1"},
				"down": {"uv": [12, 8.5, 11.5, 9], "texture": "#1"}
			}
		},
		{
			"from": [5.5, -6.2, 5.8],
			"to": [9.5, -5.4, 7.2],
			"faces": {
				"north": {"uv": [8, 3, 10, 3.5], "texture": "#1"},
				"east": {"uv": [9, 11.5, 9.5, 12], "texture": "#1"},
				"south": {"uv": [8, 3.5, 10, 4], "texture": "#1"},
				"west": {"uv": [11.5, 9, 12, 9.5], "texture": "#1"},
				"up": {"uv": [10.5, 2, 8.5, 1.5], "texture": "#1"},
				"down": {"uv": [10.5, 2, 8.5, 2.5], "texture": "#1"}
			}
		},
		{
			"from": [7, -5, 6],
			"to": [8, -4.9, 7],
			"faces": {
				"north": {"uv": [9.5, 11.5, 10, 12], "texture": "#1"},
				"east": {"uv": [11.5, 9.5, 12, 10], "texture": "#1"},
				"south": {"uv": [10, 11.5, 10.5, 12], "texture": "#1"},
				"west": {"uv": [11.5, 10, 12, 10.5], "texture": "#1"},
				"up": {"uv": [11, 12, 10.5, 11.5], "texture": "#1"},
				"down": {"uv": [12, 10.5, 11.5, 11], "texture": "#1"}
			}
		},
		{
			"from": [6.8, -5.3, 5.8],
			"to": [8.2, -5, 7.2],
			"faces": {
				"north": {"uv": [11, 11.5, 11.5, 12], "texture": "#1"},
				"east": {"uv": [11.5, 11, 12, 11.5], "texture": "#1"},
				"south": {"uv": [11.5, 11.5, 12, 12], "texture": "#1"},
				"west": {"uv": [0, 12, 0.5, 12.5], "texture": "#1"},
				"up": {"uv": [12.5, 0.5, 12, 0], "texture": "#1"},
				"down": {"uv": [1, 12, 0.5, 12.5], "texture": "#1"}
			}
		},
		{
			"from": [7, -5.4, 6],
			"to": [8, -5.3, 7],
			"faces": {
				"north": {"uv": [12, 0.5, 12.5, 1], "texture": "#1"},
				"east": {"uv": [1, 12, 1.5, 12.5], "texture": "#1"},
				"south": {"uv": [12, 1, 12.5, 1.5], "texture": "#1"},
				"west": {"uv": [1.5, 12, 2, 12.5], "texture": "#1"},
				"up": {"uv": [2.5, 12.5, 2, 12], "texture": "#1"},
				"down": {"uv": [3, 12, 2.5, 12.5], "texture": "#1"}
			}
		},
		{
			"from": [4.1, -4.9, 5.8],
			"to": [10.9, -4.1, 7.2],
			"faces": {
				"north": {"uv": [7.5, 6, 11, 6.5], "texture": "#1"},
				"east": {"uv": [3, 12, 3.5, 12.5], "texture": "#1"},
				"south": {"uv": [7.5, 6.5, 11, 7], "texture": "#1"},
				"west": {"uv": [12, 3, 12.5, 3.5], "texture": "#1"},
				"up": {"uv": [11, 7.5, 7.5, 7], "texture": "#1"},
				"down": {"uv": [11, 7.5, 7.5, 8], "texture": "#1"}
			}
		},
		{
			"from": [4.2, -11.3, 5.8],
			"to": [5.3, -10.5, 7.2],
			"rotation": {"angle": 45, "axis": "z", "origin": [-0.2, 0, 0]},
			"faces": {
				"north": {"uv": [3.5, 12, 4, 12.5], "texture": "#1"},
				"east": {"uv": [12, 3.5, 12.5, 4], "texture": "#1"},
				"south": {"uv": [4, 12, 4.5, 12.5], "texture": "#1"},
				"west": {"uv": [12, 4, 12.5, 4.5], "texture": "#1"},
				"up": {"uv": [5, 12.5, 4.5, 12], "texture": "#1"},
				"down": {"uv": [12.5, 4.5, 12, 5], "texture": "#1"}
			}
		},
		{
			"from": [11.55, 0.75, 5.8],
			"to": [12.35, 1.75, 7.2],
			"rotation": {"angle": -22.5, "axis": "z", "origin": [-0.2, 0, 0]},
			"faces": {
				"north": {"uv": [5, 12, 5.5, 12.5], "texture": "#1"},
				"east": {"uv": [12, 5, 12.5, 5.5], "texture": "#1"},
				"south": {"uv": [5.5, 12, 6, 12.5], "texture": "#1"},
				"west": {"uv": [12, 5.5, 12.5, 6], "texture": "#1"},
				"up": {"uv": [6.5, 12.5, 6, 12], "texture": "#1"},
				"down": {"uv": [12.5, 6, 12, 6.5], "texture": "#1"}
			}
		},
		{
			"from": [5.32, -0.7, 5.8],
			"to": [6.42, 0.1, 7.2],
			"rotation": {"angle": -45, "axis": "z", "origin": [0.2, 0, 0]},
			"faces": {
				"north": {"uv": [6.5, 12, 7, 12.5], "texture": "#1"},
				"east": {"uv": [12, 6.5, 12.5, 7], "texture": "#1"},
				"south": {"uv": [7, 12, 7.5, 12.5], "texture": "#1"},
				"west": {"uv": [12, 7, 12.5, 7.5], "texture": "#1"},
				"up": {"uv": [8, 12.5, 7.5, 12], "texture": "#1"},
				"down": {"uv": [12.5, 7.5, 12, 8], "texture": "#1"}
			}
		},
		{
			"from": [1.52, -5, 5.8],
			"to": [2.32, -4, 7.2],
			"rotation": {"angle": 22.5, "axis": "z", "origin": [0.2, 0, 0]},
			"faces": {
				"north": {"uv": [8, 12, 8.5, 12.5], "texture": "#1"},
				"east": {"uv": [12, 8, 12.5, 8.5], "texture": "#1"},
				"south": {"uv": [8.5, 12, 9, 12.5], "texture": "#1"},
				"west": {"uv": [12, 8.5, 12.5, 9], "texture": "#1"},
				"up": {"uv": [9.5, 12.5, 9, 12], "texture": "#1"},
				"down": {"uv": [12.5, 9, 12, 9.5], "texture": "#1"}
			}
		},
		{
			"from": [5.9, -4.1, 6.2],
			"to": [9.1, 3.9, 6.8],
			"faces": {
				"north": {"uv": [3, 0, 4.5, 4], "texture": "#1"},
				"east": {"uv": [5.5, 4, 6, 8], "texture": "#1"},
				"south": {"uv": [3, 4, 4.5, 8], "texture": "#1"},
				"west": {"uv": [6, 4, 6.5, 8], "texture": "#1"},
				"up": {"uv": [12, 4.5, 10.5, 4], "texture": "#1"},
				"down": {"uv": [12, 4.5, 10.5, 5], "texture": "#1"}
			}
		},
		{
			"from": [6, 3.9, 6.2],
			"to": [9, 18.9, 6.8],
			"faces": {
				"north": {"uv": [0, 0, 1.5, 7.5], "texture": "#1"},
				"east": {"uv": [4.5, 4, 5, 11.5], "texture": "#1"},
				"south": {"uv": [1.5, 0, 3, 7.5], "texture": "#1"},
				"west": {"uv": [5, 4, 5.5, 11.5], "texture": "#1"},
				"up": {"uv": [12, 5.5, 10.5, 5], "texture": "#1"},
				"down": {"uv": [7, 10.5, 5.5, 11], "texture": "#1"}
			}
		},
		{
			"from": [5.7, -4.1, 6.3],
			"to": [9.3, -3.1, 6.7],
			"faces": {
				"north": {"uv": [8.5, 2.5, 10.5, 3], "texture": "#1"},
				"east": {"uv": [9.5, 12, 10, 12.5], "texture": "#1"},
				"south": {"uv": [8.5, 4, 10.5, 4.5], "texture": "#1"},
				"west": {"uv": [12, 9.5, 12.5, 10], "texture": "#1"},
				"up": {"uv": [10.5, 5, 8.5, 4.5], "texture": "#1"},
				"down": {"uv": [10.5, 5, 8.5, 5.5], "texture": "#1"}
			}
		},
		{
			"from": [5.7, -2.1, 6.3],
			"to": [9.3, -1.1, 6.7],
			"faces": {
				"north": {"uv": [8.5, 5.5, 10.5, 6], "texture": "#1"},
				"east": {"uv": [10, 12, 10.5, 12.5], "texture": "#1"},
				"south": {"uv": [8.5, 8, 10.5, 8.5], "texture": "#1"},
				"west": {"uv": [12, 10, 12.5, 10.5], "texture": "#1"},
				"up": {"uv": [10.5, 9, 8.5, 8.5], "texture": "#1"},
				"down": {"uv": [10.5, 9, 8.5, 9.5], "texture": "#1"}
			}
		},
		{
			"from": [5.7, -0.1, 6.3],
			"to": [9.3, 0.9, 6.7],
			"faces": {
				"north": {"uv": [9.5, 0, 11.5, 0.5], "texture": "#1"},
				"east": {"uv": [10.5, 12, 11, 12.5], "texture": "#1"},
				"south": {"uv": [9.5, 0.5, 11.5, 1], "texture": "#1"},
				"west": {"uv": [12, 10.5, 12.5, 11], "texture": "#1"},
				"up": {"uv": [11.5, 1.5, 9.5, 1], "texture": "#1"},
				"down": {"uv": [7.5, 9.5, 5.5, 10], "texture": "#1"}
			}
		},
		{
			"from": [5.7, 1.9, 6.3],
			"to": [9.3, 2.9, 6.7],
			"faces": {
				"north": {"uv": [7.5, 9.5, 9.5, 10], "texture": "#1"},
				"east": {"uv": [11, 12, 11.5, 12.5], "texture": "#1"},
				"south": {"uv": [9.5, 9.5, 11.5, 10], "texture": "#1"},
				"west": {"uv": [12, 11, 12.5, 11.5], "texture": "#1"},
				"up": {"uv": [12, 3.5, 10, 3], "texture": "#1"},
				"down": {"uv": [12, 3.5, 10, 4], "texture": "#1"}
			}
		},
		{
			"from": [5.7, 3.9, 6.3],
			"to": [9.3, 4.9, 6.7],
			"faces": {
				"north": {"uv": [5.5, 10, 7.5, 10.5], "texture": "#1"},
				"east": {"uv": [11.5, 12, 12, 12.5], "texture": "#1"},
				"south": {"uv": [7.5, 10, 9.5, 10.5], "texture": "#1"},
				"west": {"uv": [12, 11.5, 12.5, 12], "texture": "#1"},
				"up": {"uv": [11.5, 10.5, 9.5, 10], "texture": "#1"},
				"down": {"uv": [12.5, 1.5, 10.5, 2], "texture": "#1"}
			}
		},
		{
			"from": [6.2, -4.1, 6.1],
			"to": [6.7, 3.9, 6.9],
			"faces": {
				"north": {"uv": [6.5, 0, 7, 4], "texture": "#1"},
				"east": {"uv": [6.5, 4, 7, 8], "texture": "#1"},
				"south": {"uv": [7, 0, 7.5, 4], "texture": "#1"},
				"west": {"uv": [7, 4, 7.5, 8], "texture": "#1"},
				"up": {"uv": [12.5, 12.5, 12, 12], "texture": "#1"},
				"down": {"uv": [0.5, 12.5, 0, 13], "texture": "#1"}
			}
		},
		{
			"from": [8.3, -4.1, 6.1],
			"to": [8.8, 3.9, 6.9],
			"faces": {
				"north": {"uv": [0, 7.5, 0.5, 11.5], "texture": "#1"},
				"east": {"uv": [7.5, 0, 8, 4], "texture": "#1"},
				"south": {"uv": [0.5, 7.5, 1, 11.5], "texture": "#1"},
				"west": {"uv": [1, 7.5, 1.5, 11.5], "texture": "#1"},
				"up": {"uv": [13, 0.5, 12.5, 0], "texture": "#1"},
				"down": {"uv": [1, 12.5, 0.5, 13], "texture": "#1"}
			}
		},
		{
			"from": [8.6, 3.4, 6.1],
			"to": [9, 4, 6.9],
			"rotation": {"angle": -45, "axis": "z", "origin": [0, 0, 0]},
			"faces": {
				"north": {"uv": [12.5, 0.5, 13, 1], "texture": "#1"},
				"east": {"uv": [1, 12.5, 1.5, 13], "texture": "#1"},
				"south": {"uv": [12.5, 1, 13, 1.5], "texture": "#1"},
				"west": {"uv": [1.5, 12.5, 2, 13], "texture": "#1"},
				"up": {"uv": [13, 2, 12.5, 1.5], "texture": "#1"},
				"down": {"uv": [2.5, 12.5, 2, 13], "texture": "#1"}
			}
		},
		{
			"from": [7.2, 4.8, 6.1],
			"to": [7.6, 5.4, 6.9],
			"rotation": {"angle": -45, "axis": "z", "origin": [0, 0, 0]},
			"faces": {
				"north": {"uv": [12.5, 2, 13, 2.5], "texture": "#1"},
				"east": {"uv": [2.5, 12.5, 3, 13], "texture": "#1"},
				"south": {"uv": [12.5, 2.5, 13, 3], "texture": "#1"},
				"west": {"uv": [3, 12.5, 3.5, 13], "texture": "#1"},
				"up": {"uv": [13, 3.5, 12.5, 3], "texture": "#1"},
				"down": {"uv": [4, 12.5, 3.5, 13], "texture": "#1"}
			}
		},
		{
			"from": [4.3, 7.7, 6.1],
			"to": [4.7, 8.3, 6.9],
			"rotation": {"angle": -45, "axis": "z", "origin": [0, 0, 0]},
			"faces": {
				"north": {"uv": [12.5, 3.5, 13, 4], "texture": "#1"},
				"east": {"uv": [4, 12.5, 4.5, 13], "texture": "#1"},
				"south": {"uv": [12.5, 4, 13, 4.5], "texture": "#1"},
				"west": {"uv": [4.5, 12.5, 5, 13], "texture": "#1"},
				"up": {"uv": [13, 5, 12.5, 4.5], "texture": "#1"},
				"down": {"uv": [5.5, 12.5, 5, 13], "texture": "#1"}
			}
		},
		{
			"from": [5.7, 6.3, 6.1],
			"to": [6.1, 6.9, 6.9],
			"rotation": {"angle": -45, "axis": "z", "origin": [0, 0, 0]},
			"faces": {
				"north": {"uv": [12.5, 5, 13, 5.5], "texture": "#1"},
				"east": {"uv": [5.5, 12.5, 6, 13], "texture": "#1"},
				"south": {"uv": [12.5, 5.5, 13, 6], "texture": "#1"},
				"west": {"uv": [6, 12.5, 6.5, 13], "texture": "#1"},
				"up": {"uv": [13, 6.5, 12.5, 6], "texture": "#1"},
				"down": {"uv": [7, 12.5, 6.5, 13], "texture": "#1"}
			}
		},
		{
			"from": [2.3, 5.9, 6.1],
			"to": [2.9, 6.3, 6.9],
			"rotation": {"angle": -45, "axis": "z", "origin": [0, 0, 0]},
			"faces": {
				"north": {"uv": [12.5, 6.5, 13, 7], "texture": "#1"},
				"east": {"uv": [7, 12.5, 7.5, 13], "texture": "#1"},
				"south": {"uv": [12.5, 7, 13, 7.5], "texture": "#1"},
				"west": {"uv": [7.5, 12.5, 8, 13], "texture": "#1"},
				"up": {"uv": [13, 8, 12.5, 7.5], "texture": "#1"},
				"down": {"uv": [8.5, 12.5, 8, 13], "texture": "#1"}
			}
		},
		{
			"from": [3.7, 4.5, 6.1],
			"to": [4.3, 4.9, 6.9],
			"rotation": {"angle": -45, "axis": "z", "origin": [0, 0, 0]},
			"faces": {
				"north": {"uv": [12.5, 8, 13, 8.5], "texture": "#1"},
				"east": {"uv": [8.5, 12.5, 9, 13], "texture": "#1"},
				"south": {"uv": [12.5, 8.5, 13, 9], "texture": "#1"},
				"west": {"uv": [9, 12.5, 9.5, 13], "texture": "#1"},
				"up": {"uv": [13, 9.5, 12.5, 9], "texture": "#1"},
				"down": {"uv": [10, 12.5, 9.5, 13], "texture": "#1"}
			}
		},
		{
			"from": [5.2, 3, 6.1],
			"to": [5.8, 3.4, 6.9],
			"rotation": {"angle": -45, "axis": "z", "origin": [0, 0, 0]},
			"faces": {
				"north": {"uv": [12.5, 9.5, 13, 10], "texture": "#1"},
				"east": {"uv": [10, 12.5, 10.5, 13], "texture": "#1"},
				"south": {"uv": [12.5, 10, 13, 10.5], "texture": "#1"},
				"west": {"uv": [10.5, 12.5, 11, 13], "texture": "#1"},
				"up": {"uv": [13, 11, 12.5, 10.5], "texture": "#1"},
				"down": {"uv": [11.5, 12.5, 11, 13], "texture": "#1"}
			}
		},
		{
			"from": [6.6, 1.6, 6.1],
			"to": [7.2, 2, 6.9],
			"rotation": {"angle": -45, "axis": "z", "origin": [0, 0, 0]},
			"faces": {
				"north": {"uv": [12.5, 11, 13, 11.5], "texture": "#1"},
				"east": {"uv": [11.5, 12.5, 12, 13], "texture": "#1"},
				"south": {"uv": [12.5, 11.5, 13, 12], "texture": "#1"},
				"west": {"uv": [12, 12.5, 12.5, 13], "texture": "#1"},
				"up": {"uv": [13, 12.5, 12.5, 12], "texture": "#1"},
				"down": {"uv": [13, 12.5, 12.5, 13], "texture": "#1"}
			}
		},
		{
			"from": [7.17, 1, 6.1],
			"to": [7.67, 1.6, 6.9],
			"rotation": {"angle": 22.5, "axis": "z", "origin": [0, 0, 0]},
			"faces": {
				"north": {"uv": [0, 13, 0.5, 13.5], "texture": "#1"},
				"east": {"uv": [13, 0, 13.5, 0.5], "texture": "#1"},
				"south": {"uv": [0.5, 13, 1, 13.5], "texture": "#1"},
				"west": {"uv": [13, 0.5, 13.5, 1], "texture": "#1"},
				"up": {"uv": [1.5, 13.5, 1, 13], "texture": "#1"},
				"down": {"uv": [13.5, 1, 13, 1.5], "texture": "#1"}
			}
		},
		{
			"from": [6.2, 6.7, 6.1],
			"to": [6.7, 7.3, 6.9],
			"rotation": {"angle": -22.5, "axis": "z", "origin": [0, 0, 0]},
			"faces": {
				"north": {"uv": [1.5, 13, 2, 13.5], "texture": "#1"},
				"east": {"uv": [13, 1.5, 13.5, 2], "texture": "#1"},
				"south": {"uv": [2, 13, 2.5, 13.5], "texture": "#1"},
				"west": {"uv": [13, 2, 13.5, 2.5], "texture": "#1"},
				"up": {"uv": [3, 13.5, 2.5, 13], "texture": "#1"},
				"down": {"uv": [13.5, 2.5, 13, 3], "texture": "#1"}
			}
		},
		{
			"from": [-9.6, 16.6, 6.2],
			"to": [-6, 20.2, 6.8],
			"rotation": {"angle": -45, "axis": "z", "origin": [0, 0, 0]},
			"faces": {
				"north": {"uv": [4.5, 0, 6.5, 2], "texture": "#1"},
				"east": {"uv": [4, 8, 4.5, 10], "texture": "#1"},
				"south": {"uv": [4.5, 2, 6.5, 4], "texture": "#1"},
				"west": {"uv": [1.5, 9.5, 2, 11.5], "texture": "#1"},
				"up": {"uv": [12.5, 2.5, 10.5, 2], "texture": "#1"},
				"down": {"uv": [12.5, 2.5, 10.5, 3], "texture": "#1"}
			}
		},
		{
			"from": [-2.2, 19.7, 6.2],
			"to": [-0.6, 22.9, 6.8],
			"rotation": {"angle": -22.5, "axis": "z", "origin": [0, 0, 0]},
			"faces": {
				"north": {"uv": [5.5, 8, 6.5, 9.5], "texture": "#1"},
				"east": {"uv": [2.5, 10.5, 3, 12], "texture": "#1"},
				"south": {"uv": [6.5, 8, 7.5, 9.5], "texture": "#1"},
				"west": {"uv": [7, 10.5, 7.5, 12], "texture": "#1"},
				"up": {"uv": [11.5, 6, 10.5, 5.5], "texture": "#1"},
				"down": {"uv": [11.5, 9, 10.5, 9.5], "texture": "#1"}
			}
		},
		{
			"from": [14.4, 14.1, 6.2],
			"to": [16, 17.1, 6.8],
			"rotation": {"angle": 22.5, "axis": "z", "origin": [0, 0, 0]},
			"faces": {
				"north": {"uv": [7.5, 8, 8.5, 9.5], "texture": "#1"},
				"east": {"uv": [7.5, 10.5, 8, 12], "texture": "#1"},
				"south": {"uv": [8.5, 0, 9.5, 1.5], "texture": "#1"},
				"west": {"uv": [8, 10.5, 8.5, 12], "texture": "#1"},
				"up": {"uv": [6.5, 11.5, 5.5, 11], "texture": "#1"},
				"down": {"uv": [12, 6, 11, 6.5], "texture": "#1"}
			}
		},
		{
			"from": [6.7, 18.8, 6.2],
			"to": [8.3, 22.4, 6.8],
			"faces": {
				"north": {"uv": [1.5, 7.5, 2.5, 9.5], "texture": "#1"},
				"east": {"uv": [2, 9.5, 2.5, 11.5], "texture": "#1"},
				"south": {"uv": [7.5, 4, 8.5, 6], "texture": "#1"},
				"west": {"uv": [4, 10, 4.5, 12], "texture": "#1"},
				"up": {"uv": [12, 7, 11, 6.5], "texture": "#1"},
				"down": {"uv": [12, 7, 11, 7.5], "texture": "#1"}
			}
		},
		{
			"from": [6.8, 22.4, 6.2],
			"to": [8.2, 22.8, 6.8],
			"faces": {
				"north": {"uv": [3, 13, 3.5, 13.5], "texture": "#1"},
				"east": {"uv": [13, 3, 13.5, 3.5], "texture": "#1"},
				"south": {"uv": [3.5, 13, 4, 13.5], "texture": "#1"},
				"west": {"uv": [13, 3.5, 13.5, 4], "texture": "#1"},
				"up": {"uv": [4.5, 13.5, 4, 13], "texture": "#1"},
				"down": {"uv": [13.5, 4, 13, 4.5], "texture": "#1"}
			}
		},
		{
			"from": [6.8, -7.8, 6.3],
			"to": [8.2, -7.3, 6.7],
			"faces": {
				"north": {"uv": [4.5, 13, 5, 13.5], "texture": "#1"},
				"east": {"uv": [13, 4.5, 13.5, 5], "texture": "#1"},
				"south": {"uv": [5, 13, 5.5, 13.5], "texture": "#1"},
				"west": {"uv": [13, 5, 13.5, 5.5], "texture": "#1"},
				"up": {"uv": [6, 13.5, 5.5, 13], "texture": "#1"},
				"down": {"uv": [13.5, 5.5, 13, 6], "texture": "#1"}
			}
		},
		{
			"from": [6.8, -8.9, 6.3],
			"to": [8.2, -8.4, 6.7],
			"faces": {
				"north": {"uv": [6, 13, 6.5, 13.5], "texture": "#1"},
				"east": {"uv": [13, 6, 13.5, 6.5], "texture": "#1"},
				"south": {"uv": [6.5, 13, 7, 13.5], "texture": "#1"},
				"west": {"uv": [13, 6.5, 13.5, 7], "texture": "#1"},
				"up": {"uv": [7.5, 13.5, 7, 13], "texture": "#1"},
				"down": {"uv": [13.5, 7, 13, 7.5], "texture": "#1"}
			}
		},
		{
			"from": [6.8, -10.2, 6.3],
			"to": [8.2, -9.7, 6.7],
			"faces": {
				"north": {"uv": [7.5, 13, 8, 13.5], "texture": "#1"},
				"east": {"uv": [13, 7.5, 13.5, 8], "texture": "#1"},
				"south": {"uv": [8, 13, 8.5, 13.5], "texture": "#1"},
				"west": {"uv": [13, 8, 13.5, 8.5], "texture": "#1"},
				"up": {"uv": [9, 13.5, 8.5, 13], "texture": "#1"},
				"down": {"uv": [13.5, 8.5, 13, 9], "texture": "#1"}
			}
		},
		{
			"from": [6.9, -11.4, 6.3],
			"to": [8.1, -10.9, 6.7],
			"faces": {
				"north": {"uv": [9, 13, 9.5, 13.5], "texture": "#1"},
				"east": {"uv": [13, 9, 13.5, 9.5], "texture": "#1"},
				"south": {"uv": [9.5, 13, 10, 13.5], "texture": "#1"},
				"west": {"uv": [13, 9.5, 13.5, 10], "texture": "#1"},
				"up": {"uv": [10.5, 13.5, 10, 13], "texture": "#1"},
				"down": {"uv": [13.5, 10, 13, 10.5], "texture": "#1"}
			}
		},
		{
			"from": [8.7, -6.4, 6.3],
			"to": [9.2, -5.5, 6.7],
			"faces": {
				"north": {"uv": [10.5, 13, 11, 13.5], "texture": "#1"},
				"east": {"uv": [13, 10.5, 13.5, 11], "texture": "#1"},
				"south": {"uv": [11, 13, 11.5, 13.5], "texture": "#1"},
				"west": {"uv": [13, 11, 13.5, 11.5], "texture": "#1"},
				"up": {"uv": [12, 13.5, 11.5, 13], "texture": "#1"},
				"down": {"uv": [13.5, 11.5, 13, 12], "texture": "#1"}
			}
		},
		{
			"from": [5.8, -6.4, 6.3],
			"to": [6.3, -5.5, 6.7],
			"faces": {
				"north": {"uv": [12, 13, 12.5, 13.5], "texture": "#1"},
				"east": {"uv": [13, 12, 13.5, 12.5], "texture": "#1"},
				"south": {"uv": [12.5, 13, 13, 13.5], "texture": "#1"},
				"west": {"uv": [13, 12.5, 13.5, 13], "texture": "#1"},
				"up": {"uv": [13.5, 13.5, 13, 13], "texture": "#1"},
				"down": {"uv": [0.5, 13.5, 0, 14], "texture": "#1"}
			}
		},
		{
			"from": [5.8, -5.2, 6.3],
			"to": [6.3, -4.2, 6.7],
			"faces": {
				"north": {"uv": [13.5, 0, 14, 0.5], "texture": "#1"},
				"east": {"uv": [0.5, 13.5, 1, 14], "texture": "#1"},
				"south": {"uv": [13.5, 0.5, 14, 1], "texture": "#1"},
				"west": {"uv": [1, 13.5, 1.5, 14], "texture": "#1"},
				"up": {"uv": [14, 1.5, 13.5, 1], "texture": "#1"},
				"down": {"uv": [2, 13.5, 1.5, 14], "texture": "#1"}
			}
		},
		{
			"from": [8.8, -5.2, 6.3],
			"to": [9.3, -4.2, 6.7],
			"faces": {
				"north": {"uv": [13.5, 1.5, 14, 2], "texture": "#1"},
				"east": {"uv": [2, 13.5, 2.5, 14], "texture": "#1"},
				"south": {"uv": [13.5, 2, 14, 2.5], "texture": "#1"},
				"west": {"uv": [2.5, 13.5, 3, 14], "texture": "#1"},
				"up": {"uv": [14, 3, 13.5, 2.5], "texture": "#1"},
				"down": {"uv": [3.5, 13.5, 3, 14], "texture": "#1"}
			}
		},
		{
			"from": [9.8, -5.2, 6.3],
			"to": [10.3, -3.8, 6.7],
			"faces": {
				"north": {"uv": [13.5, 3, 14, 3.5], "texture": "#1"},
				"east": {"uv": [3.5, 13.5, 4, 14], "texture": "#1"},
				"south": {"uv": [13.5, 3.5, 14, 4], "texture": "#1"},
				"west": {"uv": [4, 13.5, 4.5, 14], "texture": "#1"},
				"up": {"uv": [14, 4.5, 13.5, 4], "texture": "#1"},
				"down": {"uv": [5, 13.5, 4.5, 14], "texture": "#1"}
			}
		},
		{
			"from": [4.8, -5.2, 6.3],
			"to": [5.3, -3.8, 6.7],
			"faces": {
				"north": {"uv": [13.5, 4.5, 14, 5], "texture": "#1"},
				"east": {"uv": [5, 13.5, 5.5, 14], "texture": "#1"},
				"south": {"uv": [13.5, 5, 14, 5.5], "texture": "#1"},
				"west": {"uv": [5.5, 13.5, 6, 14], "texture": "#1"},
				"up": {"uv": [14, 6, 13.5, 5.5], "texture": "#1"},
				"down": {"uv": [6.5, 13.5, 6, 14], "texture": "#1"}
			}
		},
		{
			"from": [5.4, -0.9, 6.3],
			"to": [5.9, 0.5, 6.7],
			"rotation": {"angle": -45, "axis": "z", "origin": [0, 0, 0]},
			"faces": {
				"north": {"uv": [13.5, 6, 14, 6.5], "texture": "#1"},
				"east": {"uv": [6.5, 13.5, 7, 14], "texture": "#1"},
				"south": {"uv": [13.5, 6.5, 14, 7], "texture": "#1"},
				"west": {"uv": [7, 13.5, 7.5, 14], "texture": "#1"},
				"up": {"uv": [14, 7.5, 13.5, 7], "texture": "#1"},
				"down": {"uv": [8, 13.5, 7.5, 14], "texture": "#1"}
			}
		}
	],
	"display": {
		"thirdperson_righthand": {
			"rotation": [0, 90, 0],
			"translation": [1.25, 15.5, 0.25]
		},
		"thirdperson_lefthand": {
			"rotation": [0, 90, 180],
			"translation": [0.75, -16.25, 0],
			"scale": [0.96, 0.96, 0.96]
		},
		"firstperson_righthand": {
			"rotation": [0, 90, -2],
			"translation": [0, 14, 0]
		},
		"firstperson_lefthand": {
			"rotation": [0, 90, 167],
			"translation": [2, -12, 3.75]
		},
		"ground": {
			"rotation": [90, 0, 0],
			"translation": [0, 0, 2]
		},
		"gui": {
			"rotation": [0, 0, 43],
			"translation": [-1.25, 2, 0],
			"scale": [0.55, 0.55, 0.55]
		},
		"head": {
			"translation": [0.5, 31, 1.5]
		},
		"fixed": {
			"rotation": [0, 0, 180],
			"translation": [0, -7.75, 1.75],
			"scale": [2, 2, 2]
		}
	},
	"groups": [
		{
			"name": "group",
			"origin": [8, 8, 8],
			"color": 0,
			"nbt": "{}",
			"armAnimationEnabled": false,
			"children": [
				0,
				1,
				2,
				3,
				4,
				5,
				6,
				7,
				8,
				9,
				10,
				11,
				12,
				13,
				14,
				15,
				16,
				17,
				18,
				19,
				20,
				21,
				22,
				23,
				24,
				25,
				26,
				27,
				28,
				29,
				30,
				31,
				32,
				33,
				34,
				35,
				36,
				37,
				38,
				39,
				40,
				41,
				42,
				43,
				44,
				45,
				46,
				47,
				48,
				49
			]
		}
	]
}