{
	"credit": "Made by Peeter100 for the TTT Project using Blockbench",
	"textures": {
		"particle": "#side"
	},
	"elements": [
		{
			"from": [0, 0, 4],
			"to": [16, 16, 16],
			"faces": {
				"north": {"uv": [0, 0, 16, 16], "texture": "#inside"},
				"east": {"uv": [0, 0, 12, 16], "texture": "#side", "cullface": "east"},
				"south": {"uv": [0, 0, 16, 16], "texture": "#bottom", "cullface": "south"},
				"west": {"uv": [4, 0, 16, 16], "texture": "#side", "cullface": "west"},
				"up": {"uv": [0, 4, 16, 16], "texture": "#side", "cullface": "up"},
				"down": {"uv": [0, 4, 16, 16], "rotation": 180, "texture": "#side", "cullface": "down"}
			}
		}
	]
}