{
	"credit": "Made by Peeter100 for the TTT Project using Blockbench",
	"textures": {
		"particle": "block/baldi_wall",
		"wall": "block/baldi_wall"
	},
	"elements": [
		{
			"from": [0, 0, 0],
			"to": [16, 16, 12],
			"faces": {
				"north": {"uv": [0, 0, 16, 16], "texture": "#wall", "cullface": "north"},
				"east": {"uv": [4, 0, 16, 16], "texture": "#wall"},
				"south": {"uv": [0, 0, 16, 16], "texture": "#wall"},
				"west": {"uv": [0, 0, 12, 16], "texture": "#wall"},
				"up": {"uv": [0, 0, 16, 12], "texture": "#wall", "cullface": "up"},
				"down": {"uv": [0, 4, 16, 16], "texture": "#wall", "cullface": "down"}
			}
		}
	]
}