{
	"credit": "Made by Peeter100 for the TTT Project using Blockbench",
	"texture_size": [100, 350],
	"textures": {
		"0": "block/baldi_locker",
		"particle": "block/baldi_locker"
	},
	"elements": [
		{
			"name": "Locker",
			"from": [0, -16, 0],
			"to": [16, 32, 16],
			"faces": {
				"north": {"uv": [0, 0.04571, 13.92, 16], "texture": "#0", "cullface": "north"},
				"east": {"uv": [14.08, 0, 16, 16], "texture": "#0", "cullface": "east"},
				"south": {"uv": [0, 0.04571, 13.92, 16], "texture": "#0", "cullface": "south"},
				"west": {"uv": [14.08, 0, 16, 16], "texture": "#0", "cullface": "west"},
				"up": {"uv": [14.08, 0, 16, 16], "texture": "#0", "cullface": "up"},
				"down": {"uv": [14.08, 0, 16, 16], "texture": "#0", "cullface": "down"}
			}
		}
	]
}