{
	"credit": "Made by Peeter100 for the TTT Project using Blockbench",
	"textures": {
		"0": "block/casino_wall_top",
		"1": "block/casino_floor",
		"particle": "block/casino_floor"
	},
	"elements": [
		{
			"name": "slab",
			"from": [0, 0, 0],
			"to": [16, 8, 16],
			"faces": {
				"north": {"uv": [0, 0, 16, 8], "texture": "#0"},
				"east": {"uv": [0, 0, 16, 8], "texture": "#0"},
				"south": {"uv": [0, 0, 16, 8], "texture": "#0"},
				"west": {"uv": [0, 0, 16, 8], "texture": "#0"},
				"up": {"uv": [0, 0, 16, 16], "texture": "#1"},
				"down": {"uv": [0, 0, 16, 16], "texture": "#1"}
			}
		}
	]
}