{
	"credit": "Made by Peeter100 for the TTT Project using Blockbench",
	"texture_size": [64, 64],
	"textures": {
		"0": "entity/player/papyrus"
	},
	"elements": [
		{
			"name": "Left Shoe",
			"from": [4.1, 1, -3],
			"to": [8.1, 5, 3],
			"faces": {
				"north": {"uv": [7, 12, 6, 13], "rotation": 180, "texture": "#0"},
				"east": {"uv": [4, 14.5, 5, 16], "rotation": 270, "texture": "#0"},
				"south": {"uv": [7, 13, 6, 12], "texture": "#0"},
				"west": {"uv": [6, 14.5, 7, 16], "rotation": 90, "texture": "#0"},
				"up": {"uv": [5, 14.5, 6, 16], "rotation": 180, "texture": "#0"},
				"down": {"uv": [7, 14.5, 8, 16], "texture": "#0"}
			}
		},
		{
			"name": "Left Leg",
			"from": [5.1, 2, 3],
			"to": [7.1, 4, 8],
			"faces": {
				"east": {"uv": [5.25, 13.5, 5.75, 14.5], "rotation": 270, "texture": "#0"},
				"west": {"uv": [5.25, 13.5, 5.75, 14.5], "rotation": 90, "texture": "#0"},
				"up": {"uv": [5.25, 13.5, 5.75, 14.5], "rotation": 180, "texture": "#0"},
				"down": {"uv": [5.25, 13.5, 5.75, 14.5], "texture": "#0"}
			}
		},
		{
			"name": "Left Leg Layer",
			"from": [3.85, 0.75, -3.25],
			"to": [8.35, 5.25, 3.25],
			"faces": {
				"north": {"uv": [3, 12, 2, 13], "rotation": 180, "texture": "#0"},
				"east": {"uv": [0, 14.5, 1, 16], "rotation": 270, "texture": "#0"},
				"south": {"uv": [1, 13, 0, 12], "texture": "#0"},
				"west": {"uv": [2, 14.5, 3, 16], "rotation": 90, "texture": "#0"},
				"up": {"uv": [1, 14.5, 2, 16], "rotation": 180, "texture": "#0"},
				"down": {"uv": [3, 14.5, 4, 16], "texture": "#0"}
			}
		}
	],
	"display": {
		"thirdperson_righthand": {
			"rotation": [90, 10, 0],
			"translation": [-6, -1.5, 2]
		},
		"thirdperson_lefthand": {
			"rotation": [90, -10, 0],
			"translation": [-6, -1.5, 2]
		},
		"head": {
			"rotation": [0, 10, 0],
			"translation": [0, -20.75, -0.75],
			"scale": [1.6, 1.6, 1.6]
		}
	},
	"groups": [
		{
			"name": "LeftLeg",
			"origin": [-1.9, 12, 0],
			"color": 0,
			"children": [0, 1, 2]
		}
	]
}