{
	"credit": "Made by Peeter100 for the TTT Project using Blockbench",
	"texture_size": [64, 64],
	"textures": {
		"0": "entity/player/papyrus"
	},
	"elements": [
		{
			"name": "Chest",
			"from": [4, 10, 6],
			"to": [12, 15, 10],
			"faces": {
				"north": {"uv": [5, 5, 7, 6.25], "texture": "#0"},
				"east": {"uv": [4, 5, 5, 6.25], "texture": "#0"},
				"south": {"uv": [8, 5, 10, 6.25], "texture": "#0"},
				"west": {"uv": [7, 5, 8, 6.25], "texture": "#0"},
				"up": {"uv": [7, 5, 5, 4], "texture": "#0"},
				"down": {"uv": [9.5, 5.75, 7.5, 6.25], "texture": "#0"}
			}
		},
		{
			"name": "Body 2",
			"from": [5, 9, 6],
			"to": [11, 10, 10],
			"faces": {
				"north": {"uv": [5.25, 6.25, 6.75, 6.5], "texture": "#0"},
				"east": {"uv": [5.25, 6.25, 6.75, 6.5], "texture": "#0"},
				"south": {"uv": [8.25, 6.25, 9.75, 6.5], "texture": "#0"},
				"west": {"uv": [8.25, 6.25, 9.75, 6.5], "texture": "#0"},
				"down": {"uv": [9.5, 5.75, 7.5, 6.25], "texture": "#0"}
			}
		},
		{
			"name": "Body 3",
			"from": [6, 8, 6],
			"to": [10, 9, 10],
			"faces": {
				"north": {"uv": [5.5, 6.5, 6.5, 6.75], "texture": "#0"},
				"east": {"uv": [5.5, 6.5, 6.5, 6.75], "texture": "#0"},
				"south": {"uv": [8.5, 6.5, 9.5, 6.75], "texture": "#0"},
				"west": {"uv": [8.5, 6.5, 9.5, 6.75], "texture": "#0"},
				"down": {"uv": [9.5, 6.5, 8.5, 6.75], "texture": "#0"}
			}
		},
		{
			"name": "Body Layer",
			"from": [3.75, 2.75, 5.75],
			"to": [12.25, 15.25, 10.25],
			"faces": {
				"north": {"uv": [5, 9, 7, 12], "texture": "#0"},
				"east": {"uv": [4, 9, 5, 12], "texture": "#0"},
				"west": {"uv": [7, 9, 8, 12], "texture": "#0"},
				"up": {"uv": [7, 9, 5, 8], "texture": "#0"},
				"down": {"uv": [9, 8, 7, 9], "texture": "#0"}
			}
		},
		{
			"name": "Body Back Layer",
			"from": [3.75, 2.75, 10.25],
			"to": [12.25, 15.25, 10.25],
			"faces": {
				"north": {"uv": [8, 9, 10, 12], "texture": "#0"},
				"south": {"uv": [8, 9, 10, 12], "texture": "#0"}
			}
		},
		{
			"name": "Bone",
			"from": [7, 5, 7],
			"to": [9, 8, 9],
			"faces": {
				"north": {"uv": [5.75, 6.75, 6.25, 7.5], "texture": "#0"},
				"east": {"uv": [5.75, 6.75, 6.25, 7.5], "texture": "#0"},
				"south": {"uv": [5.75, 6.75, 6.25, 7.5], "texture": "#0"},
				"west": {"uv": [5.75, 6.75, 6.25, 7.5], "texture": "#0"}
			}
		},
		{
			"name": "Collar",
			"from": [4, 2, 6],
			"to": [12, 5, 10],
			"faces": {
				"north": {"uv": [8, 7.5, 10, 8.25], "texture": "#0"},
				"east": {"uv": [7.25, 7.5, 8, 8.25], "texture": "#0"},
				"south": {"uv": [8, 7.5, 10, 8.25], "texture": "#0"},
				"west": {"uv": [7.25, 7.5, 8, 8.25], "texture": "#0"},
				"up": {"uv": [7, 7.5, 8, 7.75], "texture": "#0"},
				"down": {"uv": [7, 4, 9, 5], "texture": "#0"}
			}
		},
		{
			"name": "Collar Upper Layer",
			"from": [4, 5, 6],
			"to": [12, 6, 10],
			"faces": {
				"north": {"uv": [14, 6.75, 16, 7], "texture": "#0"},
				"south": {"uv": [14, 6.75, 16, 7], "texture": "#0"}
			}
		},
		{
			"name": "Collar Lower Layer",
			"from": [4, 1, 6],
			"to": [12, 2, 10],
			"faces": {
				"north": {"uv": [14, 7.75, 16, 8], "texture": "#0"},
				"south": {"uv": [14, 7.75, 16, 8], "texture": "#0"}
			}
		},
		{
			"name": "Right Arm Upper",
			"from": [12, 11, 6],
			"to": [15, 15, 10],
			"faces": {
				"north": {"uv": [11, 5, 11.75, 6], "texture": "#0"},
				"east": {"uv": [10, 5, 11, 6], "texture": "#0"},
				"south": {"uv": [12.5, 5, 13.5, 6], "texture": "#0"},
				"west": {"uv": [11.75, 5, 12.5, 6], "texture": "#0"},
				"up": {"uv": [11.75, 5, 11, 4], "texture": "#0"},
				"down": {"uv": [11.75, 5.75, 11, 6], "texture": "#0"}
			}
		},
		{
			"name": "Right Arm Lower",
			"from": [12, 3, 6],
			"to": [15, 8, 10],
			"faces": {
				"north": {"uv": [11, 6.75, 11.75, 8], "texture": "#0"},
				"east": {"uv": [10, 6.75, 11, 8], "texture": "#0"},
				"south": {"uv": [12.5, 6.75, 13.5, 8], "texture": "#0"},
				"west": {"uv": [11.75, 6.75, 12.5, 8], "texture": "#0"},
				"up": {"uv": [11.75, 7.25, 11, 6.75], "texture": "#0"},
				"down": {"uv": [12.5, 4, 11.75, 5], "texture": "#0"}
			}
		},
		{
			"name": "Right Arm Layer",
			"from": [11.75, 2.75, 5.75],
			"to": [15.25, 15.25, 10.25],
			"faces": {
				"north": {"uv": [11, 9, 11.75, 12], "texture": "#0"},
				"east": {"uv": [10, 9, 11, 12], "texture": "#0"},
				"south": {"uv": [12.5, 9, 13.5, 12], "texture": "#0"},
				"west": {"uv": [11.75, 9, 12.5, 12], "texture": "#0"},
				"up": {"uv": [11.75, 9, 11, 8], "texture": "#0"},
				"down": {"uv": [12.5, 8, 11.75, 9], "texture": "#0"}
			}
		},
		{
			"name": "Bone 1",
			"from": [13.75, 8, 6.25],
			"to": [14.75, 11, 7.25],
			"faces": {
				"north": {"uv": [11.5, 6, 11.75, 6.75], "texture": "#0"},
				"east": {"uv": [11.5, 6, 11.75, 6.75], "texture": "#0"},
				"south": {"uv": [11.5, 6, 11.75, 6.75], "texture": "#0"},
				"west": {"uv": [11.5, 6, 11.75, 6.75], "texture": "#0"},
				"up": {"uv": [11.5, 6, 11.75, 6.75], "texture": "#0"},
				"down": {"uv": [11.5, 6, 11.75, 6.75], "texture": "#0"}
			}
		},
		{
			"name": "Bone 2",
			"from": [12.25, 8, 6.25],
			"to": [13.25, 11, 7.25],
			"faces": {
				"north": {"uv": [11.5, 6, 11.75, 6.75], "texture": "#0"},
				"east": {"uv": [11.5, 6, 11.75, 6.75], "texture": "#0"},
				"south": {"uv": [11.5, 6, 11.75, 6.75], "texture": "#0"},
				"west": {"uv": [11.5, 6, 11.75, 6.75], "texture": "#0"},
				"up": {"uv": [11.5, 6, 11.75, 6.75], "texture": "#0"},
				"down": {"uv": [11.5, 6, 11.75, 6.75], "texture": "#0"}
			}
		},
		{
			"name": "Bone 3",
			"from": [12.25, 8, 8.75],
			"to": [13.25, 11, 9.75],
			"faces": {
				"north": {"uv": [11.5, 6, 11.75, 6.75], "texture": "#0"},
				"east": {"uv": [11.5, 6, 11.75, 6.75], "texture": "#0"},
				"south": {"uv": [11.5, 6, 11.75, 6.75], "texture": "#0"},
				"west": {"uv": [11.5, 6, 11.75, 6.75], "texture": "#0"},
				"up": {"uv": [11.5, 6, 11.75, 6.75], "texture": "#0"},
				"down": {"uv": [11.5, 6, 11.75, 6.75], "texture": "#0"}
			}
		},
		{
			"name": "Bone 4",
			"from": [13.75, 8, 8.75],
			"to": [14.75, 11, 9.75],
			"faces": {
				"north": {"uv": [11.5, 6, 11.75, 6.75], "texture": "#0"},
				"east": {"uv": [11.5, 6, 11.75, 6.75], "texture": "#0"},
				"south": {"uv": [11.5, 6, 11.75, 6.75], "texture": "#0"},
				"west": {"uv": [11.5, 6, 11.75, 6.75], "texture": "#0"},
				"up": {"uv": [11.5, 6, 11.75, 6.75], "texture": "#0"},
				"down": {"uv": [11.5, 6, 11.75, 6.75], "texture": "#0"}
			}
		},
		{
			"name": "Left Arm Upper",
			"from": [1, 11, 6],
			"to": [4, 15, 10],
			"faces": {
				"north": {"uv": [9, 13, 9.75, 14], "texture": "#0"},
				"east": {"uv": [8, 13, 9, 14], "texture": "#0"},
				"south": {"uv": [10.5, 13, 11.5, 14], "texture": "#0"},
				"west": {"uv": [9.75, 13, 10.5, 14], "texture": "#0"},
				"up": {"uv": [9.75, 13, 9, 12], "texture": "#0"},
				"down": {"uv": [10.5, 13.75, 9.75, 14], "texture": "#0"}
			}
		},
		{
			"name": "Left Arm Lower",
			"from": [1, 3, 6],
			"to": [4, 8, 10],
			"faces": {
				"north": {"uv": [9, 14.75, 9.75, 16], "texture": "#0"},
				"east": {"uv": [8, 14.75, 9, 16], "texture": "#0"},
				"south": {"uv": [10.5, 14.75, 11.5, 16], "texture": "#0"},
				"west": {"uv": [9.75, 14.75, 10.5, 16], "texture": "#0"},
				"up": {"uv": [9.75, 15.25, 9, 14.75], "texture": "#0"},
				"down": {"uv": [10.5, 12, 9.75, 13], "texture": "#0"}
			}
		},
		{
			"name": "Left Arm Layer",
			"from": [0.75, 2.75, 5.75],
			"to": [4.25, 15.25, 10.25],
			"faces": {
				"north": {"uv": [13, 13, 13.75, 16], "texture": "#0"},
				"east": {"uv": [12, 13, 13, 16], "texture": "#0"},
				"south": {"uv": [14.5, 13, 15.5, 16], "texture": "#0"},
				"west": {"uv": [13.75, 13, 14.5, 16], "texture": "#0"},
				"up": {"uv": [13.75, 13, 13, 12], "texture": "#0"},
				"down": {"uv": [14.5, 12, 13.75, 13], "texture": "#0"}
			}
		},
		{
			"name": "Bone 1",
			"from": [2.75, 8, 6.25],
			"to": [3.75, 11, 7.25],
			"faces": {
				"north": {"uv": [11.5, 6, 11.75, 6.75], "texture": "#0"},
				"east": {"uv": [11.5, 6, 11.75, 6.75], "texture": "#0"},
				"south": {"uv": [11.5, 6, 11.75, 6.75], "texture": "#0"},
				"west": {"uv": [11.5, 6, 11.75, 6.75], "texture": "#0"},
				"up": {"uv": [11.5, 6, 11.75, 6.75], "texture": "#0"},
				"down": {"uv": [11.5, 6, 11.75, 6.75], "texture": "#0"}
			}
		},
		{
			"name": "Bone 2",
			"from": [1.25, 8, 6.25],
			"to": [2.25, 11, 7.25],
			"faces": {
				"north": {"uv": [11.5, 6, 11.75, 6.75], "texture": "#0"},
				"east": {"uv": [11.5, 6, 11.75, 6.75], "texture": "#0"},
				"south": {"uv": [11.5, 6, 11.75, 6.75], "texture": "#0"},
				"west": {"uv": [11.5, 6, 11.75, 6.75], "texture": "#0"},
				"up": {"uv": [11.5, 6, 11.75, 6.75], "texture": "#0"},
				"down": {"uv": [11.5, 6, 11.75, 6.75], "texture": "#0"}
			}
		},
		{
			"name": "Bone 3",
			"from": [1.25, 8, 8.75],
			"to": [2.25, 11, 9.75],
			"faces": {
				"north": {"uv": [11.5, 6, 11.75, 6.75], "texture": "#0"},
				"east": {"uv": [11.5, 6, 11.75, 6.75], "texture": "#0"},
				"south": {"uv": [11.5, 6, 11.75, 6.75], "texture": "#0"},
				"west": {"uv": [11.5, 6, 11.75, 6.75], "texture": "#0"},
				"up": {"uv": [11.5, 6, 11.75, 6.75], "texture": "#0"},
				"down": {"uv": [11.5, 6, 11.75, 6.75], "texture": "#0"}
			}
		},
		{
			"name": "Bone 4",
			"from": [2.75, 8, 8.75],
			"to": [3.75, 11, 9.75],
			"faces": {
				"north": {"uv": [11.5, 6, 11.75, 6.75], "texture": "#0"},
				"east": {"uv": [11.5, 6, 11.75, 6.75], "texture": "#0"},
				"south": {"uv": [11.5, 6, 11.75, 6.75], "texture": "#0"},
				"west": {"uv": [11.5, 6, 11.75, 6.75], "texture": "#0"},
				"up": {"uv": [11.5, 6, 11.75, 6.75], "texture": "#0"},
				"down": {"uv": [11.5, 6, 11.75, 6.75], "texture": "#0"}
			}
		}
	],
	"display": {
		"thirdperson_righthand": {
			"rotation": [90, 0, 0],
			"translation": [-6, -1.5, 2]
		},
		"thirdperson_lefthand": {
			"rotation": [90, 0, 0],
			"translation": [-6, -1.5, 2]
		},
		"head": {
			"translation": [0, -20.75, -0.75],
			"scale": [1.6, 1.6, 1.6]
		}
	},
	"groups": [
		{
			"name": "Body",
			"origin": [0, 24, 0],
			"color": 0,
			"children": [0, 1, 2, 3, 4, 5, 6, 7, 8]
		},
		{
			"name": "RightArm",
			"origin": [5, 22, 0],
			"color": 0,
			"children": [9, 10, 11, 12, 13, 14, 15]
		},
		{
			"name": "LeftArm",
			"origin": [-5, 22, 0],
			"color": 0,
			"children": [16, 17, 18, 19, 20, 21, 22]
		}
	]
}