{
	"credit": "Made by Peeter100 for the TTT Project using Blockbench",
	"texture_size": [64, 64],
	"textures": {
		"0": "entity/player/sans",
		"particle": "entity/player/sans"
	},
	"elements": [
		{
			"name": "Head Lower",
			"from": [4, 18, 4],
			"to": [12, 21, 10],
			"faces": {
				"north": {"uv": [14, 13.25, 16, 14], "texture": "#0"},
				"east": {"uv": [0, 2, 1.5, 2.75], "texture": "#0"},
				"south": {"uv": [6, 2, 8, 2.75], "texture": "#0"},
				"west": {"uv": [4, 2, 5.5, 2.75], "texture": "#0"},
				"up": {"uv": [2, 0.5, 4, 2], "texture": "#0"},
				"down": {"uv": [2, 0.5, 4, 2], "texture": "#0"}
			}
		},
		{
			"name": "Head Higher",
			"from": [4, 21, 4],
			"to": [12, 26, 12],
			"faces": {
				"north": {"uv": [14, 12, 16, 13.25], "texture": "#0"},
				"east": {"uv": [0, 2, 1.5, 2.75], "texture": "#0"},
				"south": {"uv": [6, 2, 8, 2.75], "texture": "#0"},
				"west": {"uv": [4, 2, 5.5, 2.75], "texture": "#0"},
				"up": {"uv": [2, 0.5, 4, 2], "texture": "#0"},
				"down": {"uv": [2, 0.5, 4, 2], "texture": "#0"}
			}
		},
		{
			"name": "Head Part",
			"from": [4, 20, 10],
			"to": [12, 21, 11],
			"faces": {
				"north": {"uv": [2, 0.75, 4, 2], "texture": "#0"},
				"east": {"uv": [0, 2, 1.5, 2.75], "texture": "#0"},
				"south": {"uv": [6, 2, 8, 2.75], "texture": "#0"},
				"west": {"uv": [4, 2, 5.5, 2.75], "texture": "#0"},
				"up": {"uv": [2, 0.5, 4, 2], "texture": "#0"},
				"down": {"uv": [2, 0.5, 4, 2], "texture": "#0"}
			}
		},
		{
			"name": "Head Layer",
			"from": [3.75, 17.75, 3.75],
			"to": [12.25, 26.25, 12.25],
			"faces": {
				"north": {"uv": [10, 2, 12, 4], "texture": "#0"},
				"east": {"uv": [8, 2, 10, 4], "texture": "#0"},
				"south": {"uv": [14, 2, 16, 4], "texture": "#0"},
				"west": {"uv": [12, 2, 14, 4], "texture": "#0"},
				"up": {"uv": [10, 0, 12, 2], "texture": "#0"},
				"down": {"uv": [12, 0, 14, 2], "texture": "#0"}
			}
		}
	],
	"display": {
		"thirdperson_righthand": {
			"rotation": [90, 0, 0],
			"translation": [-6, -1.5, 2]
		},
		"thirdperson_lefthand": {
			"rotation": [90, 0, 0],
			"translation": [-6, -1.5, 2]
		},
		"head": {
			"translation": [0, -20.75, -0.75],
			"scale": [1.6, 1.6, 1.6]
		}
	},
	"groups": [
		{
			"name": "Head",
			"origin": [8, 8, 8],
			"color": 0,
			"children": [0, 1, 2, 3]
		}
	]
}