{
	"credit": "Made by Peeter100 for the TTT Project using Blockbench",
	"texture_size": [64, 64],
	"textures": {
		"0": "entity/player/sans"
	},
	"elements": [
		{
			"name": "Body",
			"from": [4, 6, 6],
			"to": [12, 18, 10],
			"faces": {
				"north": {"uv": [5, 5, 7, 8], "texture": "#0"},
				"east": {"uv": [4, 5, 5, 8], "texture": "#0"},
				"south": {"uv": [8, 5, 10, 8], "texture": "#0"},
				"west": {"uv": [7, 5, 8, 8], "texture": "#0"},
				"up": {"uv": [7, 5, 5, 4], "texture": "#0"},
				"down": {"uv": [9, 4, 7, 5], "texture": "#0"}
			}
		},
		{
			"name": "Body Layer",
			"from": [3.75, 5.75, 5.75],
			"to": [12.25, 18.25, 10.25],
			"faces": {
				"north": {"uv": [5, 9, 7, 12], "texture": "#0"},
				"east": {"uv": [4, 9, 5, 12], "texture": "#0"},
				"south": {"uv": [8, 9, 10, 12], "texture": "#0"},
				"west": {"uv": [7, 9, 8, 12], "texture": "#0"},
				"up": {"uv": [7, 9, 5, 8], "texture": "#0"},
				"down": {"uv": [9, 8, 7, 9], "texture": "#0"}
			}
		},
		{
			"name": "Right Arm",
			"from": [24, 10, 6.1],
			"to": [27, 15, 10.1],
			"rotation": {"angle": 45, "axis": "z", "origin": [16, 0, 0]},
			"faces": {
				"north": {"uv": [11, 5, 11.75, 6.25], "texture": "#0"},
				"east": {"uv": [10, 5, 11, 6.25], "texture": "#0"},
				"south": {"uv": [12.5, 5, 13.5, 6.25], "texture": "#0"},
				"west": {"uv": [11.75, 5, 12.5, 6.25], "texture": "#0"},
				"up": {"uv": [11.75, 5, 11, 4], "texture": "#0"},
				"down": {"uv": [12.5, 4, 11.75, 5], "texture": "#0"}
			}
		},
		{
			"name": "Right Arm Lower",
			"from": [6, 8, 6.1],
			"to": [9, 16, 10.1],
			"rotation": {"angle": -45, "axis": "z", "origin": [16, 0, 0]},
			"faces": {
				"north": {"uv": [11, 6, 11.75, 8], "rotation": 180, "texture": "#0"},
				"east": {"uv": [11.75, 6, 12.5, 8], "rotation": 180, "texture": "#0"},
				"south": {"uv": [12.5, 6, 13.5, 8], "rotation": 180, "texture": "#0"},
				"west": {"uv": [10, 6, 11, 8], "rotation": 180, "texture": "#0"},
				"up": {"uv": [12.5, 4, 11.75, 5], "rotation": 180, "texture": "#0"},
				"down": {"uv": [11.75, 5, 11, 4], "rotation": 180, "texture": "#0"}
			}
		},
		{
			"name": "Left Arm",
			"from": [-11, 10, 6.1],
			"to": [-8, 15, 10.1],
			"rotation": {"angle": -45, "axis": "z", "origin": [0, 0, 0]},
			"faces": {
				"north": {"uv": [9, 13, 9.75, 14.25], "texture": "#0"},
				"east": {"uv": [8, 13, 9, 14.25], "texture": "#0"},
				"south": {"uv": [10.5, 13, 11.5, 14.25], "texture": "#0"},
				"west": {"uv": [9.75, 13, 10.5, 14.25], "texture": "#0"},
				"up": {"uv": [9.75, 13, 9, 12], "texture": "#0"},
				"down": {"uv": [10.5, 12, 9.75, 13], "texture": "#0"}
			}
		},
		{
			"name": "Left Arm Lower",
			"from": [7, 8, 6.1],
			"to": [10, 16, 10.1],
			"rotation": {"angle": 45, "axis": "z", "origin": [0, 0, 0]},
			"faces": {
				"north": {"uv": [9, 14, 9.75, 16], "rotation": 180, "texture": "#0"},
				"east": {"uv": [9.75, 14, 10.5, 16], "rotation": 180, "texture": "#0"},
				"south": {"uv": [10.5, 14, 11.5, 16], "rotation": 180, "texture": "#0"},
				"west": {"uv": [8, 14, 9, 16], "rotation": 180, "texture": "#0"},
				"up": {"uv": [10.5, 12, 9.75, 13], "rotation": 180, "texture": "#0"},
				"down": {"uv": [9.75, 13, 9, 12], "rotation": 180, "texture": "#0"}
			}
		},
		{
			"name": "Right Leg",
			"from": [8, -4, 6],
			"to": [12, 6, 10],
			"faces": {
				"north": {"uv": [1, 5.5, 2, 8], "texture": "#0"},
				"east": {"uv": [0, 5.5, 1, 8], "texture": "#0"},
				"south": {"uv": [3, 5.5, 4, 8], "texture": "#0"},
				"west": {"uv": [2, 5.5, 3, 8], "texture": "#0"},
				"up": {"uv": [2, 5, 1, 4], "texture": "#0"},
				"down": {"uv": [3, 4, 2, 5], "texture": "#0"}
			}
		},
		{
			"name": "Right Leg Layer",
			"from": [7.75, -4.25, 5.75],
			"to": [12.25, 6.25, 10.25],
			"faces": {
				"north": {"uv": [1, 9.5, 2, 12], "texture": "#0"},
				"east": {"uv": [0, 9.5, 1, 12], "texture": "#0"},
				"south": {"uv": [3, 9.5, 4, 12], "texture": "#0"},
				"west": {"uv": [2, 9.5, 3, 12], "texture": "#0"},
				"up": {"uv": [2, 9, 1, 8], "texture": "#0"},
				"down": {"uv": [3, 8, 2, 9], "texture": "#0"}
			}
		},
		{
			"name": "Left Leg",
			"from": [4.1, -4, 6],
			"to": [8.1, 6, 10],
			"faces": {
				"north": {"uv": [5, 13.5, 6, 16], "texture": "#0"},
				"east": {"uv": [4, 13.5, 5, 16], "texture": "#0"},
				"south": {"uv": [7, 13.5, 8, 16], "texture": "#0"},
				"west": {"uv": [6, 13.5, 7, 16], "texture": "#0"},
				"up": {"uv": [6, 13, 5, 12], "texture": "#0"},
				"down": {"uv": [7, 12, 6, 13], "texture": "#0"}
			}
		},
		{
			"name": "Left Leg Layer",
			"from": [3.75, -4.25, 5.75],
			"to": [8.25, 6.25, 10.25],
			"faces": {
				"north": {"uv": [1, 13.5, 2, 16], "texture": "#0"},
				"east": {"uv": [0, 13.5, 1, 16], "texture": "#0"},
				"south": {"uv": [3, 13.5, 4, 16], "texture": "#0"},
				"west": {"uv": [2, 13.5, 3, 16], "texture": "#0"},
				"up": {"uv": [2, 13, 1, 12], "texture": "#0"},
				"down": {"uv": [3, 12, 2, 13], "texture": "#0"}
			}
		}
	],
	"display": {
		"thirdperson_righthand": {
			"rotation": [90, 0, 0],
			"translation": [-6, -1.5, 2]
		},
		"thirdperson_lefthand": {
			"rotation": [90, 0, 0],
			"translation": [-6, -1.5, 2]
		},
		"head": {
			"translation": [0, -20.75, -0.75],
			"scale": [1.6, 1.6, 1.6]
		}
	},
	"groups": [
		{
			"name": "Body",
			"origin": [0, 24, 0],
			"color": 0,
			"children": [0, 1]
		},
		{
			"name": "RightArm",
			"origin": [5, 22, 0],
			"color": 0,
			"children": [2, 3]
		},
		{
			"name": "LeftArm",
			"origin": [-5, 22, 0],
			"color": 0,
			"children": [4, 5]
		},
		{
			"name": "RightLeg",
			"origin": [1.9, 12, 0],
			"color": 0,
			"children": [6, 7]
		},
		{
			"name": "LeftLeg",
			"origin": [-1.9, 12, 0],
			"color": 0,
			"children": [8, 9]
		}
	]
}