{
	"credit": "Made by Peeter100 for the TTT Project using Blockbench",
	"texture_size": [64, 64],
	"textures": {
		"0": "entity/player/undyne"
	},
	"elements": [
		{
			"name": "Right Leg",
			"from": [7.9, 1, -4],
			"to": [11.9, 5, 8],
			"faces": {
				"north": {"uv": [3, 4, 2, 5], "rotation": 180, "texture": "#0"},
				"east": {"uv": [0, 5, 1, 8], "rotation": 270, "texture": "#0"},
				"south": {"uv": [2, 5, 1, 4], "texture": "#0"},
				"west": {"uv": [2, 5, 3, 8], "rotation": 90, "texture": "#0"},
				"up": {"uv": [1, 5, 2, 8], "rotation": 180, "texture": "#0"},
				"down": {"uv": [3, 5, 4, 8], "texture": "#0"}
			}
		},
		{
			"name": "Right Leg Layer",
			"from": [7.65, 0.75, -4.25],
			"to": [12.15, 5.25, 8.25],
			"faces": {
				"north": {"uv": [3, 8, 2, 9], "rotation": 180, "texture": "#0"},
				"east": {"uv": [0, 9, 1, 12], "rotation": 270, "texture": "#0"},
				"south": {"uv": [2, 9, 1, 8], "texture": "#0"},
				"west": {"uv": [2, 9, 3, 12], "rotation": 90, "texture": "#0"},
				"up": {"uv": [1, 9, 2, 12], "rotation": 180, "texture": "#0"},
				"down": {"uv": [3, 9, 4, 12], "texture": "#0"}
			}
		}
	],
	"display": {
		"thirdperson_righthand": {
			"rotation": [90, -10, 0],
			"translation": [-6, -1.5, 2]
		},
		"thirdperson_lefthand": {
			"rotation": [90, 10, 0],
			"translation": [-6, -1.5, 2]
		},
		"head": {
			"rotation": [0, -10, 0],
			"translation": [0, -20.75, -0.75],
			"scale": [1.6, 1.6, 1.6]
		}
	},
	"groups": [
		{
			"name": "RightLeg",
			"origin": [1.9, 12, 0],
			"color": 0,
			"children": [0, 1]
		}
	]
}