{
	"credit": "Made by Peeter100 for the TTT Project using Blockbench",
	"texture_size": [64, 64],
	"textures": {
		"0": "entity/player/undyne"
	},
	"elements": [
		{
			"name": "Right Arm",
			"from": [12, 10, 5],
			"to": [15, 20, 9],
			"faces": {
				"north": {"uv": [12.5, 5, 13.5, 7.5], "rotation": 180, "texture": "#0"},
				"east": {"uv": [10, 5, 11, 7.5], "rotation": 180, "texture": "#0"},
				"south": {"uv": [11, 5, 11.75, 7.5], "rotation": 180, "texture": "#0"},
				"west": {"uv": [11.75, 5, 12.5, 7.5], "rotation": 180, "texture": "#0"},
				"up": {"uv": [12.5, 4, 11.75, 5], "texture": "#0"},
				"down": {"uv": [11.75, 5, 11, 4], "texture": "#0"}
			}
		},
		{
			"name": "Right Arm Layer",
			"from": [11.75, 9.75, 4.75],
			"to": [15.25, 20.25, 9.25],
			"faces": {
				"north": {"uv": [12.5, 9, 13.5, 11.25], "rotation": 180, "texture": "#0"},
				"east": {"uv": [10, 9, 11, 11.25], "rotation": 180, "texture": "#0"},
				"south": {"uv": [11, 9, 11.75, 11.25], "rotation": 180, "texture": "#0"},
				"west": {"uv": [11.75, 9, 12.5, 11.25], "rotation": 180, "texture": "#0"},
				"up": {"uv": [12.5, 8, 11.75, 9], "texture": "#0"},
				"down": {"uv": [11.75, 9, 11, 8], "texture": "#0"}
			}
		},
		{
			"name": "Right Arm 2",
			"from": [8, 17, 5],
			"to": [12, 20, 9],
			"rotation": {"angle": 0, "axis": "z", "origin": [16, 0, 0]},
			"faces": {
				"north": {"uv": [12.5, 7, 13.5, 8], "rotation": 270, "texture": "#0"},
				"east": {"uv": [11.75, 5, 11, 4], "rotation": 270, "texture": "#0"},
				"south": {"uv": [11, 7, 11.75, 8], "rotation": 90, "texture": "#0"},
				"west": {"uv": [12.5, 4, 11.75, 5], "rotation": 270, "texture": "#0"},
				"up": {"uv": [10, 7, 11, 8], "rotation": 90, "texture": "#0"},
				"down": {"uv": [11.75, 7, 12.5, 8], "rotation": 90, "texture": "#0"}
			}
		},
		{
			"name": "Right Arm Layer 2",
			"from": [7.75, 16.75, 4.75],
			"to": [12.25, 20.25, 9.25],
			"rotation": {"angle": 0, "axis": "z", "origin": [16, 0, 0]},
			"faces": {
				"north": {"uv": [12.5, 11, 13.5, 12], "rotation": 270, "texture": "#0"},
				"east": {"uv": [11.75, 9, 11, 8], "rotation": 270, "texture": "#0"},
				"south": {"uv": [11, 11, 11.75, 12], "rotation": 90, "texture": "#0"},
				"west": {"uv": [12.5, 8, 11.75, 9], "rotation": 270, "texture": "#0"},
				"up": {"uv": [10, 11, 11, 12], "rotation": 90, "texture": "#0"},
				"down": {"uv": [11.75, 11, 12.5, 12], "rotation": 90, "texture": "#0"}
			}
		}
	],
	"display": {
		"thirdperson_righthand": {
			"rotation": [115, 0, 0],
			"translation": [-6, -1.5, 2]
		},
		"thirdperson_lefthand": {
			"rotation": [115, 0, 0],
			"translation": [-6, -1.5, 2]
		},
		"head": {
			"rotation": [25, 0, 0],
			"translation": [0, -20.75, -0.75],
			"scale": [1.6, 1.6, 1.6]
		}
	},
	"groups": [
		{
			"name": "RightArm",
			"origin": [5, 22, 0],
			"color": 0,
			"children": [0, 1]
		},
		{
			"name": "RightArm2",
			"origin": [5, 22, 0],
			"color": 0,
			"children": [2, 3]
		}
	]
}