{
	"credit": "Made by Peeter100 for the TTT Project using Blockbench",
	"texture_size": [64, 64],
	"textures": {
		"0": "entity/player/undyne"
	},
	"elements": [
		{
			"name": "Left Arm",
			"from": [1, 10, 5],
			"to": [4, 20, 9],
			"faces": {
				"north": {"uv": [10.5, 13, 11.5, 15.5], "rotation": 180, "texture": "#0"},
				"east": {"uv": [8, 13, 9, 15.5], "rotation": 180, "texture": "#0"},
				"south": {"uv": [9, 13, 9.75, 15.5], "rotation": 180, "texture": "#0"},
				"west": {"uv": [9.75, 13, 10.5, 15.5], "rotation": 180, "texture": "#0"},
				"up": {"uv": [10.5, 12, 9.75, 13], "texture": "#0"},
				"down": {"uv": [9.75, 13, 9, 12], "texture": "#0"}
			}
		},
		{
			"name": "Left Arm Layer",
			"from": [0.75, 9.75, 4.75],
			"to": [4.25, 20.25, 9.25],
			"faces": {
				"north": {"uv": [14.5, 13, 15.5, 15.5], "rotation": 180, "texture": "#0"},
				"east": {"uv": [12, 13, 13, 15.5], "rotation": 180, "texture": "#0"},
				"south": {"uv": [13, 13, 13.75, 15.5], "rotation": 180, "texture": "#0"},
				"west": {"uv": [13.75, 13, 14.5, 15.5], "rotation": 180, "texture": "#0"},
				"up": {"uv": [14.5, 12, 13.75, 13], "texture": "#0"},
				"down": {"uv": [13.75, 13, 13, 12], "texture": "#0"}
			}
		},
		{
			"name": "Left Arm 2",
			"from": [4, 17, 5],
			"to": [8, 20, 9],
			"faces": {
				"north": {"uv": [10.5, 15, 11.5, 16], "rotation": 90, "texture": "#0"},
				"east": {"uv": [10.5, 12, 9.75, 13], "rotation": 90, "texture": "#0"},
				"south": {"uv": [9, 15, 9.75, 16], "rotation": 270, "texture": "#0"},
				"west": {"uv": [9.75, 13, 9, 12], "rotation": 90, "texture": "#0"},
				"up": {"uv": [9.75, 15, 10.5, 16], "rotation": 270, "texture": "#0"},
				"down": {"uv": [8, 15, 9, 16], "rotation": 270, "texture": "#0"}
			}
		},
		{
			"name": "Left Arm Layer 2",
			"from": [3.75, 16.75, 4.75],
			"to": [8.25, 20.25, 9.25],
			"faces": {
				"north": {"uv": [14.5, 15, 15.5, 16], "rotation": 90, "texture": "#0"},
				"east": {"uv": [14.5, 12, 13.75, 13], "rotation": 90, "texture": "#0"},
				"south": {"uv": [13, 15, 13.75, 16], "rotation": 270, "texture": "#0"},
				"west": {"uv": [13.75, 13, 13, 12], "rotation": 90, "texture": "#0"},
				"up": {"uv": [13.75, 15, 14.5, 16], "rotation": 270, "texture": "#0"},
				"down": {"uv": [12, 15, 13, 16], "rotation": 270, "texture": "#0"}
			}
		}
	],
	"display": {
		"thirdperson_righthand": {
			"rotation": [115, 0, 0],
			"translation": [-6, -1.5, 2]
		},
		"thirdperson_lefthand": {
			"rotation": [115, 0, 0],
			"translation": [-6, -1.5, 2]
		},
		"head": {
			"rotation": [25, 0, 0],
			"translation": [0, -20.75, -0.75],
			"scale": [1.6, 1.6, 1.6]
		}
	},
	"groups": [
		{
			"name": "LeftArm",
			"origin": [-5, 22, 0],
			"color": 0,
			"children": [0, 1]
		},
		{
			"name": "LeftArm2",
			"origin": [8, 8, 8],
			"color": 0,
			"children": [2, 3]
		}
	]
}