{
	"credit": "Made by Peeter100 for the TTT Project using Blockbench",
	"texture_size": [64, 64],
	"textures": {
		"0": "entity/player/shadow_based"
	},
	"elements": [
		{
			"name": "Left Upper Quill",
			"from": [6, 22, 13],
			"to": [9, 26, 22],
			"rotation": {"angle": 0, "axis": "y", "origin": [4, 22, 14]},
			"faces": {
				"north": {"uv": [1.5, 8, 2, 9.5], "texture": "#0"},
				"east": {"uv": [2.5, 8, 3.5, 11], "rotation": 90, "texture": "#0"},
				"south": {"uv": [1.5, 8, 2, 9.5], "rotation": 180, "texture": "#0"},
				"west": {"uv": [1.5, 8, 2, 9.5], "rotation": 180, "texture": "#0"},
				"up": {"uv": [0, 8, 0.75, 9.5], "rotation": 180, "texture": "#0"},
				"down": {"uv": [1.5, 8, 2, 9.5], "rotation": 180, "texture": "#0"}
			}
		},
		{
			"name": "Left Lower Quill",
			"from": [6, 18, 13],
			"to": [9, 22, 22],
			"rotation": {"angle": 22.5, "axis": "x", "origin": [4, 22, 14]},
			"faces": {
				"north": {"uv": [1.5, 8, 2, 9.5], "texture": "#0"},
				"east": {"uv": [2.5, 8, 3.5, 11], "rotation": 90, "texture": "#0"},
				"south": {"uv": [1.5, 8, 2, 9.5], "rotation": 180, "texture": "#0"},
				"west": {"uv": [1.5, 8, 2, 9.5], "rotation": 180, "texture": "#0"},
				"up": {"uv": [0, 8, 0.75, 9.5], "rotation": 180, "texture": "#0"},
				"down": {"uv": [1.5, 8, 2, 9.5], "rotation": 180, "texture": "#0"}
			}
		}
	],
	"display": {
		"thirdperson_righthand": {
			"rotation": [90, 22, 0],
			"translation": [-4, 4.5, 2]
		},
		"thirdperson_lefthand": {
			"rotation": [90, -22, 0],
			"translation": [-8, 4.5, 2]
		},
		"head": {
			"rotation": [0, 45, 0],
			"translation": [0, -21, -9.75],
			"scale": [1.61, 1.61, 1.61]
		}
	},
	"groups": [
		{
			"name": "Quills",
			"origin": [0, 0, 0],
			"color": 0,
			"children": [0, 1]
		}
	]
}