{
	"credit": "Made by Peeter100 for the TTT Project using Blockbench",
	"texture_size": [64, 64],
	"textures": {
		"0": "entity/player/shadow_based"
	},
	"elements": [
		{
			"name": "Right Upper Quill",
			"from": [-6, 22, 7],
			"to": [3, 26, 10],
			"rotation": {"angle": 0, "axis": "y", "origin": [6, 22, 8]},
			"faces": {
				"north": {"uv": [2.5, 8, 3.5, 11], "rotation": 270, "texture": "#0"},
				"east": {"uv": [1.5, 8, 2, 9.5], "texture": "#0"},
				"south": {"uv": [1.5, 8, 2, 9.5], "texture": "#0"},
				"west": {"uv": [1.5, 8, 2, 9.5], "rotation": 180, "texture": "#0"},
				"up": {"uv": [0.75, 8, 1.5, 9.5], "rotation": 270, "texture": "#0"},
				"down": {"uv": [1.5, 8, 2, 9.5], "rotation": 90, "texture": "#0"}
			}
		},
		{
			"name": "Right Lower Quill",
			"from": [-5.75, 19.5, 7],
			"to": [3.25, 23.5, 10],
			"rotation": {"angle": 22.5, "axis": "z", "origin": [6, 22, 8]},
			"faces": {
				"north": {"uv": [2.5, 8, 3.5, 11], "rotation": 270, "texture": "#0"},
				"east": {"uv": [1.5, 8, 2, 9.5], "texture": "#0"},
				"south": {"uv": [1.5, 8, 2, 9.5], "texture": "#0"},
				"west": {"uv": [1.5, 8, 2, 9.5], "rotation": 180, "texture": "#0"},
				"up": {"uv": [0.75, 8, 1.5, 9.5], "rotation": 270, "texture": "#0"},
				"down": {"uv": [1.5, 8, 2, 9.5], "rotation": 90, "texture": "#0"}
			}
		}
	],
	"display": {
		"thirdperson_righthand": {
			"rotation": [90, 67, 0],
			"translation": [-8, 4.5, 2]
		},
		"thirdperson_lefthand": {
			"rotation": [90, -67, 0],
			"translation": [-4, 4.5, 2]
		},
		"head": {
			"rotation": [0, 45, 0],
			"translation": [0, -21, -9.75],
			"scale": [1.61, 1.61, 1.61]
		}
	},
	"groups": [
		{
			"name": "Quills",
			"origin": [0, 0, 0],
			"color": 0,
			"children": [0, 1]
		}
	]
}