{
	"credit": "Made by Peeter100 for the TTT Project using Blockbench",
	"texture_size": [64, 64],
	"textures": {
		"0": "entity/player/shadow"
	},
	"elements": [
		{
			"name": "Left Arm",
			"from": [1, 13, 13],
			"to": [3, 18, 15],
			"rotation": {"angle": 0, "axis": "z", "origin": [0, 0, 6]},
			"faces": {
				"north": {"uv": [13.25, 5, 13.75, 6.25], "texture": "#0"},
				"east": {"uv": [12.25, 5, 12.75, 6.25], "texture": "#0"},
				"south": {"uv": [11.25, 5, 11.75, 6.25], "texture": "#0"},
				"west": {"uv": [10.25, 5, 10.75, 6.25], "texture": "#0"},
				"up": {"uv": [11.75, 4.75, 11.25, 4.25], "texture": "#0"},
				"down": {"uv": [12.75, 4.25, 12.25, 4.75], "texture": "#0"}
			}
		},
		{
			"name": "Left Arm Lower",
			"from": [1, 11, 13],
			"to": [6, 13, 15],
			"rotation": {"angle": 0, "axis": "z", "origin": [2, 18, 14]},
			"faces": {
				"north": {"uv": [13.25, 6.25, 13.75, 7.5], "rotation": 90, "texture": "#0"},
				"east": {"uv": [12.75, 4.25, 12.25, 4.75], "rotation": 270, "texture": "#0"},
				"south": {"uv": [11.25, 6.25, 11.75, 7.5], "rotation": 270, "texture": "#0"},
				"west": {"uv": [12.75, 6.25, 12.25, 5.75], "rotation": 270, "texture": "#0"},
				"up": {"uv": [12.25, 6.25, 12.75, 7.5], "rotation": 270, "texture": "#0"},
				"down": {"uv": [10.25, 6.25, 10.75, 7.5], "rotation": 270, "texture": "#0"}
			}
		},
		{
			"name": "Left Arm Glove",
			"from": [7, 10, 12],
			"to": [12, 14, 16],
			"rotation": {"angle": 0, "axis": "x", "origin": [2, 8, 14]},
			"faces": {
				"north": {"uv": [11, 7.75, 12, 9], "rotation": 90, "texture": "#0"},
				"east": {"uv": [13, 4, 12, 5], "rotation": 90, "texture": "#0"},
				"south": {"uv": [13, 7.75, 14, 9], "rotation": 270, "texture": "#0"},
				"west": {"uv": [14, 8, 13, 7.75], "rotation": 90, "texture": "#0"},
				"up": {"uv": [10, 7.75, 11, 9], "rotation": 270, "texture": "#0"},
				"down": {"uv": [12, 7.75, 13, 9], "rotation": 270, "texture": "#0"}
			}
		},
		{
			"name": "Left Arm Buckle",
			"from": [6, 10.5, 12.5],
			"to": [7, 13.5, 15.5],
			"rotation": {"angle": 0, "axis": "x", "origin": [2, 8, 14]},
			"faces": {
				"north": {"uv": [11, 7.5, 12, 7.75], "rotation": 90, "texture": "#0"},
				"east": {"uv": [14, 7.5, 13, 7.75], "rotation": 90, "texture": "#0"},
				"south": {"uv": [13, 7.5, 14, 7.75], "rotation": 270, "texture": "#0"},
				"west": {"uv": [14, 7.75, 13, 7.5], "rotation": 90, "texture": "#0"},
				"up": {"uv": [10, 7.5, 11, 7.75], "rotation": 270, "texture": "#0"},
				"down": {"uv": [12, 7.5, 13, 7.75], "rotation": 270, "texture": "#0"}
			}
		}
	],
	"display": {
		"thirdperson_righthand": {
			"rotation": [125, 0, 0],
			"translation": [-4.75, 8.5, 6.75]
		},
		"thirdperson_lefthand": {
			"rotation": [125, 0, 0],
			"translation": [-7.25, 8.5, 6.75]
		},
		"head": {
			"rotation": [35, 0, 0],
			"translation": [2, -13.25, -17],
			"scale": [1.61, 1.61, 1.61]
		}
	},
	"groups": [
		{
			"name": "LeftArm",
			"origin": [-5, 22, 0],
			"color": 0,
			"children": [0, 1, 2, 3]
		}
	]
}