{
	"credit": "Made by Peeter100 for the TTT Project using Blockbench",
	"texture_size": [64, 64],
	"textures": {
		"0": "entity/player/shadow"
	},
	"elements": [
		{
			"name": "Right Arm",
			"from": [13, 8, 13],
			"to": [15, 18, 15],
			"rotation": {"angle": 0, "axis": "y", "origin": [0, 0, 6]},
			"faces": {
				"north": {"uv": [11.25, 5, 11.75, 7.5], "texture": "#0"},
				"east": {"uv": [10.25, 5, 10.75, 7.5], "texture": "#0"},
				"south": {"uv": [13.25, 5, 13.75, 7.5], "texture": "#0"},
				"west": {"uv": [12.25, 5, 12.75, 7.5], "texture": "#0"},
				"up": {"uv": [11.75, 4.75, 11.25, 4.25], "texture": "#0"},
				"down": {"uv": [11.75, 4.25, 11.25, 4.75], "texture": "#0"}
			}
		},
		{
			"name": "Right Arm Glove",
			"from": [12, 2, 12],
			"to": [16, 7, 16],
			"rotation": {"angle": 0, "axis": "y", "origin": [0, 0, 6]},
			"faces": {
				"north": {"uv": [11, 7.75, 12, 9], "texture": "#0"},
				"east": {"uv": [10, 7.75, 11, 9], "texture": "#0"},
				"south": {"uv": [13, 7.75, 14, 9], "texture": "#0"},
				"west": {"uv": [12, 7.75, 13, 9], "texture": "#0"},
				"up": {"uv": [12, 8, 11, 7.75], "texture": "#0"},
				"down": {"uv": [13, 4, 12, 5], "texture": "#0"}
			}
		},
		{
			"name": "Right Arm Buckle",
			"from": [12.5, 7, 12.5],
			"to": [15.5, 8, 15.5],
			"rotation": {"angle": 0, "axis": "y", "origin": [0, 0, 6]},
			"faces": {
				"north": {"uv": [11, 7.5, 12, 7.75], "texture": "#0"},
				"east": {"uv": [10, 7.5, 11, 7.75], "texture": "#0"},
				"south": {"uv": [13, 7.5, 14, 7.75], "texture": "#0"},
				"west": {"uv": [12, 7.5, 13, 7.75], "texture": "#0"},
				"up": {"uv": [12, 7.75, 11, 7.5], "texture": "#0"},
				"down": {"uv": [12, 7.5, 11, 7.75], "texture": "#0"}
			}
		},
		{
			"name": "Handle",
			"from": [13, 2.5, 11.75],
			"to": [15, 4.5, 14.75],
			"rotation": {"angle": 0, "axis": "x", "origin": [0, 18, 0]},
			"faces": {
				"north": {"uv": [1.75, 15.5, 2.25, 16], "rotation": 180, "texture": "#0"},
				"east": {"uv": [1.75, 15.25, 2.25, 16], "rotation": 90, "texture": "#0"},
				"south": {"uv": [1.75, 15.5, 2.25, 16], "texture": "#0"},
				"west": {"uv": [1.75, 15.25, 2.25, 16], "rotation": 270, "texture": "#0"},
				"up": {"uv": [1.75, 15.25, 2.25, 16], "texture": "#0"},
				"down": {"uv": [1.75, 15.25, 2.25, 16], "rotation": 180, "texture": "#0"}
			}
		},
		{
			"name": "Main",
			"from": [13, -1.5, 9.75],
			"to": [15, 5.5, 11.75],
			"rotation": {"angle": 0, "axis": "x", "origin": [0, 18, 0]},
			"faces": {
				"north": {"uv": [1.5, 14.5, 2.75, 16], "rotation": 270, "texture": "#0"},
				"east": {"uv": [1.5, 14.5, 2.75, 16], "rotation": 270, "texture": "#0"},
				"south": {"uv": [1.5, 14.5, 2.75, 16], "rotation": 270, "texture": "#0"},
				"west": {"uv": [1.5, 14.5, 2.75, 16], "rotation": 270, "texture": "#0"},
				"up": {"uv": [1.5, 14.5, 2.75, 16], "rotation": 270, "texture": "#0"},
				"down": {"uv": [0, 14.5, 1.5, 16], "rotation": 180, "texture": "#0"}
			}
		},
		{
			"name": "Part",
			"from": [13, -0.5, 9.25],
			"to": [15, 4.5, 9.75],
			"rotation": {"angle": 0, "axis": "x", "origin": [0, 18, 0]},
			"faces": {
				"north": {"uv": [2.75, 14.5, 4, 16], "rotation": 180, "texture": "#0"},
				"east": {"uv": [2.75, 14.5, 4, 16], "rotation": 180, "texture": "#0"},
				"south": {"uv": [2.75, 14.5, 4, 16], "rotation": 180, "texture": "#0"},
				"west": {"uv": [2.75, 14.5, 4, 16], "rotation": 180, "texture": "#0"},
				"up": {"uv": [2.75, 14.5, 4, 16], "rotation": 180, "texture": "#0"},
				"down": {"uv": [2.75, 14.5, 4, 16], "rotation": 180, "texture": "#0"}
			}
		}
	],
	"display": {
		"thirdperson_righthand": {
			"rotation": [90, 0, 11],
			"translation": [-6, 4, 1]
		},
		"thirdperson_lefthand": {
			"rotation": [90, 0, -11],
			"translation": [-6, 4, 1]
		},
		"head": {
			"translation": [0, -21, -9.75],
			"scale": [1.61, 1.61, 1.61]
		}
	},
	"groups": [
		{
			"name": "RightArm",
			"origin": [5, 22, 0],
			"color": 0,
			"children": [0, 1, 2]
		},
		{
			"name": "Gun",
			"origin": [8, 8, 8],
			"color": 0,
			"children": [3, 4, 5]
		}
	]
}