{
	"credit": "Made by Peeter100 for the TTT Project using Blockbench",
	"texture_size": [64, 64],
	"textures": {
		"0": "entity/player/shadow"
	},
	"elements": [
		{
			"name": "Body",
			"from": [4, 8, 12],
			"to": [12, 18, 16],
			"rotation": {"angle": 0, "axis": "y", "origin": [0, 0, 6]},
			"faces": {
				"north": {"uv": [5, 5, 7, 7.5], "texture": "#0"},
				"east": {"uv": [4, 5, 5, 7.5], "texture": "#0"},
				"south": {"uv": [8, 5, 10, 7.5], "texture": "#0"},
				"west": {"uv": [7, 5, 8, 7.5], "texture": "#0"},
				"up": {"uv": [7, 5, 5, 4], "texture": "#0"},
				"down": {"uv": [9, 4, 7, 5], "texture": "#0"}
			}
		},
		{
			"name": "Right Quill",
			"from": [9, 13.75, 15.5],
			"to": [11, 17.75, 19.5],
			"rotation": {"angle": 22.5, "axis": "y", "origin": [10, 16, 16]},
			"faces": {
				"north": {"uv": [6.25, 7.75, 6.75, 9.25], "texture": "#0"},
				"east": {"uv": [10.75, 5, 11.75, 6], "texture": "#0"},
				"south": {"uv": [9, 5, 9.5, 6], "texture": "#0"},
				"west": {"uv": [9, 5, 10, 6], "texture": "#0"},
				"up": {"uv": [9, 5, 10, 5.5], "rotation": 90, "texture": "#0"},
				"down": {"uv": [9, 5, 9.5, 6], "rotation": 180, "texture": "#0"}
			}
		},
		{
			"name": "Left Quill",
			"from": [5, 13.75, 15.5],
			"to": [7, 17.75, 19.5],
			"rotation": {"angle": -22.5, "axis": "y", "origin": [6, 16, 16]},
			"faces": {
				"north": {"uv": [6.25, 7.75, 6.75, 9.25], "texture": "#0"},
				"east": {"uv": [8, 5, 9, 6], "texture": "#0"},
				"south": {"uv": [8, 5, 8.5, 6], "texture": "#0"},
				"west": {"uv": [11, 5, 12, 6], "rotation": 90, "texture": "#0"},
				"up": {"uv": [8.25, 5, 8.75, 6], "rotation": 180, "texture": "#0"},
				"down": {"uv": [8.25, 5, 8.75, 6], "texture": "#0"}
			}
		},
		{
			"name": "Tail",
			"from": [7.25, 8.75, 15],
			"to": [8.75, 9.75, 19],
			"rotation": {"angle": 22.5, "axis": "x", "origin": [8, 9.75, 16]},
			"faces": {
				"north": {"uv": [8.75, 7, 9.25, 7.5], "texture": "#0"},
				"east": {"uv": [8.75, 7, 9.25, 7.5], "texture": "#0"},
				"south": {"uv": [8.75, 7.25, 9.25, 7.5], "texture": "#0"},
				"west": {"uv": [8.75, 7, 9.25, 7.5], "texture": "#0"},
				"up": {"uv": [8.75, 7, 9.25, 7.5], "texture": "#0"},
				"down": {"uv": [8.75, 7, 9.25, 7.5], "texture": "#0"}
			}
		},
		{
			"name": "Right Leg",
			"from": [9, -1, 13],
			"to": [11, 8, 15],
			"rotation": {"angle": 0, "axis": "y", "origin": [0, 0, 6]},
			"faces": {
				"north": {"uv": [7, 7.5, 7.5, 9.75], "texture": "#0"},
				"east": {"uv": [6.25, 7.5, 6.75, 9.75], "texture": "#0"},
				"south": {"uv": [5.5, 7.5, 6, 9.75], "texture": "#0"},
				"west": {"uv": [4.5, 7.5, 5, 9.75], "texture": "#0"},
				"up": {"uv": [1.75, 4.75, 1.25, 4.25], "texture": "#0"},
				"down": {"uv": [1.75, 4.25, 1.25, 4.75], "texture": "#0"}
			}
		},
		{
			"name": "Right Shoe",
			"from": [8, -6, 9],
			"to": [12, -2, 16],
			"rotation": {"angle": 0, "axis": "y", "origin": [0, 0, 6]},
			"faces": {
				"north": {"uv": [7, 10, 8, 11], "texture": "#0"},
				"east": {"uv": [4, 10, 5, 11], "texture": "#0"},
				"south": {"uv": [5, 10, 6, 11], "texture": "#0"},
				"west": {"uv": [6, 10, 7, 11], "texture": "#0"},
				"up": {"uv": [8, 10.25, 7, 10], "texture": "#0"},
				"down": {"uv": [3, 4, 2, 5], "texture": "#0"}
			}
		},
		{
			"name": "Right Buckle",
			"from": [8.5, -2, 12.5],
			"to": [11.5, -1, 15.5],
			"rotation": {"angle": 0, "axis": "y", "origin": [0, 0, 6]},
			"faces": {
				"north": {"uv": [7, 9.75, 8, 10], "texture": "#0"},
				"east": {"uv": [4, 9.75, 5, 10], "texture": "#0"},
				"south": {"uv": [5, 9.75, 6, 10], "texture": "#0"},
				"west": {"uv": [6, 9.75, 7, 10], "texture": "#0"},
				"up": {"uv": [8, 10, 7, 9.75], "texture": "#0"},
				"down": {"uv": [3, 4, 2, 5], "texture": "#0"}
			}
		},
		{
			"name": "Left Leg",
			"from": [5, -1, 13],
			"to": [7, 8, 15],
			"rotation": {"angle": 0, "axis": "y", "origin": [0, 0, 6]},
			"faces": {
				"north": {"uv": [5.5, 7.5, 6, 9.75], "texture": "#0"},
				"east": {"uv": [4.25, 7.5, 4.75, 9.75], "texture": "#0"},
				"south": {"uv": [7, 7.5, 7.5, 9.75], "texture": "#0"},
				"west": {"uv": [6.25, 7.5, 6.75, 9.75], "texture": "#0"},
				"up": {"uv": [1.75, 4.75, 1.25, 4.25], "texture": "#0"},
				"down": {"uv": [1.75, 4.25, 1.25, 4.75], "texture": "#0"}
			}
		},
		{
			"name": "Left Shoe",
			"from": [4, -6, 9],
			"to": [8, -2, 16],
			"rotation": {"angle": 0, "axis": "y", "origin": [0, 0, 6]},
			"faces": {
				"north": {"uv": [5, 10, 6, 11], "texture": "#0"},
				"east": {"uv": [6, 10, 7, 11], "texture": "#0"},
				"south": {"uv": [7, 10, 8, 11], "texture": "#0"},
				"west": {"uv": [4, 10, 5, 11], "texture": "#0"},
				"up": {"uv": [6, 10.25, 5, 10], "texture": "#0"},
				"down": {"uv": [3, 4, 2, 5], "texture": "#0"}
			}
		},
		{
			"name": "Left Buckle",
			"from": [4.5, -2, 12.5],
			"to": [7.5, -1, 15.5],
			"rotation": {"angle": 0, "axis": "y", "origin": [0, 0, 6]},
			"faces": {
				"north": {"uv": [5, 9.75, 6, 10], "texture": "#0"},
				"east": {"uv": [6, 9.75, 7, 10], "texture": "#0"},
				"south": {"uv": [7, 9.75, 8, 10], "texture": "#0"},
				"west": {"uv": [4, 9.75, 5, 10], "texture": "#0"},
				"up": {"uv": [6, 10, 5, 9.75], "texture": "#0"},
				"down": {"uv": [3, 4, 2, 5], "texture": "#0"}
			}
		}
	],
	"display": {
		"thirdperson_righthand": {
			"rotation": [90, 0, 0],
			"translation": [-6, 4, 2]
		},
		"thirdperson_lefthand": {
			"rotation": [90, 0, 0],
			"translation": [-6, 4, 2]
		},
		"head": {
			"translation": [0, -20.75, -9.75],
			"scale": [1.61, 1.61, 1.61]
		}
	},
	"groups": [
		{
			"name": "Body",
			"origin": [0, 24, 0],
			"color": 0,
			"children": [0, 1, 2, 3]
		},
		{
			"name": "RightLeg",
			"origin": [1.9, 12, 0],
			"color": 0,
			"children": [4, 5, 6]
		},
		{
			"name": "LeftLeg",
			"origin": [-1.9, 12, 0],
			"color": 0,
			"children": [7, 8, 9]
		}
	]
}