{
	"credit": "Made by Peeter100 for the TTT Project using Blockbench",
	"texture_size": [64, 64],
	"textures": {
		"0": "entity/player/shadow"
	},
	"elements": [
		{
			"name": "Left Arm",
			"from": [1, 8, 13],
			"to": [3, 18, 15],
			"rotation": {"angle": 0, "axis": "z", "origin": [0, 0, 6]},
			"faces": {
				"north": {"uv": [13.25, 5, 13.75, 7.5], "texture": "#0"},
				"east": {"uv": [12.25, 5, 12.75, 7.5], "texture": "#0"},
				"south": {"uv": [11.25, 5, 11.75, 7.5], "texture": "#0"},
				"west": {"uv": [10.25, 5, 10.75, 7.5], "texture": "#0"},
				"up": {"uv": [11.75, 4.75, 11.25, 4.25], "texture": "#0"},
				"down": {"uv": [12.75, 4.25, 12.25, 4.75], "texture": "#0"}
			}
		},
		{
			"name": "Left Arm Glove",
			"from": [0, 2, 12],
			"to": [4, 7, 16],
			"rotation": {"angle": 0, "axis": "z", "origin": [0, 0, 6]},
			"faces": {
				"north": {"uv": [13, 7.75, 14, 9], "texture": "#0"},
				"east": {"uv": [12, 7.75, 13, 9], "texture": "#0"},
				"south": {"uv": [11, 7.75, 12, 9], "texture": "#0"},
				"west": {"uv": [10, 7.75, 11, 9], "texture": "#0"},
				"up": {"uv": [14, 8, 13, 7.75], "texture": "#0"},
				"down": {"uv": [13, 4, 12, 5], "texture": "#0"}
			}
		},
		{
			"name": "Left Arm Buckle",
			"from": [0.5, 7, 12.5],
			"to": [3.5, 8, 15.5],
			"rotation": {"angle": 0, "axis": "y", "origin": [0, 0, 6]},
			"faces": {
				"north": {"uv": [13, 7.5, 14, 7.75], "texture": "#0"},
				"east": {"uv": [12, 7.5, 13, 7.75], "texture": "#0"},
				"south": {"uv": [11, 7.5, 12, 7.75], "texture": "#0"},
				"west": {"uv": [10, 7.5, 11, 7.75], "texture": "#0"},
				"up": {"uv": [14, 7.75, 13, 7.5], "texture": "#0"},
				"down": {"uv": [14, 7.5, 13, 7.75], "texture": "#0"}
			}
		}
	],
	"display": {
		"thirdperson_righthand": {
			"rotation": [90, 0, -11],
			"translation": [-6, 4, 1]
		},
		"thirdperson_lefthand": {
			"rotation": [90, 0, 11],
			"translation": [-6, 4, 1]
		},
		"head": {
			"translation": [0, -20.75, -9.75],
			"scale": [1.61, 1.61, 1.61]
		}
	},
	"groups": [
		{
			"name": "LeftArm",
			"origin": [-5, 22, 0],
			"color": 0,
			"children": [0, 1, 2]
		}
	]
}