{
	"credit": "Made by Peeter100 for the TTT Project using Blockbench",
	"texture_size": [64, 64],
	"textures": {
		"0": "entity/player/shadow"
	},
	"elements": [
		{
			"name": "Head",
			"from": [4, 18, 10],
			"to": [12, 26, 18],
			"rotation": {"angle": 0, "axis": "y", "origin": [0, 0, 6]},
			"faces": {
				"north": {"uv": [0, 0, 2, 2], "texture": "#0"},
				"east": {"uv": [0, 2, 2, 4], "texture": "#0"},
				"south": {"uv": [6, 2, 8, 4], "texture": "#0"},
				"west": {"uv": [4, 2, 6, 4], "texture": "#0"},
				"up": {"uv": [4, 2, 2, 0], "texture": "#0"},
				"down": {"uv": [6, 0, 4, 2], "texture": "#0"}
			}
		},
		{
			"name": "Top Quill",
			"from": [5, 19.5, 19.75],
			"to": [11, 22.5, 28.75],
			"rotation": {"angle": -22.5, "axis": "x", "origin": [0, 0, 6]},
			"faces": {
				"north": {"uv": [1.5, 8, 2, 9.5], "rotation": 90, "texture": "#0"},
				"east": {"uv": [1.5, 8, 2, 9.5], "rotation": 90, "texture": "#0"},
				"south": {"uv": [1.5, 8, 2, 9.5], "rotation": 90, "texture": "#0"},
				"west": {"uv": [1.5, 8, 2, 9.5], "rotation": 90, "texture": "#0"},
				"up": {"uv": [0, 8, 1.5, 10.25], "rotation": 180, "texture": "#0"},
				"down": {"uv": [1.5, 8, 2, 9.5], "rotation": 90, "texture": "#0"}
			}
		},
		{
			"name": "Behind Quill",
			"from": [5, 24.5, 7.25],
			"to": [11, 27.5, 12.75],
			"rotation": {"angle": 22.5, "axis": "x", "origin": [0, 0, 6]},
			"faces": {
				"north": {"uv": [1.5, 8, 2, 9.5], "rotation": 90, "texture": "#0"},
				"east": {"uv": [1.5, 8, 2, 9.5], "rotation": 90, "texture": "#0"},
				"south": {"uv": [1.5, 8, 2, 9.5], "rotation": 90, "texture": "#0"},
				"west": {"uv": [1.5, 8, 2, 9.5], "rotation": 90, "texture": "#0"},
				"up": {"uv": [0, 8, 1.5, 9.25], "rotation": 180, "texture": "#0"},
				"down": {"uv": [1.5, 8, 2, 9.5], "rotation": 90, "texture": "#0"}
			}
		}
	],
	"display": {
		"thirdperson_righthand": {
			"rotation": [90, 0, 0],
			"translation": [-6, 4, 2]
		},
		"thirdperson_lefthand": {
			"rotation": [90, 0, 0],
			"translation": [-6, 4, 2]
		},
		"head": {
			"translation": [0, -21, -9.75],
			"scale": [1.61, 1.61, 1.61]
		}
	},
	"groups": [
		{
			"name": "Head",
			"origin": [0, 24, 0],
			"color": 0,
			"children": [0]
		},
		{
			"name": "Quills",
			"origin": [0, 0, 0],
			"color": 0,
			"children": [1, 2]
		}
	]
}