{
	"credit": "Made by Peeter100 for the TTT Project using Blockbench",
	"texture_size": [64, 64],
	"textures": {
		"0": "entity/player/tails"
	},
	"elements": [
		{
			"name": "Left Arm",
			"from": [1, 11, 10],
			"to": [3, 18, 12],
			"rotation": {"angle": 0, "axis": "z", "origin": [2, 18, 11]},
			"faces": {
				"north": {"uv": [12.75, 5, 13.25, 6.75], "texture": "#0"},
				"east": {"uv": [12, 5, 12.5, 6.75], "texture": "#0"},
				"south": {"uv": [11, 5, 11.5, 6.75], "texture": "#0"},
				"west": {"uv": [10.25, 5, 10.75, 6.75], "texture": "#0"},
				"up": {"uv": [11.75, 4.75, 11.25, 4.25], "texture": "#0"},
				"down": {"uv": [10.75, 6.25, 10.25, 6.75], "texture": "#0"}
			}
		},
		{
			"name": "Left Arm Lower",
			"from": [4, 11, 10],
			"to": [9, 13, 12],
			"rotation": {"angle": -22.5, "axis": "z", "origin": [2, 18, 11]},
			"faces": {
				"north": {"uv": [12.75, 6.25, 13.25, 7.5], "rotation": 90, "texture": "#0"},
				"east": {"uv": [12.75, 4.25, 12.25, 4.75], "rotation": 270, "texture": "#0"},
				"south": {"uv": [11, 6.25, 11.5, 7.5], "rotation": 270, "texture": "#0"},
				"west": {"uv": [11.75, 4.75, 11.25, 4.25], "rotation": 270, "texture": "#0"},
				"up": {"uv": [12, 6.25, 12.5, 7.5], "rotation": 270, "texture": "#0"},
				"down": {"uv": [10.25, 6.25, 10.75, 7.5], "rotation": 270, "texture": "#0"}
			}
		},
		{
			"name": "Left Arm Glove",
			"from": [11, 10, 9],
			"to": [15, 14, 13],
			"rotation": {"angle": -22.5, "axis": "z", "origin": [2, 18, 11]},
			"faces": {
				"north": {"uv": [12.5, 8, 13.5, 9], "rotation": 90, "texture": "#0"},
				"east": {"uv": [11.75, 4, 12.75, 5], "rotation": 270, "texture": "#0"},
				"south": {"uv": [11, 8, 12, 9], "rotation": 270, "texture": "#0"},
				"west": {"uv": [13.5, 8.25, 12.5, 8], "rotation": 270, "texture": "#0"},
				"up": {"uv": [11.75, 8, 12.75, 9], "rotation": 270, "texture": "#0"},
				"down": {"uv": [10, 8, 11, 9], "rotation": 270, "texture": "#0"}
			}
		},
		{
			"name": "Left Arm Buckle",
			"from": [9, 10.5, 9.5],
			"to": [11, 13.5, 12.5],
			"rotation": {"angle": -22.5, "axis": "z", "origin": [2, 18, 11]},
			"faces": {
				"north": {"uv": [12.5, 7.5, 13.5, 7.75], "rotation": 90, "texture": "#0"},
				"east": {"uv": [13.5, 7.5, 12.5, 7.75], "rotation": 270, "texture": "#0"},
				"south": {"uv": [11, 7.5, 12, 7.75], "rotation": 270, "texture": "#0"},
				"west": {"uv": [13.5, 7.75, 12.5, 7.5], "rotation": 270, "texture": "#0"},
				"up": {"uv": [11.75, 7.5, 12.75, 7.75], "rotation": 270, "texture": "#0"},
				"down": {"uv": [10, 7.5, 11, 7.75], "rotation": 270, "texture": "#0"}
			}
		}
	],
	"display": {
		"thirdperson_righthand": {
			"rotation": [120, 0, 0],
			"translation": [-4.75, 5.5, 4.5]
		},
		"thirdperson_lefthand": {
			"rotation": [90, 0, 11],
			"translation": [-6, 1, 1]
		},
		"head": {
			"translation": [0, -20.75, -4.75],
			"scale": [1.61, 1.61, 1.61]
		}
	},
	"groups": [
		{
			"name": "LeftArm",
			"origin": [-5, 22, 0],
			"color": 0,
			"children": [0, 1, 2, 3]
		}
	]
}