{
	"credit": "Made by Peeter100 for the TTT Project using Blockbench",
	"texture_size": [64, 64],
	"textures": {
		"0": "entity/player/tails"
	},
	"elements": [
		{
			"name": "Head",
			"from": [4, 18, 7],
			"to": [12, 26, 15],
			"rotation": {"angle": 0, "axis": "y", "origin": [0, 0, 6]},
			"faces": {
				"north": {"uv": [0, 0, 2, 2], "texture": "#0"},
				"east": {"uv": [0, 2, 2, 4], "texture": "#0"},
				"south": {"uv": [6, 2, 8, 4], "texture": "#0"},
				"west": {"uv": [4, 2, 6, 4], "texture": "#0"},
				"up": {"uv": [4, 2, 2, 0], "texture": "#0"},
				"down": {"uv": [6, 0, 4, 2], "texture": "#0"}
			}
		},
		{
			"name": "Head Layer",
			"from": [3.75, 17.75, 6.75],
			"to": [12.25, 26.25, 15.25],
			"rotation": {"angle": 0, "axis": "y", "origin": [0, 0, 6]},
			"faces": {
				"north": {"uv": [10, 2, 12, 4], "texture": "#0"},
				"east": {"uv": [8, 2, 10, 4], "texture": "#0"},
				"west": {"uv": [12, 2, 14, 4], "texture": "#0"}
			}
		},
		{
			"name": "Friz",
			"from": [11, 24, 4],
			"to": [11, 30, 9],
			"rotation": {"angle": -45, "axis": "y", "origin": [11, 24, 5]},
			"faces": {
				"east": {"uv": [15.75, 0, 14.5, 1.5], "texture": "#0"},
				"west": {"uv": [14.5, 0, 15.75, 1.5], "texture": "#0"}
			}
		},
		{
			"name": "Mustachio 1",
			"from": [3, 17.75, 6.75],
			"to": [4, 22.75, 6.75],
			"faces": {
				"north": {"uv": [12.75, 2.75, 13, 4], "texture": "#0"}
			}
		},
		{
			"name": "Mustachio 2",
			"from": [12, 17.75, 6.75],
			"to": [13, 22.75, 6.75],
			"faces": {
				"north": {"uv": [12.75, 2.75, 13, 4], "texture": "#0"}
			}
		},
		{
			"name": "Ear 1",
			"from": [9, 24, 10],
			"to": [15, 30, 10],
			"rotation": {"angle": -22.5, "axis": "z", "origin": [9, 24, 10]},
			"faces": {
				"north": {"uv": [6, 0, 8, 2], "texture": "#0"},
				"south": {"uv": [10, 0, 8, 2], "texture": "#0"}
			}
		},
		{
			"name": "Ear 2",
			"from": [1, 24, 10],
			"to": [7, 30, 10],
			"rotation": {"angle": 22.5, "axis": "z", "origin": [7, 24, 10]},
			"faces": {
				"north": {"uv": [8, 0, 6, 2], "texture": "#0"},
				"south": {"uv": [8, 0, 10, 2], "texture": "#0"}
			}
		}
	],
	"display": {
		"thirdperson_righthand": {
			"rotation": [90, 0, 0],
			"translation": [-6, 1, 2]
		},
		"thirdperson_lefthand": {
			"rotation": [90, 0, 0],
			"translation": [-6, 1, 2]
		},
		"head": {
			"translation": [0, -21, -4.75],
			"scale": [1.61, 1.61, 1.61]
		}
	},
	"groups": [
		{
			"name": "Head",
			"origin": [0, 24, 0],
			"color": 0,
			"children": [0, 1, 2, 3, 4, 5, 6]
		}
	]
}