{
	"credit": "Made by Peeter100 for the TTT Project using Blockbench",
	"texture_size": [64, 64],
	"textures": {
		"0": "entity/player/tails",
		"1": "item/bracelet",
		"2": "block/gold_block",
		"particle": "entity/player/tails"
	},
	"elements": [
		{
			"name": "Right Arm",
			"from": [13, 8, 10],
			"to": [15, 18, 12],
			"rotation": {"angle": 0, "axis": "y", "origin": [0, 0, 6]},
			"faces": {
				"north": {"uv": [11, 5, 11.5, 7.5], "texture": "#0"},
				"east": {"uv": [10.25, 5, 10.75, 7.5], "texture": "#0"},
				"south": {"uv": [12.75, 5, 13.25, 7.5], "texture": "#0"},
				"west": {"uv": [12, 5, 12.5, 7.5], "texture": "#0"},
				"up": {"uv": [11.75, 4.75, 11.25, 4.25], "texture": "#0"},
				"down": {"uv": [11.75, 4.25, 11.25, 4.75], "texture": "#0"}
			}
		},
		{
			"name": "Right Arm Glove",
			"from": [12, 2, 9],
			"to": [16, 6, 13],
			"rotation": {"angle": 0, "axis": "y", "origin": [0, 0, 6]},
			"faces": {
				"north": {"uv": [11, 8, 12, 9], "texture": "#0"},
				"east": {"uv": [10, 8, 11, 9], "texture": "#0"},
				"south": {"uv": [12.5, 8, 13.5, 9], "texture": "#0"},
				"west": {"uv": [11.75, 8, 12.75, 9], "texture": "#0"},
				"up": {"uv": [12, 8.25, 11, 8], "texture": "#0"},
				"down": {"uv": [12.75, 4, 11.75, 5], "texture": "#0"}
			}
		},
		{
			"name": "Right Arm Buckle",
			"from": [12.5, 6, 9.5],
			"to": [15.5, 8, 12.5],
			"rotation": {"angle": 0, "axis": "y", "origin": [0, 0, 6]},
			"faces": {
				"north": {"uv": [11, 7.5, 11.75, 8], "texture": "#0"},
				"east": {"uv": [10, 7.5, 11, 8], "texture": "#0"},
				"south": {"uv": [12.5, 7.5, 13.5, 8], "texture": "#0"},
				"west": {"uv": [11.75, 7.5, 12.5, 8], "texture": "#0"},
				"up": {"uv": [12, 7.75, 11, 7.5], "texture": "#0"},
				"down": {"uv": [12, 7.5, 11, 7.75], "texture": "#0"}
			}
		},
		{
			"name": "Bracelet",
			"from": [12, 8, 9],
			"to": [16, 9, 13],
			"faces": {
				"north": {"uv": [0, 0.875, 16, 2.125], "texture": "#1"},
				"east": {"uv": [0, 0.875, 16, 2.125], "texture": "#1"},
				"south": {"uv": [0, 0.875, 16, 2.125], "texture": "#1"},
				"west": {"uv": [0, 0.875, 16, 2.125], "texture": "#1"},
				"up": {"uv": [0, 0, 16, 16], "texture": "#2"},
				"down": {"uv": [0, 0, 16, 16], "texture": "#2"}
			}
		}
	],
	"display": {
		"thirdperson_righthand": {
			"rotation": [90, 0, 11],
			"translation": [-6, -0.5, 1]
		},
		"thirdperson_lefthand": {
			"rotation": [90, 0, -11],
			"translation": [-6, -0.5, 1]
		},
		"head": {
			"translation": [0, -21, -4.75],
			"scale": [1.61, 1.61, 1.61]
		}
	},
	"groups": [
		{
			"name": "RightArm",
			"origin": [5, 22, 0],
			"color": 0,
			"children": [0, 1, 2, 3]
		}
	]
}