{
	"credit": "Made by Peeter100 for the TTT Project using Blockbench",
	"texture_size": [64, 64],
	"textures": {
		"1": "item/tablet",
		"particle": "entity/player/tails"
	},
	"elements": [
		{
			"name": "Top",
			"from": [3.5, 15.5, 0],
			"to": [6.5, 16, 2],
			"rotation": {"angle": 0, "axis": "z", "origin": [5, 20.25, 1]},
			"faces": {
				"north": {"uv": [2, 8, 5, 8.5], "rotation": 180, "texture": "#1"},
				"east": {"uv": [4.5, 0, 5, 0.5], "texture": "#1"},
				"south": {"uv": [2, 0, 5, 0.5], "texture": "#1"},
				"west": {"uv": [2, 0, 2.5, 0.5], "texture": "#1"},
				"up": {"uv": [2, 0, 5, 0.5], "texture": "#1"}
			}
		},
		{
			"name": "Top 1",
			"from": [3, 15, 0],
			"to": [4, 15.5, 2],
			"rotation": {"angle": 0, "axis": "z", "origin": [3.5, 19.75, 1]},
			"faces": {
				"north": {"uv": [1.5, 8.5, 2.5, 9], "texture": "#1"},
				"south": {"uv": [1.5, 0.5, 2.5, 1], "texture": "#1"},
				"west": {"uv": [1.5, 0.5, 2, 1], "texture": "#1"},
				"up": {"uv": [1.5, 0.5, 2.5, 1], "texture": "#1"},
				"down": {"uv": [1.5, 0.5, 2.5, 1], "texture": "#1"}
			}
		},
		{
			"name": "Top 2",
			"from": [2.5, 14.5, 0],
			"to": [3.5, 15, 2],
			"rotation": {"angle": 0, "axis": "z", "origin": [3, 19.25, 1]},
			"faces": {
				"north": {"uv": [1, 9, 2, 9.5], "rotation": 180, "texture": "#1"},
				"east": {"uv": [1.5, 1, 2, 1.5], "texture": "#1"},
				"south": {"uv": [1, 1, 2, 1.5], "texture": "#1"},
				"west": {"uv": [1, 1, 1.5, 1.5], "texture": "#1"},
				"up": {"uv": [1, 1, 2, 1.5], "texture": "#1"},
				"down": {"uv": [1, 1, 2, 1.5], "texture": "#1"}
			}
		},
		{
			"name": "Handle 1",
			"from": [2, 14, 0],
			"to": [3, 14.5, 2],
			"rotation": {"angle": 0, "axis": "z", "origin": [2.5, 18.75, 1]},
			"faces": {
				"north": {"uv": [0.5, 9.5, 1.5, 10], "rotation": 180, "texture": "#1"},
				"east": {"uv": [1, 1.5, 1.5, 2], "texture": "#1"},
				"south": {"uv": [0.5, 1.5, 1.5, 2], "texture": "#1"},
				"west": {"uv": [0.5, 1.5, 1, 2], "texture": "#1"},
				"up": {"uv": [0.5, 1.5, 1.5, 2], "texture": "#1"},
				"down": {"uv": [0.5, 1.5, 1.5, 2], "texture": "#1"}
			}
		},
		{
			"name": "Handle 2",
			"from": [1.5, 13.5, 0],
			"to": [2.5, 14, 2],
			"rotation": {"angle": 0, "axis": "z", "origin": [2, 18.25, 1]},
			"faces": {
				"north": {"uv": [0, 10, 1, 10.5], "rotation": 180, "texture": "#1"},
				"east": {"uv": [0.5, 2, 1, 2.5], "texture": "#1"},
				"south": {"uv": [0, 2, 1, 2.5], "texture": "#1"},
				"west": {"uv": [0, 2, 0.5, 2.5], "texture": "#1"},
				"up": {"uv": [0, 2, 1, 2.5], "texture": "#1"},
				"down": {"uv": [0, 2, 1, 2.5], "texture": "#1"}
			}
		},
		{
			"name": "Handle 3",
			"from": [1.5, 10.5, 0],
			"to": [2, 13.5, 2],
			"rotation": {"angle": 0, "axis": "z", "origin": [1.75, 16.5, 1]},
			"faces": {
				"north": {"uv": [0, 10.5, 0.5, 13.5], "texture": "#1"},
				"east": {"uv": [0, 2.5, 0.5, 5.5], "texture": "#1"},
				"south": {"uv": [0, 2.5, 0.5, 5.5], "texture": "#1"},
				"west": {"uv": [0, 2.5, 0.5, 5.5], "texture": "#1"},
				"up": {"uv": [0, 2.5, 0.5, 5.5], "texture": "#1"},
				"down": {"uv": [0, 2.5, 0.5, 5.5], "texture": "#1"}
			}
		},
		{
			"name": "Handle 4",
			"from": [1.5, 10, 0],
			"to": [2.5, 10.5, 2],
			"rotation": {"angle": 0, "axis": "z", "origin": [2, 14.75, 1]},
			"faces": {
				"north": {"uv": [0, 13.5, 1, 14], "rotation": 180, "texture": "#1"},
				"east": {"uv": [0.5, 5.5, 1, 6], "texture": "#1"},
				"south": {"uv": [0, 5.5, 1, 6], "texture": "#1"},
				"west": {"uv": [0, 5.5, 0.5, 6], "texture": "#1"},
				"up": {"uv": [0, 5.5, 1, 6], "texture": "#1"},
				"down": {"uv": [0, 5.5, 1, 6], "texture": "#1"}
			}
		},
		{
			"name": "Handle 5",
			"from": [2, 9.5, 0],
			"to": [3, 10, 2],
			"rotation": {"angle": 0, "axis": "z", "origin": [2, 14.75, 1]},
			"faces": {
				"north": {"uv": [0.5, 14, 1.5, 14.5], "rotation": 180, "texture": "#1"},
				"east": {"uv": [1, 6, 1.5, 6.5], "texture": "#1"},
				"south": {"uv": [0.5, 6, 1.5, 6.5], "texture": "#1"},
				"west": {"uv": [0.5, 6, 1, 6.5], "texture": "#1"},
				"up": {"uv": [0.5, 6, 1.5, 6.5], "texture": "#1"},
				"down": {"uv": [0.5, 6, 1.5, 6.5], "texture": "#1"}
			}
		},
		{
			"name": "Bottom",
			"from": [3.5, 8, 0],
			"to": [6.5, 8.5, 2],
			"rotation": {"angle": 0, "axis": "z", "origin": [5, 12.75, 1]},
			"faces": {
				"north": {"uv": [2, 15.5, 5, 16], "rotation": 180, "texture": "#1"},
				"east": {"uv": [2, 7.5, 2.5, 8], "texture": "#1"},
				"south": {"uv": [2, 7.5, 5, 8], "texture": "#1"},
				"west": {"uv": [4.5, 7.5, 5, 8], "texture": "#1"},
				"down": {"uv": [2, 7.5, 5, 8], "texture": "#1"}
			}
		},
		{
			"name": "Bottom 1",
			"from": [3, 8.5, 0],
			"to": [4, 9, 2],
			"rotation": {"angle": 0, "axis": "z", "origin": [5, 12.75, 1]},
			"faces": {
				"north": {"uv": [1.5, 15, 2.5, 15.5], "rotation": 180, "texture": "#1"},
				"south": {"uv": [1.5, 7, 2.5, 7.5], "texture": "#1"},
				"west": {"uv": [2, 7, 2.5, 7.5], "texture": "#1"},
				"up": {"uv": [1.5, 7, 2.5, 7.5], "texture": "#1"},
				"down": {"uv": [1.5, 7, 2.5, 7.5], "texture": "#1"}
			}
		},
		{
			"name": "Bottom 2",
			"from": [2.5, 9, 0],
			"to": [3.5, 9.5, 2],
			"rotation": {"angle": 0, "axis": "z", "origin": [5, 12.75, 1]},
			"faces": {
				"north": {"uv": [1, 14.5, 2, 15], "rotation": 180, "texture": "#1"},
				"east": {"uv": [1.5, 6.5, 2, 7], "texture": "#1"},
				"south": {"uv": [1, 6.5, 2, 7], "texture": "#1"},
				"west": {"uv": [1, 6.5, 1.5, 7], "texture": "#1"},
				"up": {"uv": [1, 6.5, 2, 7], "texture": "#1"},
				"down": {"uv": [1, 6.5, 2, 7], "texture": "#1"}
			}
		},
		{
			"name": "Top",
			"from": [12.5, 15.5, 0],
			"to": [15, 16, 2],
			"rotation": {"angle": 0, "axis": "z", "origin": [13.75, 20.25, 1]},
			"faces": {
				"north": {"uv": [11, 8, 13.5, 8.5], "rotation": 180, "texture": "#1"},
				"east": {"uv": [13, 0, 13.5, 0.5], "texture": "#1"},
				"south": {"uv": [11, 0, 13.5, 0.5], "texture": "#1"},
				"west": {"uv": [11, 0, 11.5, 0.5], "texture": "#1"},
				"up": {"uv": [11, 0, 13.5, 0.5], "texture": "#1"}
			}
		},
		{
			"name": "Bottom",
			"from": [12.5, 8, 0],
			"to": [15, 8.5, 2],
			"rotation": {"angle": 0, "axis": "z", "origin": [13.75, 12.75, 1]},
			"faces": {
				"north": {"uv": [11, 15.5, 13.5, 16], "rotation": 180, "texture": "#1"},
				"east": {"uv": [13, 7.5, 13.5, 8], "texture": "#1"},
				"south": {"uv": [11, 7.5, 13.5, 8], "texture": "#1"},
				"west": {"uv": [11, 7.5, 11.5, 8], "texture": "#1"},
				"down": {"uv": [11, 7.5, 13.5, 8], "texture": "#1"}
			}
		},
		{
			"name": "Strip 1",
			"from": [15, 8.5, 0],
			"to": [15.5, 15.5, 2],
			"rotation": {"angle": 0, "axis": "z", "origin": [15.25, 16.5, 1]},
			"faces": {
				"north": {"uv": [13.5, 8.5, 14, 15.5], "texture": "#1"},
				"east": {"uv": [13.5, 0.5, 14, 7.5], "texture": "#1"},
				"south": {"uv": [13.5, 0.5, 14, 7.5], "texture": "#1"},
				"up": {"uv": [13.5, 0.5, 14, 1], "texture": "#1"},
				"down": {"uv": [13.5, 7, 14, 7.5], "texture": "#1"}
			}
		},
		{
			"name": "Strip 2",
			"from": [15.5, 9, 0],
			"to": [16, 15, 2],
			"rotation": {"angle": 0, "axis": "z", "origin": [15.75, 16.5, 1]},
			"faces": {
				"north": {"uv": [14, 9, 14.5, 15], "texture": "#1"},
				"east": {"uv": [14, 1, 14.5, 7], "texture": "#1"},
				"south": {"uv": [14, 1, 14.5, 7], "texture": "#1"},
				"up": {"uv": [14, 1, 14.5, 1.5], "texture": "#1"},
				"down": {"uv": [14, 6.5, 14.5, 7], "texture": "#1"}
			}
		},
		{
			"name": "Strip 3",
			"from": [16, 9.5, 0],
			"to": [16.5, 14.5, 2],
			"rotation": {"angle": 0, "axis": "z", "origin": [15.75, 16.5, 1]},
			"faces": {
				"north": {"uv": [14.5, 9.5, 15, 14.5], "texture": "#1"},
				"east": {"uv": [14.5, 1.5, 15, 6.5], "texture": "#1"},
				"south": {"uv": [14.5, 1.5, 15, 6.5], "texture": "#1"},
				"up": {"uv": [14.5, 1.5, 15, 2], "texture": "#1"},
				"down": {"uv": [14.5, 6, 15, 6.5], "texture": "#1"}
			}
		},
		{
			"name": "Strip 4",
			"from": [16.5, 10, 0],
			"to": [17, 14, 2],
			"rotation": {"angle": 0, "axis": "z", "origin": [15.75, 16.5, 1]},
			"faces": {
				"north": {"uv": [15, 10, 15.5, 14], "texture": "#1"},
				"east": {"uv": [15, 2, 15.5, 6], "texture": "#1"},
				"south": {"uv": [15, 2, 15.5, 6], "texture": "#1"},
				"up": {"uv": [15, 2, 15.5, 2.5], "texture": "#1"},
				"down": {"uv": [15, 5.5, 15.5, 6], "texture": "#1"}
			}
		},
		{
			"name": "Strip 5",
			"from": [17, 10.5, 0],
			"to": [17.5, 13.5, 2],
			"rotation": {"angle": 0, "axis": "z", "origin": [15.75, 16.5, 1]},
			"faces": {
				"north": {"uv": [15.5, 10.5, 16, 13.5], "texture": "#1"},
				"east": {"uv": [15.5, 2.5, 16, 5.5], "texture": "#1"},
				"south": {"uv": [15.5, 2.5, 16, 5.5], "texture": "#1"},
				"up": {"uv": [15.5, 2.5, 16, 3], "texture": "#1"},
				"down": {"uv": [15.5, 5, 16, 5.5], "texture": "#1"}
			}
		},
		{
			"name": "Base",
			"from": [4, 8.5, 0],
			"to": [15, 15.5, 2],
			"rotation": {"angle": 0, "axis": "z", "origin": [9.5, 16.5, 1]},
			"faces": {
				"north": {"uv": [2.5, 8.5, 13.5, 15.5], "texture": "#1"},
				"south": {"uv": [2.5, 0.5, 13.5, 7.5], "texture": "#1"},
				"west": {"uv": [2.5, 0.5, 3.5, 7.5], "texture": "#1"},
				"up": {"uv": [2.5, 0.5, 13.5, 1], "texture": "#1"},
				"down": {"uv": [2.5, 7, 13.5, 7.5], "texture": "#1"}
			}
		},
		{
			"name": "Anthena 1",
			"from": [5, 15.75, 0.75],
			"to": [5.5, 17.25, 1.25],
			"rotation": {"angle": 22.5, "axis": "z", "origin": [5.25, 16, 1]},
			"faces": {
				"north": {"uv": [12, 2, 12.5, 3.5], "texture": "#1"},
				"east": {"uv": [12, 2, 12.5, 3.5], "texture": "#1"},
				"south": {"uv": [12, 2, 12.5, 3.5], "texture": "#1"},
				"west": {"uv": [12, 2, 12.5, 3.5], "texture": "#1"}
			}
		},
		{
			"name": "Anthena 2",
			"from": [13.5, 15.75, 0.75],
			"to": [14, 17.25, 1.25],
			"rotation": {"angle": -22.5, "axis": "z", "origin": [13.75, 16, 1]},
			"faces": {
				"north": {"uv": [12, 2, 12.5, 3.5], "texture": "#1"},
				"east": {"uv": [12, 2, 12.5, 3.5], "texture": "#1"},
				"south": {"uv": [12, 2, 12.5, 3.5], "texture": "#1"},
				"west": {"uv": [12, 2, 12.5, 3.5], "texture": "#1"}
			}
		},
		{
			"name": "Light 1",
			"from": [4, 16.75, 0.25],
			"to": [5.5, 18.25, 1.75],
			"rotation": {"angle": 22.5, "axis": "z", "origin": [4.75, 17.25, 1]},
			"faces": {
				"north": {"uv": [13.5, 3.5, 14.5, 4.5], "texture": "#1"},
				"east": {"uv": [13.5, 3.5, 14.5, 4.5], "texture": "#1"},
				"south": {"uv": [13.5, 3.5, 14.5, 4.5], "texture": "#1"},
				"west": {"uv": [13.5, 3.5, 14.5, 4.5], "texture": "#1"},
				"up": {"uv": [13.5, 3.5, 14.5, 4.5], "texture": "#1"},
				"down": {"uv": [13.5, 3.5, 14.5, 4.5], "texture": "#1"}
			}
		},
		{
			"name": "Light 2",
			"from": [13.5, 16.75, 0.25],
			"to": [15, 18.25, 1.75],
			"rotation": {"angle": -22.5, "axis": "z", "origin": [14.25, 17.25, 1]},
			"faces": {
				"north": {"uv": [13.5, 3.5, 14.5, 4.5], "texture": "#1"},
				"east": {"uv": [13.5, 3.5, 14.5, 4.5], "texture": "#1"},
				"south": {"uv": [13.5, 3.5, 14.5, 4.5], "texture": "#1"},
				"west": {"uv": [13.5, 3.5, 14.5, 4.5], "texture": "#1"},
				"up": {"uv": [13.5, 3.5, 14.5, 4.5], "texture": "#1"},
				"down": {"uv": [13.5, 3.5, 14.5, 4.5], "texture": "#1"}
			}
		}
	],
	"display": {
		"thirdperson_righthand": {
			"rotation": [60, 0, 0],
			"translation": [-5.5, -3, 6.5]
		},
		"thirdperson_lefthand": {
			"rotation": [60, 0, 0],
			"translation": [-6.5, -3, 6.5]
		},
		"head": {
			"translation": [0, -20.75, -4.75],
			"scale": [1.61, 1.61, 1.61]
		}
	},
	"groups": [
		{
			"name": "Electric",
			"origin": [8, 8, 8],
			"color": 0,
			"children": [
				{
					"name": "Handle",
					"origin": [8, 8, 8],
					"color": 0,
					"children": [0, 1, 2, 3, 4, 5, 6, 7, 8, 9, 10]
				},
				{
					"name": "Controls",
					"origin": [8, 8, 8],
					"color": 0,
					"children": [11, 12, 13, 14, 15, 16, 17]
				},
				18,
				19,
				20,
				21,
				22
			]
		}
	]
}