{
	"credit": "Made by Peeter100 for the TTT Project using Blockbench",
	"texture_size": [64, 64],
	"textures": {
		"0": "entity/player/tails"
	},
	"elements": [
		{
			"name": "Right Leg",
			"from": [9, 2, 10],
			"to": [11, 8, 12],
			"rotation": {"angle": 0, "axis": "y", "origin": [0, 0, 6]},
			"faces": {
				"north": {"uv": [7, 12.5, 7.5, 14], "texture": "#0"},
				"east": {"uv": [6.25, 12.5, 6.75, 14], "texture": "#0"},
				"south": {"uv": [5.25, 12.5, 5.75, 14], "texture": "#0"},
				"west": {"uv": [4.5, 12.5, 5, 14], "texture": "#0"},
				"up": {"uv": [1.75, 4.75, 1.25, 4.25], "texture": "#0"},
				"down": {"uv": [1.75, 4.25, 1.25, 4.75], "texture": "#0"}
			}
		},
		{
			"name": "Right Shoe",
			"from": [8, -4, 6],
			"to": [12, 0, 13],
			"rotation": {"angle": 0, "axis": "y", "origin": [0, 0, 6]},
			"faces": {
				"north": {"uv": [5, 15, 6, 16], "texture": "#0"},
				"east": {"uv": [4, 15, 5, 16], "texture": "#0"},
				"south": {"uv": [7, 15, 8, 16], "texture": "#0"},
				"west": {"uv": [6, 15, 7, 16], "texture": "#0"},
				"up": {"uv": [5.25, 15, 7.25, 15.5], "rotation": 90, "texture": "#0"},
				"down": {"uv": [3, 4, 2, 5], "texture": "#0"}
			}
		},
		{
			"name": "Right Buckle",
			"from": [8.5, 0, 9.5],
			"to": [11.5, 2, 12.5],
			"rotation": {"angle": 0, "axis": "y", "origin": [0, 0, 6]},
			"faces": {
				"north": {"uv": [7, 14.5, 7.5, 15], "texture": "#0"},
				"east": {"uv": [6.25, 14.5, 6.75, 15], "texture": "#0"},
				"south": {"uv": [5.25, 14.5, 5.75, 15], "texture": "#0"},
				"west": {"uv": [4.5, 14.5, 5, 15], "texture": "#0"},
				"up": {"uv": [6.75, 15, 6.25, 14.5], "texture": "#0"},
				"down": {"uv": [5.75, 14.5, 5.25, 15], "texture": "#0"}
			}
		}
	],
	"display": {
		"thirdperson_righthand": {
			"rotation": [180, 0, 10],
			"translation": [-6, -2, 4]
		},
		"thirdperson_lefthand": {
			"rotation": [180, 0, -10],
			"translation": [-6, -2, 4]
		},
		"head": {
			"translation": [0, -20.75, -4.75],
			"scale": [1.61, 1.61, 1.61]
		}
	},
	"groups": [
		{
			"name": "RightLeg",
			"origin": [1.9, 12, 0],
			"color": 0,
			"children": [0, 1, 2]
		}
	]
}