{
	"credit": "Made by Peeter100 for the TTT Project using Blockbench",
	"texture_size": [64, 64],
	"textures": {
		"0": "entity/player/tails",
		"particle": "entity/player/tails"
	},
	"elements": [
		{
			"name": "Body",
			"from": [4, 8, 9],
			"to": [12, 18, 13],
			"rotation": {"angle": 0, "axis": "y", "origin": [0, 0, 6]},
			"faces": {
				"north": {"uv": [5, 5, 7, 7.5], "texture": "#0"},
				"east": {"uv": [4, 5, 5, 7.5], "texture": "#0"},
				"south": {"uv": [8, 5, 10, 7.5], "texture": "#0"},
				"west": {"uv": [7, 5, 8, 7.5], "texture": "#0"},
				"up": {"uv": [7, 5, 5, 4], "texture": "#0"},
				"down": {"uv": [9, 4, 7, 5], "texture": "#0"}
			}
		},
		{
			"name": "Body Layer",
			"from": [3.5, 10.75, 8.75],
			"to": [12.5, 18.25, 13.25],
			"rotation": {"angle": 0, "axis": "y", "origin": [0, 0, 6]},
			"faces": {
				"north": {"uv": [5, 8.5, 7, 10.25], "texture": "#0"}
			}
		},
		{
			"name": "Right Leg",
			"from": [9, 4, 10],
			"to": [11, 8, 12],
			"rotation": {"angle": 45, "axis": "x", "origin": [10, 8, 11]},
			"faces": {
				"north": {"uv": [7, 12.5, 7.5, 13.5], "texture": "#0"},
				"east": {"uv": [6.25, 12.5, 6.75, 13.5], "texture": "#0"},
				"south": {"uv": [5.25, 12.5, 5.75, 13.5], "texture": "#0"},
				"west": {"uv": [4.5, 12.5, 5, 13.5], "texture": "#0"},
				"up": {"uv": [1.75, 4.75, 1.25, 4.25], "texture": "#0"},
				"down": {"uv": [1.75, 4.25, 1.25, 4.75], "texture": "#0"}
			}
		},
		{
			"name": "Right Leg Lower",
			"from": [9, 3.75, 7.5],
			"to": [11, 5.75, 9.5],
			"rotation": {"angle": 0, "axis": "x", "origin": [10, 8, 11]},
			"faces": {
				"north": {"uv": [7, 13.5, 7.5, 14], "texture": "#0"},
				"east": {"uv": [6.25, 13.5, 6.75, 14], "texture": "#0"},
				"south": {"uv": [5.25, 13.5, 5.75, 14], "texture": "#0"},
				"west": {"uv": [4.5, 13.5, 5, 14], "texture": "#0"},
				"up": {"uv": [1.75, 4.75, 1.25, 4.25], "texture": "#0"},
				"down": {"uv": [1.75, 4.25, 1.25, 4.75], "texture": "#0"}
			}
		},
		{
			"name": "Right Shoe",
			"from": [8, -2, 3.5],
			"to": [12, 2, 10.5],
			"rotation": {"angle": 0, "axis": "x", "origin": [10, 1, 2]},
			"faces": {
				"north": {"uv": [5, 15, 6, 16], "texture": "#0"},
				"east": {"uv": [4, 15, 5, 16], "texture": "#0"},
				"south": {"uv": [7, 15, 8, 16], "texture": "#0"},
				"west": {"uv": [6, 15, 7, 16], "texture": "#0"},
				"up": {"uv": [5.25, 15, 7.25, 15.5], "rotation": 90, "texture": "#0"},
				"down": {"uv": [3, 4, 2, 5], "texture": "#0"}
			}
		},
		{
			"name": "Right Buckle",
			"from": [8.5, 2, 7],
			"to": [11.5, 4, 10],
			"rotation": {"angle": 0, "axis": "x", "origin": [6, 1.5, 4.5]},
			"faces": {
				"north": {"uv": [7, 14.5, 7.5, 15], "texture": "#0"},
				"east": {"uv": [6.25, 14.5, 6.75, 15], "texture": "#0"},
				"south": {"uv": [5.25, 14.5, 5.75, 15], "texture": "#0"},
				"west": {"uv": [4.5, 14.5, 5, 15], "texture": "#0"},
				"up": {"uv": [6.75, 15, 6.25, 14.5], "texture": "#0"},
				"down": {"uv": [5.75, 14.5, 5.25, 15], "texture": "#0"}
			}
		},
		{
			"name": "Left Leg",
			"from": [5, 4, 10],
			"to": [7, 8, 12],
			"rotation": {"angle": 45, "axis": "x", "origin": [6, 8, 11]},
			"faces": {
				"north": {"uv": [5.5, 12.5, 6, 13.5], "texture": "#0"},
				"east": {"uv": [4.5, 12.5, 5, 13.5], "texture": "#0"},
				"south": {"uv": [7, 12.5, 7.5, 13.5], "texture": "#0"},
				"west": {"uv": [6.25, 12.5, 6.75, 13.5], "texture": "#0"},
				"up": {"uv": [1.75, 4.75, 1.25, 4.25], "texture": "#0"},
				"down": {"uv": [1.75, 4.25, 1.25, 4.75], "texture": "#0"}
			}
		},
		{
			"name": "Left Leg Lower",
			"from": [5, 3.75, 7.5],
			"to": [7, 5.75, 9.5],
			"rotation": {"angle": 0, "axis": "x", "origin": [6, 10, 11]},
			"faces": {
				"north": {"uv": [5.5, 13.5, 6, 14], "texture": "#0"},
				"east": {"uv": [4.5, 13.5, 5, 14], "texture": "#0"},
				"south": {"uv": [7, 13.5, 7.5, 14], "texture": "#0"},
				"west": {"uv": [6.25, 13.5, 6.75, 14], "texture": "#0"},
				"up": {"uv": [1.75, 4.75, 1.25, 4.25], "texture": "#0"},
				"down": {"uv": [1.75, 4.25, 1.25, 4.75], "texture": "#0"}
			}
		},
		{
			"name": "Left Shoe",
			"from": [4, -4.25, 3.5],
			"to": [8, -0.25, 10.5],
			"rotation": {"angle": -22.5, "axis": "x", "origin": [6, 3, 2]},
			"faces": {
				"north": {"uv": [5, 15, 6, 16], "texture": "#0"},
				"east": {"uv": [4, 15, 5, 16], "texture": "#0"},
				"south": {"uv": [7, 15, 8, 16], "texture": "#0"},
				"west": {"uv": [6, 15, 7, 16], "texture": "#0"},
				"up": {"uv": [5.25, 15, 7.25, 15.5], "rotation": 90, "texture": "#0"},
				"down": {"uv": [3, 4, 2, 5], "texture": "#0"}
			}
		},
		{
			"name": "Left Buckle",
			"from": [4.5, 0.75, 7],
			"to": [7.5, 2.75, 10],
			"rotation": {"angle": -22.5, "axis": "x", "origin": [6, 3.5, 4.5]},
			"faces": {
				"north": {"uv": [7, 14.5, 7.5, 15], "texture": "#0"},
				"east": {"uv": [6.25, 14.5, 6.75, 15], "texture": "#0"},
				"south": {"uv": [5.25, 14.5, 5.75, 15], "texture": "#0"},
				"west": {"uv": [4.5, 14.5, 5, 15], "texture": "#0"},
				"up": {"uv": [6.75, 15, 6.25, 14.5], "texture": "#0"},
				"down": {"uv": [5.75, 14.5, 5.25, 15], "texture": "#0"}
			}
		},
		{
			"name": "Tail 1",
			"from": [7, 9, 12],
			"to": [8, 10, 14.5],
			"rotation": {"angle": 22.5, "axis": "y", "origin": [6.5, 9.5, 13]},
			"faces": {
				"east": {"uv": [15.75, 6.75, 16, 7], "texture": "#0"},
				"west": {"uv": [15.75, 6.75, 16, 7], "texture": "#0"},
				"up": {"uv": [15.75, 6.75, 16, 7], "texture": "#0"},
				"down": {"uv": [15.75, 6.75, 16, 7], "texture": "#0"}
			}
		},
		{
			"name": "Tail 2",
			"from": [8, 9, 12],
			"to": [9, 10, 14.5],
			"rotation": {"angle": -22.5, "axis": "y", "origin": [9.5, 9.5, 13]},
			"faces": {
				"east": {"uv": [15.75, 6.75, 16, 7], "texture": "#0"},
				"west": {"uv": [15.75, 6.75, 16, 7], "texture": "#0"},
				"up": {"uv": [15.75, 6.75, 16, 7], "texture": "#0"},
				"down": {"uv": [15.75, 6.75, 16, 7], "texture": "#0"}
			}
		},
		{
			"name": "Tail 3",
			"from": [6.5, 9, 15.75],
			"to": [7.5, 10, 17.5],
			"rotation": {"angle": 22.5, "axis": "y", "origin": [6.5, 9.5, 13]},
			"faces": {
				"east": {"uv": [15.75, 6.75, 16, 7], "texture": "#0"},
				"west": {"uv": [15.75, 6.75, 16, 7], "texture": "#0"},
				"up": {"uv": [15.75, 6.75, 16, 7], "texture": "#0"},
				"down": {"uv": [15.75, 6.75, 16, 7], "texture": "#0"}
			}
		},
		{
			"name": "Tail 4",
			"from": [8.5, 9, 15.75],
			"to": [9.5, 10, 17.5],
			"rotation": {"angle": -22.5, "axis": "y", "origin": [9.5, 9.5, 13]},
			"faces": {
				"east": {"uv": [15.75, 6.75, 16, 7], "texture": "#0"},
				"west": {"uv": [15.75, 6.75, 16, 7], "texture": "#0"},
				"up": {"uv": [15.75, 6.75, 16, 7], "texture": "#0"},
				"down": {"uv": [15.75, 6.75, 16, 7], "texture": "#0"}
			}
		},
		{
			"name": "Tail",
			"from": [7.5, 9, 12],
			"to": [8.5, 10, 17],
			"rotation": {"angle": 0, "axis": "y", "origin": [6.5, 9.5, 13]},
			"faces": {
				"east": {"uv": [15.75, 6.75, 16, 7], "texture": "#0"},
				"west": {"uv": [15.75, 6.75, 16, 7], "texture": "#0"},
				"up": {"uv": [15.75, 6.75, 16, 7], "texture": "#0"},
				"down": {"uv": [15.75, 6.75, 16, 7], "texture": "#0"}
			}
		}
	],
	"display": {
		"thirdperson_righthand": {
			"rotation": [25, 0, 0],
			"translation": [-6, -9.5, 5]
		},
		"thirdperson_lefthand": {
			"rotation": [25, 0, 0],
			"translation": [-6, -9.5, 5]
		},
		"head": {
			"rotation": [-65, 0, 0],
			"translation": [0, -16, 12],
			"scale": [1.61, 1.61, 1.61]
		}
	},
	"groups": [
		{
			"name": "Body",
			"origin": [0, 24, 0],
			"color": 0,
			"children": [0, 1]
		},
		{
			"name": "RightLeg",
			"origin": [1.9, 12, 0],
			"color": 0,
			"children": [2, 3, 4, 5]
		},
		{
			"name": "LeftLeg",
			"origin": [-1.9, 12, 0],
			"color": 0,
			"children": [6, 7, 8, 9]
		},
		{
			"name": "Tails",
			"origin": [8, 8, 8],
			"color": 0,
			"children": [10, 11, 12, 13, 14]
		}
	]
}