{
  "parent": "minecraft:item/generated",
  "textures": {
    "layer0": "minecraft:fnf/arrow_right"
  },
    "display": {
        "thirdperson_righthand": {
			"rotation": [ 90, 0, 0 ],
            "translation": [ -6, 3, -3.5 ],
            "scale": [ 0.95, 0.95, 0.95 ]
        },
        "thirdperson_lefthand": {
            "scale": [ 0, 0, 0 ]
        },
        "firstperson_righthand": {
            "scale": [ 0, 0, 0 ]
        },
        "firstperson_lefthand": {
            "scale": [ 0, 0, 0 ]
        },
		 "ground": {
            "scale":[ 0, 0, 0 ]
        },
        "gui": {
            "scale": [ 0, 0, 0 ]
        }
	}
}