{
	"credit": "Made by Peeter100 for the TTT Project using Blockbench",
	"texture_size": [64, 64],
	"textures": {
		"0": "entity/player/boyfriend"
	},
	"elements": [
		{
			"name": "Right Arm",
			"from": [12, 18, 6],
			"to": [16, 24, 10],
			"faces": {
				"north": {"uv": [11, 5, 12, 6.5], "texture": "#0"},
				"east": {"uv": [10, 5, 11, 6.5], "texture": "#0"},
				"south": {"uv": [13, 5, 14, 6.5], "texture": "#0"},
				"west": {"uv": [12, 5, 13, 6.5], "texture": "#0"},
				"up": {"uv": [12, 5, 11, 4], "texture": "#0"},
				"down": {"uv": [13, 4, 12, 5], "texture": "#0"}
			}
		},
		{
			"name": "Right Arm",
			"from": [6, 14, 6],
			"to": [16, 18, 10],
			"faces": {
				"north": {"uv": [11, 6.5, 12, 8], "rotation": 270, "texture": "#0"},
				"east": {"uv": [13, 5, 12, 4], "rotation": 90, "texture": "#0"},
				"south": {"uv": [13, 6.5, 14, 8], "rotation": 90, "texture": "#0"},
				"west": {"uv": [13, 4, 12, 5], "rotation": 90, "texture": "#0"},
				"up": {"uv": [12, 6.5, 13, 8], "rotation": 90, "texture": "#0"},
				"down": {"uv": [10, 6.5, 11, 8], "rotation": 90, "texture": "#0"}
			}
		},
		{
			"name": "Base",
			"from": [7, 15, 4],
			"to": [9, 17, 7],
			"faces": {
				"north": {"uv": [14.25, 8.75, 14.75, 9.25], "rotation": 270, "texture": "#0"},
				"east": {"uv": [14.75, 8.75, 14.25, 8], "rotation": 90, "texture": "#0"},
				"south": {"uv": [15.5, 8.75, 16, 9.25], "rotation": 90, "texture": "#0"},
				"west": {"uv": [15.25, 8, 14.75, 8.75], "rotation": 90, "texture": "#0"},
				"up": {"uv": [14.75, 8.75, 15.5, 9.25], "rotation": 90, "texture": "#0"},
				"down": {"uv": [13.5, 8.75, 14.25, 9.25], "rotation": 90, "texture": "#0"}
			}
		},
		{
			"name": "Top",
			"from": [7, 14, 0],
			"to": [9, 18, 4],
			"faces": {
				"north": {"uv": [13, 10.75, 14, 11.25], "rotation": 270, "texture": "#0"},
				"east": {"uv": [14, 10.75, 13, 9.75], "rotation": 90, "texture": "#0"},
				"south": {"uv": [15, 10.75, 16, 11.25], "rotation": 90, "texture": "#0"},
				"west": {"uv": [15, 9.75, 14, 10.75], "rotation": 90, "texture": "#0"},
				"up": {"uv": [14, 10.75, 15, 11.25], "rotation": 90, "texture": "#0"},
				"down": {"uv": [12, 10.75, 13, 11.25], "rotation": 90, "texture": "#0"}
			}
		},
		{
			"name": "Top 2",
			"from": [6, 15, 0],
			"to": [10, 17, 4],
			"faces": {
				"north": {"uv": [13.5, 10.75, 14, 11.75], "rotation": 270, "texture": "#0"},
				"east": {"uv": [14, 10.75, 13.5, 9.75], "rotation": 90, "texture": "#0"},
				"south": {"uv": [15, 10.75, 15.5, 11.75], "rotation": 90, "texture": "#0"},
				"west": {"uv": [14.5, 9.75, 14, 10.75], "rotation": 90, "texture": "#0"},
				"up": {"uv": [14, 10.75, 15, 11.75], "rotation": 90, "texture": "#0"},
				"down": {"uv": [12.5, 10.75, 13.5, 11.75], "rotation": 90, "texture": "#0"}
			}
		},
		{
			"name": "Top 3",
			"from": [6, 14, 1],
			"to": [10, 18, 3],
			"faces": {
				"north": {"uv": [12.5, 10.75, 13.5, 11.75], "rotation": 270, "texture": "#0"},
				"east": {"uv": [13.5, 10.75, 12.5, 10.25], "rotation": 90, "texture": "#0"},
				"south": {"uv": [14, 10.75, 15, 11.75], "rotation": 90, "texture": "#0"},
				"west": {"uv": [14.5, 10.25, 13.5, 10.75], "rotation": 90, "texture": "#0"},
				"up": {"uv": [13.5, 10.75, 14, 11.75], "rotation": 90, "texture": "#0"},
				"down": {"uv": [12, 10.75, 12.5, 11.75], "rotation": 90, "texture": "#0"}
			}
		}
	],
	"display": {
		"thirdperson_righthand": {
			"rotation": [90, 0, 0],
			"translation": [-6, -2, -4]
		},
		"head": {
			"rotation": [74, 0, 0],
			"translation": [0, -15.25, -21.5],
			"scale": [1.6, 1.6, 1.6]
		}
	},
	"groups": [
		{
			"name": "RightArm",
			"origin": [5, 22, 0],
			"color": 0,
			"children": [0]
		},
		{
			"name": "RightArm",
			"origin": [5, 22, 0],
			"color": 0,
			"children": [1]
		},
		{
			"name": "Mic",
			"origin": [8, 8, 8],
			"color": 0,
			"children": [2, 3, 4, 5]
		}
	]
}