{
	"credit": "Made by Peeter100 for the TTT Project using Blockbench",
	"texture_size": [64, 64],
	"textures": {
		"0": "entity/player/boyfriend"
	},
	"elements": [
		{
			"name": "Left Leg",
			"from": [4, 5, 6],
			"to": [8, 10, 10],
			"faces": {
				"north": {"uv": [5, 13.5, 6, 14.75], "texture": "#0"},
				"east": {"uv": [4, 13.5, 5, 14.75], "texture": "#0"},
				"south": {"uv": [7, 13.5, 8, 14.75], "texture": "#0"},
				"west": {"uv": [6, 13.5, 7, 14.75], "texture": "#0"},
				"up": {"uv": [6, 13, 5, 12], "texture": "#0"},
				"down": {"uv": [6, 12, 5, 13], "texture": "#0"}
			}
		},
		{
			"name": "Left Leg",
			"from": [4, -6.25, 7.75],
			"to": [8, -1.25, 11.75],
			"rotation": {"angle": -45, "axis": "x", "origin": [0, 0, 0]},
			"faces": {
				"north": {"uv": [5, 14.75, 6, 16], "texture": "#0"},
				"east": {"uv": [4, 14.75, 5, 16], "texture": "#0"},
				"south": {"uv": [7, 14.75, 8, 16], "texture": "#0"},
				"west": {"uv": [6, 14.75, 7, 16], "texture": "#0"},
				"up": {"uv": [6, 13, 5, 12], "texture": "#0"},
				"down": {"uv": [6, 12, 5, 13], "texture": "#0"}
			}
		},
		{
			"name": "Left Leg Layer",
			"from": [3.75, -6.5, 7.5],
			"to": [8.25, -1, 12],
			"rotation": {"angle": -45, "axis": "x", "origin": [0, 0, 0]},
			"faces": {
				"north": {"uv": [1, 14.75, 2, 16], "texture": "#0"},
				"east": {"uv": [0, 14.75, 1, 16], "texture": "#0"},
				"south": {"uv": [3, 14.75, 4, 16], "texture": "#0"},
				"west": {"uv": [2, 14.75, 3, 16], "texture": "#0"},
				"up": {"uv": [2, 13, 1, 12], "texture": "#0"},
				"down": {"uv": [3, 12, 2, 13], "texture": "#0"}
			}
		}
	],
	"display": {
		"thirdperson_righthand": {
			"rotation": [85, 0, 0],
			"translation": [-6, -2, -4]
		}
	},
	"groups": [
		{
			"name": "LeftLeg",
			"origin": [-1.9, 12, 0],
			"color": 0,
			"children": [0]
		},
		{
			"name": "LeftLeg",
			"origin": [-1.9, 12, 0],
			"color": 0,
			"children": [1, 2]
		}
	]
}