{
	"credit": "Made by Peeter100 for the TTT Project using Blockbench",
	"texture_size": [64, 64],
	"textures": {
		"0": "entity/player/boyfriend"
	},
	"elements": [
		{
			"name": "Right Leg",
			"from": [8, 7, -3],
			"to": [12, 12, 1],
			"rotation": {"angle": 45, "axis": "x", "origin": [0, 0, 0]},
			"faces": {
				"north": {"uv": [1, 5.5, 2, 6.75], "texture": "#0"},
				"east": {"uv": [0, 5.5, 1, 6.75], "texture": "#0"},
				"south": {"uv": [3, 5.5, 4, 6.75], "texture": "#0"},
				"west": {"uv": [2, 5.5, 3, 6.75], "texture": "#0"},
				"up": {"uv": [2, 5, 1, 4], "texture": "#0"},
				"down": {"uv": [2, 4, 1, 5], "texture": "#0"}
			}
		},
		{
			"name": "Right Leg",
			"from": [8, 2, 2.75],
			"to": [12, 7, 6.75],
			"faces": {
				"north": {"uv": [1, 6.75, 2, 8], "texture": "#0"},
				"east": {"uv": [0, 6.75, 1, 8], "texture": "#0"},
				"south": {"uv": [3, 6.75, 4, 8], "texture": "#0"},
				"west": {"uv": [2, 6.75, 3, 8], "texture": "#0"},
				"up": {"uv": [2, 5, 1, 4], "texture": "#0"},
				"down": {"uv": [2, 4, 1, 5], "texture": "#0"}
			}
		},
		{
			"name": "Right Leg Layer",
			"from": [7.75, 1.75, 2.5],
			"to": [12.25, 7.25, 7],
			"faces": {
				"north": {"uv": [1, 10.75, 2, 12], "texture": "#0"},
				"east": {"uv": [0, 10.75, 1, 12], "texture": "#0"},
				"south": {"uv": [3, 10.75, 4, 12], "texture": "#0"},
				"west": {"uv": [2, 10.75, 3, 12], "texture": "#0"},
				"up": {"uv": [2, 9, 1, 8], "texture": "#0"},
				"down": {"uv": [3, 8, 2, 9], "texture": "#0"}
			}
		}
	],
	"display": {
		"thirdperson_righthand": {
			"rotation": [85, 0, 0],
			"translation": [-6, -2.25, -4]
		},
		"thirdperson_lefthand": {
			"rotation": [85, 0, 0],
			"translation": [-6, -2.25, -4]
		}
	},
	"groups": [
		{
			"name": "RightLeg",
			"origin": [1.9, 12, 0],
			"color": 0,
			"children": [0]
		},
		{
			"name": "RightLeg",
			"origin": [1.9, 12, 0],
			"color": 0,
			"children": [1, 2]
		}
	]
}