{
	"credit": "Made by Peeter100 for the TTT Project using Blockbench",
	"texture_size": [64, 64],
	"textures": {
		"0": "entity/player/boyfriend"
	},
	"elements": [
		{
			"name": "Left Leg",
			"from": [4, 2, 6],
			"to": [8, 12, 10],
			"faces": {
				"north": {"uv": [5, 13.5, 6, 16], "texture": "#0"},
				"east": {"uv": [4, 13.5, 5, 16], "texture": "#0"},
				"south": {"uv": [7, 13.5, 8, 16], "texture": "#0"},
				"west": {"uv": [6, 13.5, 7, 16], "texture": "#0"},
				"up": {"uv": [6, 13, 5, 12], "texture": "#0"},
				"down": {"uv": [7, 12, 6, 13], "texture": "#0"}
			}
		},
		{
			"name": "Left Leg Layer",
			"from": [3.75, 1.75, 5.75],
			"to": [8.25, 12.25, 10.25],
			"faces": {
				"north": {"uv": [1, 13.5, 2, 16], "texture": "#0"},
				"east": {"uv": [0, 13.5, 1, 16], "texture": "#0"},
				"south": {"uv": [3, 13.5, 4, 16], "texture": "#0"},
				"west": {"uv": [2, 13.5, 3, 16], "texture": "#0"},
				"up": {"uv": [2, 13, 1, 12], "texture": "#0"},
				"down": {"uv": [3, 12, 2, 13], "texture": "#0"}
			}
		}
	],
	"display": {
		"thirdperson_righthand": {
			"rotation": [87.5, 0, 0],
			"translation": [-6, -1.75, -4]
		}
	},
	"groups": [
		{
			"name": "LeftLeg",
			"origin": [-1.9, 12, 0],
			"color": 0,
			"children": [0, 1]
		}
	]
}