{
	"credit": "Made by Peeter100 for the TTT Project using Blockbench",
	"texture_size": [64, 64],
	"textures": {
		"0": "entity/player/girlfriend"
	},
	"elements": [
		{
			"name": "Right Leg",
			"from": [4.9, 10, 13],
			"to": [8.9, 14, 17],
			"faces": {
				"north": {"uv": [6, 12, 5, 13], "rotation": 180, "texture": "#0"},
				"east": {"uv": [0, 5.5, 1, 6.5], "rotation": 270, "texture": "#0"},
				"south": {"uv": [7.25, 14.5, 6.25, 13.5], "texture": "#0"},
				"west": {"uv": [9, 14.25, 10, 15.25], "rotation": 90, "texture": "#0"},
				"up": {"uv": [3, 6.5, 4, 7.5], "rotation": 180, "texture": "#0"},
				"down": {"uv": [3, 5.5, 4, 6.5], "texture": "#0"}
			}
		},
		{
			"name": "Right Leg 2",
			"from": [4.9, 4, 9],
			"to": [8.9, 14, 13],
			"faces": {
				"north": {"uv": [5, 13.5, 6, 16], "texture": "#0"},
				"east": {"uv": [0, 5.5, 1, 8], "texture": "#0"},
				"south": {"uv": [3, 5.5, 4, 8], "texture": "#0"},
				"west": {"uv": [7, 13.5, 8, 16], "texture": "#0"},
				"up": {"uv": [4, 6.75, 3, 6], "texture": "#0"},
				"down": {"uv": [6, 12, 5, 13], "texture": "#0"}
			}
		},
		{
			"name": "Right Leg 2 Layer",
			"from": [4.65, 3.75, 8.75],
			"to": [9.15, 14.25, 13.25],
			"faces": {
				"north": {"uv": [1, 9.75, 2, 12], "texture": "#0"},
				"east": {"uv": [0, 9.75, 1, 12], "texture": "#0"},
				"south": {"uv": [3, 9.75, 4, 12], "texture": "#0"},
				"west": {"uv": [2, 9.75, 3, 12], "texture": "#0"},
				"up": {"uv": [5, 9, 4, 8], "texture": "#0"},
				"down": {"uv": [3, 8.75, 2, 9.75], "texture": "#0"}
			}
		}
	],
	"display": {
		"thirdperson_righthand": {
			"rotation": [75, 30, 0],
			"translation": [-7, 6.25, -4]
		},
		"thirdperson_lefthand": {
			"rotation": [90, -15, 0],
			"translation": [-6.5, 6.75, -2]
		}
	},
	"groups": [
		{
			"name": "RightLeg",
			"origin": [1.9, 12, 0],
			"color": 0,
			"children": [0]
		},
		{
			"name": "RightLeg2",
			"origin": [1.9, 12, 0],
			"color": 0,
			"children": [1, 2]
		}
	]
}