{
	"credit": "Made by Peeter100 for the TTT Project using Blockbench",
	"texture_size": [64, 64],
	"textures": {
		"0": "entity/player/girlfriend"
	},
	"elements": [
		{
			"name": "Left Arm",
			"from": [1, 12, 7],
			"to": [4, 24, 11],
			"faces": {
				"north": {"uv": [9, 13, 9.75, 16], "texture": "#0"},
				"east": {"uv": [8, 13, 9, 16], "texture": "#0"},
				"south": {"uv": [10.75, 13, 11.5, 16], "texture": "#0"},
				"west": {"uv": [9.75, 13, 10.75, 16], "texture": "#0"},
				"up": {"uv": [9.75, 13, 9, 12], "texture": "#0"},
				"down": {"uv": [10.5, 12, 9.75, 13], "texture": "#0"}
			}
		}
	],
	"display": {
		"thirdperson_righthand": {
			"rotation": [90, 0, -5],
			"translation": [-7, -1, -4.5]
		},
		"thirdperson_lefthand": {
			"rotation": [90, 0, 5],
			"translation": [-5, -1, -4.5]
		},
		"head": {
			"rotation": [0, 0, -5],
			"translation": [-2, -32, -1.75],
			"scale": [1.65, 1.65, 1.65]
		}
	},
	"groups": [
		{
			"name": "LeftArm",
			"origin": [-5, 22, 0],
			"color": 0,
			"children": [0]
		}
	]
}