{
	"credit": "Made by Peeter100 for the TTT Project using Blockbench",
	"texture_size": [64, 64],
	"textures": {
		"0": "entity/player/girlfriend"
	},
	"elements": [
		{
			"name": "Right Leg",
			"from": [4.9, 10, 13],
			"to": [8.9, 14, 17],
			"faces": {
				"north": {"uv": [6, 12, 5, 13], "rotation": 180, "texture": "#0"},
				"east": {"uv": [0, 5.5, 1, 6.5], "rotation": 270, "texture": "#0"},
				"south": {"uv": [7.25, 14.5, 6.25, 13.5], "texture": "#0"},
				"west": {"uv": [10.5, 13.25, 11.5, 14.25], "rotation": 90, "texture": "#0"},
				"up": {"uv": [1, 5.5, 2, 6.5], "rotation": 180, "texture": "#0"},
				"down": {"uv": [3, 5.5, 4, 6.5], "texture": "#0"}
			}
		},
		{
			"name": "Right Leg 2",
			"from": [4.9, 5, 9],
			"to": [8.9, 14, 13],
			"faces": {
				"north": {"uv": [1, 5.75, 2, 8], "texture": "#0"},
				"east": {"uv": [0, 5.75, 1, 8], "texture": "#0"},
				"south": {"uv": [3, 5.5, 4, 8], "texture": "#0"},
				"west": {"uv": [3, 5.75, 4, 8], "texture": "#0"},
				"up": {"uv": [2, 6.75, 1, 6], "texture": "#0"},
				"down": {"uv": [6, 12, 5, 13], "texture": "#0"}
			}
		},
		{
			"name": "Right Leg 2 Layer",
			"from": [4.65, 4.75, 8.75],
			"to": [9.15, 14.25, 13.25],
			"faces": {
				"north": {"uv": [1, 9.75, 2, 12], "texture": "#0"},
				"east": {"uv": [0, 9.75, 1, 12], "texture": "#0"},
				"south": {"uv": [3, 9.75, 4, 12], "texture": "#0"},
				"west": {"uv": [2, 9.75, 3, 12], "texture": "#0"},
				"up": {"uv": [5, 9, 4, 8], "texture": "#0"},
				"down": {"uv": [3, 8.75, 2, 9.75], "texture": "#0"}
			}
		}
	],
	"display": {
		"thirdperson_righthand": {
			"rotation": [112.5, -49, 25.75],
			"translation": [-0.25, 3, 0.5]
		},
		"thirdperson_lefthand": {
			"rotation": [115.5, 39.75, -29.25],
			"translation": [-10.75, 5, 1]
		}
	},
	"groups": [
		{
			"name": "RightLeg",
			"origin": [1.9, 12, 0],
			"color": 0,
			"children": [0]
		},
		{
			"name": "RightLeg2",
			"origin": [1.9, 12, 0],
			"color": 0,
			"children": [1, 2]
		}
	]
}