{
	"credit": "Made by Peeter100 for the TTT Project using Blockbench",
	"texture_size": [64, 64],
	"textures": {
		"0": "entity/player/girlfriend"
	},
	"elements": [
		{
			"name": "Left Arm",
			"from": [11, 12, 7],
			"to": [14, 24, 11],
			"faces": {
				"north": {"uv": [11, 5, 11.75, 8], "texture": "#0"},
				"east": {"uv": [10, 5, 11, 8], "texture": "#0"},
				"south": {"uv": [12.75, 5, 13.5, 8], "texture": "#0"},
				"west": {"uv": [11.75, 5, 12.75, 8], "texture": "#0"},
				"up": {"uv": [11.75, 5, 11, 4], "texture": "#0"},
				"down": {"uv": [12.5, 4, 11.75, 5], "texture": "#0"}
			}
		}
	],
	"display": {
		"thirdperson_righthand": {
			"rotation": [90, 0, 5],
			"translation": [-3.75, -1, -4.5]
		},
		"thirdperson_lefthand": {
			"rotation": [90, 0, -5],
			"translation": [-8.25, -1, -4.5]
		},
		"head": {
			"rotation": [0, 0, 5],
			"translation": [3.5, -31.75, -1.75],
			"scale": [1.65, 1.65, 1.65]
		}
	},
	"groups": [
		{
			"name": "LeftArm",
			"origin": [-5, 22, 0],
			"color": 0,
			"children": [0]
		}
	]
}