{
	"credit": "Made by Peeter100 for the TTT Project using Blockbench",
	"texture_size": [64, 64],
	"textures": {
		"0": "entity/player/peeter100_bent"
	},
	"elements": [
		{
			"name": "Left Arm",
			"from": [0, 12, 6],
			"to": [4, 18, 10],
			"faces": {
				"north": {"uv": [9, 13, 10, 14.5], "texture": "#0"},
				"east": {"uv": [8, 13, 9, 14.5], "texture": "#0"},
				"south": {"uv": [11, 13, 12, 14.5], "texture": "#0"},
				"west": {"uv": [10, 13, 11, 14.5], "texture": "#0"},
				"up": {"uv": [10, 13, 9, 12], "texture": "#0"},
				"down": {"uv": [10, 12, 9, 13], "texture": "#0"}
			}
		},
		{
			"name": "Left Arm Layer",
			"from": [-0.25, 11.75, 5.75],
			"to": [4.25, 18.25, 10.25],
			"faces": {
				"north": {"uv": [13, 13.25, 14, 14.5], "texture": "#0"},
				"east": {"uv": [12, 13, 13, 14.5], "texture": "#0"},
				"south": {"uv": [15, 13.25, 16, 14.5], "texture": "#0"},
				"west": {"uv": [14, 13, 15, 14.5], "texture": "#0"},
				"up": {"uv": [14, 13, 13, 12], "texture": "#0"},
				"down": {"uv": [14, 12, 13, 13], "texture": "#0"}
			}
		},
		{
			"name": "Left Arm",
			"from": [0, 8, 6],
			"to": [10, 12, 10],
			"faces": {
				"north": {"uv": [9, 14.5, 10, 16], "rotation": 90, "texture": "#0"},
				"east": {"uv": [11, 12, 10, 13], "rotation": 270, "texture": "#0"},
				"south": {"uv": [11, 14.5, 12, 16], "rotation": 270, "texture": "#0"},
				"west": {"uv": [10, 13, 9, 12], "rotation": 270, "texture": "#0"},
				"up": {"uv": [8, 14.5, 9, 16], "rotation": 270, "texture": "#0"},
				"down": {"uv": [10, 14.5, 11, 16], "rotation": 270, "texture": "#0"}
			}
		},
		{
			"name": "Left Arm Layer",
			"from": [-0.25, 7.75, 5.75],
			"to": [10.25, 12.25, 10.25],
			"faces": {
				"north": {"uv": [13, 13.25, 14, 16], "rotation": 90, "texture": "#0"},
				"east": {"uv": [15, 12, 14, 13], "rotation": 270, "texture": "#0"},
				"south": {"uv": [15, 13.25, 16, 16], "rotation": 270, "texture": "#0"},
				"west": {"uv": [14, 15, 13, 14], "rotation": 270, "texture": "#0"},
				"up": {"uv": [12, 13.25, 13, 16], "rotation": 270, "texture": "#0"},
				"down": {"uv": [14, 13.25, 15, 16], "rotation": 270, "texture": "#0"}
			}
		}
	],
	"display": {
		"thirdperson_righthand": {
			"rotation": [90, 0, 0],
			"translation": [-6, -2, 2]
		},
		"thirdperson_lefthand": {
			"rotation": [90, 0, 0],
			"translation": [-6, -2, 2]
		},
		"head": {
			"rotation": [5, 0, 0],
			"translation": [-0.25, -23, -8.75],
			"scale": [1.6, 1.6, 1.6]
		}
	},
	"groups": [
		{
			"name": "LeftArm",
			"origin": [-5, 22, 0],
			"color": 0,
			"children": [0, 1]
		},
		{
			"name": "LeftArm",
			"origin": [-5, 22, 0],
			"color": 0,
			"children": [2, 3]
		}
	]
}