{
	"credit": "Made by Peeter100 for the TTT Project using Blockbench",
	"texture_size": [64, 64],
	"textures": {
		"0": "entity/player/peeter100_bent"
	},
	"elements": [
		{
			"name": "Right Arm",
			"from": [12, 12, 6],
			"to": [16, 18, 10],
			"faces": {
				"north": {"uv": [11, 5, 12, 6.5], "texture": "#0"},
				"east": {"uv": [10, 5, 11, 6.5], "texture": "#0"},
				"south": {"uv": [13, 5, 14, 6.5], "texture": "#0"},
				"west": {"uv": [12, 5, 13, 6.5], "texture": "#0"},
				"up": {"uv": [12, 5, 11, 4], "texture": "#0"},
				"down": {"uv": [12, 4, 11, 5], "texture": "#0"}
			}
		},
		{
			"name": "Right Arm Layer",
			"from": [11.75, 11.75, 5.75],
			"to": [16.25, 18.25, 10.25],
			"faces": {
				"north": {"uv": [11, 9.25, 12, 10.5], "texture": "#0"},
				"east": {"uv": [10, 9, 11, 10.5], "texture": "#0"},
				"south": {"uv": [13, 9, 14, 10.5], "texture": "#0"},
				"west": {"uv": [12, 9, 13, 10.5], "texture": "#0"},
				"up": {"uv": [12, 9, 11, 8], "texture": "#0"},
				"down": {"uv": [12, 8, 11, 9], "texture": "#0"}
			}
		},
		{
			"name": "Right Arm",
			"from": [6, 8, 6],
			"to": [16, 12, 10],
			"faces": {
				"north": {"uv": [11, 6.5, 12, 8], "rotation": 270, "texture": "#0"},
				"east": {"uv": [12, 5, 11, 4], "rotation": 90, "texture": "#0"},
				"south": {"uv": [13, 6.5, 14, 8], "rotation": 90, "texture": "#0"},
				"west": {"uv": [13, 4, 12, 5], "rotation": 90, "texture": "#0"},
				"up": {"uv": [12, 6.5, 13, 8], "rotation": 90, "texture": "#0"},
				"down": {"uv": [10, 6.5, 11, 8], "rotation": 90, "texture": "#0"}
			}
		},
		{
			"name": "Right Arm Layer",
			"from": [5.75, 7.75, 5.75],
			"to": [16.25, 12.25, 10.25],
			"faces": {
				"north": {"uv": [11, 9.25, 12, 12], "rotation": 270, "texture": "#0"},
				"east": {"uv": [11, 10.25, 10, 9.25], "rotation": 90, "texture": "#0"},
				"south": {"uv": [13, 9.25, 14, 12], "rotation": 90, "texture": "#0"},
				"west": {"uv": [13, 8, 12, 9], "rotation": 90, "texture": "#0"},
				"up": {"uv": [12, 9.25, 13, 12], "rotation": 90, "texture": "#0"},
				"down": {"uv": [10, 9.25, 11, 12], "rotation": 90, "texture": "#0"}
			}
		}
	],
	"display": {
		"thirdperson_righthand": {
			"rotation": [90, 0, 0],
			"translation": [-6, -2, 2]
		},
		"thirdperson_lefthand": {
			"rotation": [111, 0, 0],
			"translation": [-6.5, 3.25, 1]
		}
	},
	"groups": [
		{
			"name": "RightArm",
			"origin": [5, 22, 0],
			"color": 0,
			"children": [0, 1]
		},
		{
			"name": "RightArm",
			"origin": [5, 22, 0],
			"color": 0,
			"children": [2, 3]
		}
	]
}