{
	"credit": "Made with Blockbench",
	"textures": {
		"0": "block/acacia_log",
		"1": "block/acacia_planks",
		"particle": "block/acacia_log"
	},
	"elements": [
		{
			"from": [7, 15, 0],
			"to": [9, 16, 6],
			"rotation": {"angle": 0, "axis": "y", "origin": [15, 23, 8]},
			"faces": {
				"north": {"uv": [0, 0, 2, 1], "texture": "#0"},
				"east": {"uv": [10, 15, 16, 16], "texture": "#0"},
				"west": {"uv": [10, 14, 16, 15], "texture": "#0"},
				"up": {"uv": [14, 8, 16, 14], "texture": "#0"},
				"down": {"uv": [12, 8, 14, 14], "texture": "#0"}
			}
		},
		{
			"from": [7, 0, 0],
			"to": [9, 1, 6],
			"rotation": {"angle": 0, "axis": "y", "origin": [15, 8, 8]},
			"faces": {
				"north": {"uv": [0, 0, 2, 1], "texture": "#0"},
				"east": {"uv": [0, 15, 6, 16], "texture": "#0"},
				"west": {"uv": [0, 14, 6, 15], "texture": "#0"},
				"up": {"uv": [2, 8, 4, 14], "texture": "#0"},
				"down": {"uv": [0, 8, 2, 14], "texture": "#0"}
			}
		},
		{
			"from": [7.5, 1, 0],
			"to": [8.5, 3, 6],
			"rotation": {"angle": 0, "axis": "y", "origin": [15, 9, 8]},
			"faces": {
				"north": {"uv": [0, 0, 1, 1], "texture": "#1"},
				"east": {"uv": [9, 13, 15, 15], "texture": "#1"},
				"west": {"uv": [9, 13, 15, 15], "texture": "#1"},
				"up": {"uv": [9, 14, 15, 15], "rotation": 90, "texture": "#1"}
			}
		},
		{
			"from": [7.5, 4, 0],
			"to": [8.5, 6, 6],
			"rotation": {"angle": 0, "axis": "y", "origin": [15, 12, 8]},
			"faces": {
				"north": {"uv": [0, 0, 1, 1], "texture": "#1"},
				"east": {"uv": [9, 12, 15, 14], "texture": "#1"},
				"west": {"uv": [9, 13, 15, 15], "texture": "#1"},
				"up": {"uv": [9, 13, 15, 14], "rotation": 90, "texture": "#1"},
				"down": {"uv": [9, 13, 15, 14], "rotation": 90, "texture": "#1"}
			}
		},
		{
			"from": [7.5, 7, 0],
			"to": [8.5, 9, 6],
			"rotation": {"angle": 0, "axis": "y", "origin": [15, 15, 8]},
			"faces": {
				"north": {"uv": [0, 0, 1, 1], "texture": "#1"},
				"east": {"uv": [1, 12, 7, 14], "texture": "#1"},
				"west": {"uv": [1, 12, 7, 14], "texture": "#1"},
				"up": {"uv": [9, 12, 15, 13], "rotation": 90, "texture": "#1"},
				"down": {"uv": [9, 12, 15, 13], "rotation": 90, "texture": "#1"}
			}
		},
		{
			"from": [7.5, 10, 0],
			"to": [8.5, 12, 6],
			"rotation": {"angle": 0, "axis": "y", "origin": [15, 18, 8]},
			"faces": {
				"north": {"uv": [0, 0, 1, 2], "texture": "#1"},
				"east": {"uv": [9, 9, 15, 11], "texture": "#1"},
				"west": {"uv": [9, 9, 15, 11], "texture": "#1"},
				"up": {"uv": [0, 0, 6, 1], "rotation": 90, "texture": "#1"},
				"down": {"uv": [0, 0, 6, 1], "rotation": 90, "texture": "#1"}
			}
		},
		{
			"from": [7.5, 13, 0],
			"to": [8.5, 15, 6],
			"rotation": {"angle": 0, "axis": "y", "origin": [15, 21, 8]},
			"faces": {
				"north": {"uv": [0, 0, 1, 1], "texture": "#1"},
				"east": {"uv": [0, 8, 6, 10], "texture": "#1"},
				"west": {"uv": [0, 8, 6, 10], "texture": "#1"},
				"down": {"uv": [9, 8, 15, 9], "rotation": 90, "texture": "#1"}
			}
		}
	]
}