{
	"credit": "Made with Blockbench",
	"parent": "block/block",
	"textures": {
		"0": "block/acacia_log",
		"1": "block/acacia_planks",
		"particle": "block/acacia_log"
	},
	"elements": [
		{
			"from": [14.5, 3, 7.5],
			"to": [15, 4, 8.5],
			"rotation": {"angle": 0, "axis": "y", "origin": [15, 8, 8]},
			"faces": {
				"north": {"uv": [14, 11, 15, 12], "texture": "#1"},
				"east": {"uv": [14, 11, 15, 12], "texture": "#1"},
				"south": {"uv": [14, 11, 15, 12], "texture": "#1"},
				"west": {"uv": [14, 11, 15, 12], "texture": "#1"}
			}
		},
		{
			"from": [1, 3, 7.5],
			"to": [1.5, 4, 8.5],
			"rotation": {"angle": 0, "axis": "y", "origin": [1, 8, 8]},
			"faces": {
				"north": {"uv": [14, 11, 15, 12], "texture": "#1"},
				"east": {"uv": [14, 11, 15, 12], "texture": "#1"},
				"south": {"uv": [14, 11, 15, 12], "texture": "#1"},
				"west": {"uv": [14, 11, 15, 12], "texture": "#1"}
			}
		},
		{
			"from": [14.5, 9, 7.5],
			"to": [15, 10, 8.5],
			"rotation": {"angle": 0, "axis": "y", "origin": [15, 8, 8]},
			"faces": {
				"north": {"uv": [11, 11, 12, 12], "texture": "#1"},
				"east": {"uv": [11, 11, 12, 12], "texture": "#1"},
				"south": {"uv": [11, 11, 12, 12], "texture": "#1"},
				"west": {"uv": [11, 11, 12, 12], "texture": "#1"}
			}
		},
		{
			"from": [1, 9, 7.5],
			"to": [1.5, 10, 8.5],
			"rotation": {"angle": 0, "axis": "y", "origin": [1, 8, 8]},
			"faces": {
				"north": {"uv": [11, 11, 12, 12], "texture": "#1"},
				"east": {"uv": [11, 11, 12, 12], "texture": "#1"},
				"south": {"uv": [11, 11, 12, 12], "texture": "#1"},
				"west": {"uv": [11, 11, 12, 12], "texture": "#1"}
			}
		},
		{
			"from": [9, 1, 7.5],
			"to": [15, 3, 8.5],
			"rotation": {"angle": 0, "axis": "y", "origin": [15, 8, 8]},
			"faces": {
				"north": {"uv": [9, 13, 15, 15], "texture": "#1"},
				"east": {"uv": [0, 0, 1, 1], "texture": "#1"},
				"south": {"uv": [9, 12, 15, 14], "texture": "#1"},
				"up": {"uv": [9, 13, 15, 14], "rotation": 180, "texture": "#1"},
				"down": {"uv": [9, 13, 15, 14], "texture": "#1"}
			}
		},
		{
			"from": [1, 1, 7.5],
			"to": [7, 3, 8.5],
			"rotation": {"angle": 0, "axis": "y", "origin": [1, 8, 8]},
			"faces": {
				"north": {"uv": [9, 12, 15, 14], "texture": "#1"},
				"south": {"uv": [9, 13, 15, 15], "texture": "#1"},
				"west": {"uv": [0, 0, 1, 1], "texture": "#1"},
				"up": {"uv": [9, 13, 15, 14], "texture": "#1"},
				"down": {"uv": [9, 13, 15, 14], "rotation": 180, "texture": "#1"}
			}
		},
		{
			"from": [9, 4, 7.5],
			"to": [15, 6, 8.5],
			"rotation": {"angle": 0, "axis": "y", "origin": [15, 8, 8]},
			"faces": {
				"north": {"uv": [1, 12, 7, 14], "texture": "#1"},
				"east": {"uv": [0, 0, 1, 1], "texture": "#1"},
				"south": {"uv": [1, 12, 7, 14], "texture": "#1"},
				"up": {"uv": [9, 12, 15, 13], "rotation": 180, "texture": "#1"},
				"down": {"uv": [9, 12, 15, 13], "texture": "#1"}
			}
		},
		{
			"from": [1, 4, 7.5],
			"to": [7, 6, 8.5],
			"rotation": {"angle": 0, "axis": "y", "origin": [1, 8, 8]},
			"faces": {
				"north": {"uv": [1, 12, 7, 14], "texture": "#1"},
				"south": {"uv": [1, 12, 7, 14], "texture": "#1"},
				"west": {"uv": [0, 0, 1, 1], "texture": "#1"},
				"up": {"uv": [9, 12, 15, 13], "texture": "#1"},
				"down": {"uv": [9, 12, 15, 13], "rotation": 180, "texture": "#1"}
			}
		},
		{
			"from": [9, 7, 7.5],
			"to": [15, 9, 8.5],
			"rotation": {"angle": 0, "axis": "y", "origin": [15, 8, 8]},
			"faces": {
				"north": {"uv": [9, 9, 15, 11], "texture": "#1"},
				"east": {"uv": [0, 0, 1, 2], "texture": "#1"},
				"south": {"uv": [9, 9, 15, 11], "texture": "#1"},
				"up": {"uv": [0, 0, 6, 1], "rotation": 180, "texture": "#1"},
				"down": {"uv": [0, 0, 6, 1], "texture": "#1"}
			}
		},
		{
			"from": [1, 7, 7.5],
			"to": [7, 9, 8.5],
			"rotation": {"angle": 0, "axis": "y", "origin": [1, 8, 8]},
			"faces": {
				"north": {"uv": [9, 9, 15, 11], "texture": "#1"},
				"south": {"uv": [9, 9, 15, 11], "texture": "#1"},
				"west": {"uv": [0, 0, 1, 2], "texture": "#1"},
				"up": {"uv": [0, 0, 6, 1], "texture": "#1"},
				"down": {"uv": [0, 0, 6, 1], "rotation": 180, "texture": "#1"}
			}
		},
		{
			"from": [9, 10, 7.5],
			"to": [15, 12, 8.5],
			"rotation": {"angle": 0, "axis": "y", "origin": [15, 8, 8]},
			"faces": {
				"north": {"uv": [0, 8, 6, 10], "texture": "#1"},
				"east": {"uv": [0, 0, 1, 1], "texture": "#1"},
				"south": {"uv": [0, 8, 6, 10], "texture": "#1"},
				"down": {"uv": [9, 8, 15, 9], "texture": "#1"}
			}
		},
		{
			"from": [1, 10, 7.5],
			"to": [7, 12, 8.5],
			"rotation": {"angle": 0, "axis": "y", "origin": [1, 8, 8]},
			"faces": {
				"north": {"uv": [0, 8, 6, 10], "texture": "#1"},
				"south": {"uv": [0, 8, 6, 10], "texture": "#1"},
				"west": {"uv": [0, 0, 1, 1], "texture": "#1"},
				"down": {"uv": [9, 8, 15, 9], "rotation": 180, "texture": "#1"}
			}
		},
		{
			"from": [7, 0, 7],
			"to": [8, 13, 9],
			"rotation": {"angle": 0, "axis": "y", "origin": [1, 8, 8]},
			"faces": {
				"north": {"uv": [2, 0, 3, 13], "texture": "#0"},
				"east": {"uv": [9, 0, 11, 13], "texture": "#0"},
				"south": {"uv": [2, 0, 3, 13], "texture": "#0"},
				"west": {"uv": [13, 0, 15, 13], "texture": "#0"},
				"up": {"uv": [0, 0, 1, 2], "rotation": 90, "texture": "#0"},
				"down": {"uv": [0, 14, 1, 16], "rotation": 270, "texture": "#0"}
			}
		},
		{
			"from": [8, 0, 7],
			"to": [9, 13, 9],
			"rotation": {"angle": 0, "axis": "y", "origin": [15, 8, 8]},
			"faces": {
				"north": {"uv": [2, 0, 3, 13], "texture": "#0"},
				"east": {"uv": [13, 0, 15, 13], "texture": "#0"},
				"south": {"uv": [2, 0, 3, 13], "texture": "#0"},
				"west": {"uv": [9, 0, 11, 13], "texture": "#0"},
				"up": {"uv": [0, 0, 1, 2], "rotation": 270, "texture": "#0"},
				"down": {"uv": [0, 14, 1, 16], "rotation": 90, "texture": "#0"}
			}
		},
		{
			"from": [0, 0, 7],
			"to": [1, 13, 9],
			"rotation": {"angle": 0, "axis": "y", "origin": [1, 8, 8]},
			"faces": {
				"north": {"uv": [2, 0, 3, 13], "texture": "#0"},
				"east": {"uv": [6, 0, 8, 13], "texture": "#0"},
				"south": {"uv": [2, 0, 3, 13], "texture": "#0"},
				"west": {"uv": [3, 0, 5, 13], "texture": "#0"},
				"up": {"uv": [0, 0, 1, 2], "rotation": 270, "texture": "#0"},
				"down": {"uv": [0, 14, 1, 16], "rotation": 90, "texture": "#0"}
			}
		},
		{
			"from": [15, 0, 7],
			"to": [16, 13, 9],
			"rotation": {"angle": 0, "axis": "y", "origin": [15, 8, 8]},
			"faces": {
				"north": {"uv": [2, 0, 3, 13], "texture": "#0"},
				"east": {"uv": [3, 0, 5, 13], "texture": "#0"},
				"south": {"uv": [2, 0, 3, 13], "texture": "#0"},
				"west": {"uv": [6, 0, 8, 13], "texture": "#0"},
				"up": {"uv": [0, 0, 1, 2], "rotation": 90, "texture": "#0"},
				"down": {"uv": [0, 14, 1, 16], "rotation": 270, "texture": "#0"}
			}
		},
		{
			"from": [1, 12, 7],
			"to": [7, 13, 9],
			"rotation": {"angle": 0, "axis": "y", "origin": [1, 8, 8]},
			"faces": {
				"north": {"uv": [10, 15, 16, 16], "texture": "#0"},
				"south": {"uv": [10, 14, 16, 15], "texture": "#0"},
				"up": {"uv": [14, 8, 16, 14], "rotation": 270, "texture": "#0"},
				"down": {"uv": [12, 8, 14, 14], "rotation": 90, "texture": "#0"}
			}
		},
		{
			"from": [9, 12, 7],
			"to": [15, 13, 9],
			"rotation": {"angle": 0, "axis": "y", "origin": [15, 8, 8]},
			"faces": {
				"north": {"uv": [10, 14, 16, 15], "texture": "#0"},
				"south": {"uv": [10, 15, 16, 16], "texture": "#0"},
				"up": {"uv": [14, 8, 16, 14], "rotation": 90, "texture": "#0"},
				"down": {"uv": [12, 8, 14, 14], "rotation": 270, "texture": "#0"}
			}
		},
		{
			"from": [1, 0, 7],
			"to": [7, 1, 9],
			"rotation": {"angle": 0, "axis": "y", "origin": [1, 8, 8]},
			"faces": {
				"north": {"uv": [0, 15, 6, 16], "texture": "#0"},
				"south": {"uv": [0, 14, 6, 15], "texture": "#0"},
				"up": {"uv": [2, 8, 4, 14], "rotation": 270, "texture": "#0"},
				"down": {"uv": [0, 8, 2, 14], "rotation": 90, "texture": "#0"}
			}
		},
		{
			"from": [9, 0, 7],
			"to": [15, 1, 9],
			"rotation": {"angle": 0, "axis": "y", "origin": [15, 8, 8]},
			"faces": {
				"north": {"uv": [0, 14, 6, 15], "texture": "#0"},
				"south": {"uv": [0, 15, 6, 16], "texture": "#0"},
				"up": {"uv": [2, 8, 4, 14], "rotation": 90, "texture": "#0"},
				"down": {"uv": [0, 8, 2, 14], "rotation": 270, "texture": "#0"}
			}
		}
	],
	"groups": [
		0,
		1,
		2,
		3,
		4,
		5,
		6,
		7,
		8,
		9,
		10,
		11,
		{
			"name": "acacia_fence_gate",
			"origin": [8, 8, 8],
			"color": 0,
			"children": [
				12,
				13,
				14,
				15,
				{
					"name": "acacia_fence_side",
					"origin": [8, 8, 8],
					"color": 0,
					"children": [16, 17, 18, 19]
				}
			]
		}
	]
}