{
	"parent": "block/block",
	"textures": {
		"0": "block/beehive_end",
		"1": "block/beehive_front",
		"3": "block/beehive_side",
		"4": "block/beehive_front_honey",
		"particle": "block/beehive_end"
	},
	"elements": [
		{
			"from": [0, 9, 0],
			"to": [16, 15, 16],
			"rotation": {"angle": 0, "axis": "y", "origin": [0, 2, 0]},
			"faces": {
				"north": {"uv": [0, 3, 16, 9], "texture": "#4"},
				"east": {"uv": [0, 3, 16, 9], "texture": "#1"},
				"south": {"uv": [0, 3, 16, 9], "texture": "#4"},
				"west": {"uv": [0, 3, 16, 9], "texture": "#1"},
				"up": {"uv": [0, 0, 16, 16], "texture": "#1"},
				"down": {"uv": [0, 0, 16, 16], "texture": "#1"}
			}
		},
		{
			"from": [3.75, 12, 0.125],
			"to": [12.5, 17, 15.875],
			"rotation": {"angle": 0, "axis": "y", "origin": [0, 3, 0.125]},
			"faces": {
				"north": {"uv": [3, 3, 12, 8], "texture": "#1"},
				"east": {"uv": [0.25, 3, 16, 8], "texture": "#1"},
				"south": {"uv": [3, 3, 12, 8], "texture": "#3"},
				"west": {"uv": [0, 3, 16, 8], "texture": "#1"},
				"up": {"uv": [0, 0, 16, 15.5], "texture": "#1"},
				"down": {"uv": [7, 4, 9, 6], "texture": "#1"}
			}
		},
		{
			"from": [7, 16.25, -0.375],
			"to": [9, 18.25, 16.375],
			"rotation": {"angle": 0, "axis": "y", "origin": [-0.75, 3, 0.625]},
			"faces": {
				"north": {"uv": [5, 10, 7, 12], "texture": "#1"},
				"east": {"uv": [0, 1, 16, 3], "texture": "#1"},
				"south": {"uv": [5, 10, 7, 12], "texture": "#1"},
				"west": {"uv": [0, 1, 16, 3], "texture": "#1"},
				"up": {"uv": [2, 3, 4, 16], "texture": "#1"},
				"down": {"uv": [12, 0, 14, 13], "texture": "#1"}
			}
		},
		{
			"from": [0, 0, 0],
			"to": [16, 5, 16],
			"rotation": {"angle": 0, "axis": "y", "origin": [0, 2, 0]},
			"faces": {
				"north": {"uv": [0, 11, 16, 16], "texture": "#4"},
				"east": {"uv": [0, 11, 16, 16], "texture": "#1"},
				"south": {"uv": [0, 11, 16, 16], "texture": "#3"},
				"west": {"uv": [0, 11, 16, 16], "texture": "#1"},
				"up": {"uv": [2, 6, 15, 13], "rotation": 180, "texture": "#4"},
				"down": {"uv": [0, 0, 16, 15.5], "texture": "#0"}
			}
		},
		{
			"from": [0.25, 4, 0.25],
			"to": [15.75, 9, 15.75],
			"rotation": {"angle": 0, "axis": "y", "origin": [0, 2, 0]},
			"faces": {
				"north": {"uv": [0, 8, 16, 13], "texture": "#4"},
				"east": {"uv": [0, 5, 16, 10], "texture": "#1"},
				"south": {"uv": [0, 8, 16, 13], "texture": "#3"},
				"west": {"uv": [0, 5, 16, 10], "texture": "#1"},
				"up": {"uv": [0, 0, 16, 15], "texture": "#1"},
				"down": {"uv": [0, 0, 16, 15], "texture": "#1"}
			}
		},
		{
			"from": [-2, 17, -0.25],
			"to": [8, 19, 16.25],
			"rotation": {"angle": 22.5, "axis": "z", "origin": [8, 19, 8]},
			"faces": {
				"north": {"uv": [0, 14, 9, 16], "rotation": 180, "texture": "#3"},
				"east": {"uv": [0, 0, 16, 2], "rotation": 180, "texture": "#3"},
				"south": {"uv": [0, 14, 9, 16], "rotation": 180, "texture": "#3"},
				"west": {"uv": [0, 3, 16, 5], "rotation": 180, "texture": "#3"},
				"up": {"uv": [0, 0, 9, 16], "rotation": 180, "texture": "#0"},
				"down": {"uv": [0, 0, 9, 16], "rotation": 180, "texture": "#3"}
			}
		},
		{
			"from": [8, 17, -0.25],
			"to": [18, 19, 16.25],
			"rotation": {"angle": -22.5, "axis": "z", "origin": [8, 19, 8]},
			"faces": {
				"north": {"uv": [9, 14, 0, 16], "rotation": 180, "texture": "#3"},
				"east": {"uv": [16, 6, 0, 8], "rotation": 180, "texture": "#3"},
				"south": {"uv": [9, 14, 0, 16], "rotation": 180, "texture": "#3"},
				"west": {"uv": [16, 6, 0, 8], "rotation": 180, "texture": "#3"},
				"up": {"uv": [9, 0, 0, 16], "rotation": 180, "texture": "#0"},
				"down": {"uv": [9, 0, 0, 16], "rotation": 180, "texture": "#3"}
			}
		}
	]
}