{
	"parent": "minecraft:block/cube_column",
	"textures": {
		"0": "block/birch_log",
		"1": "block/birch_log_top",
		"2": "block/brown_mushroom_block",
		"3": "block/mushroom_block_inside",
		"4": "block/mushroom_stem",
		"particle": "block/birch_log"
	},
	"elements": [
		{
			"from": [0, 0, 0],
			"to": [16, 16, 16],
			"faces": {
				"north": {"uv": [0, 0, 16, 16], "texture": "#0"},
				"east": {"uv": [0, 0, 16, 16], "texture": "#0"},
				"south": {"uv": [0, 0, 16, 16], "texture": "#0"},
				"west": {"uv": [0, 0, 16, 16], "texture": "#0"},
				"up": {"uv": [0, 0, 16, 16], "texture": "#1"},
				"down": {"uv": [0, 0, 16, 16], "texture": "#1"}
			}
		},
		{
			"from": [-2, 12, 10],
			"to": [6, 13, 18],
			"faces": {
				"north": {"uv": [4, 4, 12, 5], "texture": "#2"},
				"east": {"uv": [4, 4, 12, 5], "texture": "#2"},
				"south": {"uv": [4, 4, 12, 5], "texture": "#2"},
				"west": {"uv": [4, 4, 12, 5], "texture": "#2"},
				"up": {"uv": [4, 4, 12, 12], "texture": "#2"},
				"down": {"uv": [4, 4, 12, 12], "texture": "#3"}
			}
		},
		{
			"from": [6, 12, 11],
			"to": [7, 13, 17],
			"faces": {
				"north": {"uv": [4, 4, 5, 5], "texture": "#2"},
				"east": {"uv": [4, 4, 10, 5], "texture": "#2"},
				"south": {"uv": [4, 4, 5, 5], "texture": "#2"},
				"west": {"uv": [4, 4, 10, 5], "texture": "#2"},
				"up": {"uv": [4, 4, 5, 10], "texture": "#2"},
				"down": {"uv": [4, 4, 5, 10], "texture": "#3"}
			}
		},
		{
			"from": [-3, 12, 11],
			"to": [-2, 13, 17],
			"faces": {
				"north": {"uv": [4, 4, 5, 5], "texture": "#2"},
				"east": {"uv": [4, 4, 10, 5], "texture": "#2"},
				"south": {"uv": [4, 4, 5, 5], "texture": "#2"},
				"west": {"uv": [4, 4, 10, 5], "texture": "#2"},
				"up": {"uv": [4, 4, 5, 10], "texture": "#2"},
				"down": {"uv": [4, 4, 5, 10], "texture": "#3"}
			}
		},
		{
			"from": [-1, 12, 9],
			"to": [5, 13, 10],
			"faces": {
				"north": {"uv": [4, 4, 10, 5], "texture": "#2"},
				"east": {"uv": [4, 4, 5, 5], "texture": "#2"},
				"south": {"uv": [4, 4, 10, 5], "texture": "#2"},
				"west": {"uv": [4, 4, 5, 5], "texture": "#2"},
				"up": {"uv": [4, 4, 10, 5], "texture": "#2"},
				"down": {"uv": [4, 4, 10, 5], "texture": "#3"}
			}
		},
		{
			"from": [-1, 12, 18],
			"to": [5, 13, 19],
			"faces": {
				"north": {"uv": [4, 4, 10, 5], "texture": "#2"},
				"east": {"uv": [4, 4, 5, 5], "texture": "#2"},
				"south": {"uv": [4, 4, 10, 5], "texture": "#2"},
				"west": {"uv": [4, 4, 5, 5], "texture": "#2"},
				"up": {"uv": [4, 4, 10, 5], "texture": "#2"},
				"down": {"uv": [4, 4, 10, 5], "texture": "#3"}
			}
		},
		{
			"from": [2, 6, -3],
			"to": [10, 7, 5],
			"faces": {
				"north": {"uv": [4, 4, 12, 5], "texture": "#2"},
				"east": {"uv": [4, 4, 12, 5], "texture": "#2"},
				"south": {"uv": [4, 4, 12, 5], "texture": "#2"},
				"west": {"uv": [4, 4, 12, 5], "texture": "#2"},
				"up": {"uv": [4, 4, 12, 12], "texture": "#2"},
				"down": {"uv": [4, 4, 12, 12], "texture": "#3"}
			}
		},
		{
			"from": [10, 6, -2],
			"to": [11, 7, 4],
			"faces": {
				"north": {"uv": [4, 4, 5, 5], "texture": "#2"},
				"east": {"uv": [4, 4, 10, 5], "texture": "#2"},
				"south": {"uv": [4, 4, 5, 5], "texture": "#2"},
				"west": {"uv": [4, 4, 10, 5], "texture": "#2"},
				"up": {"uv": [4, 4, 5, 10], "texture": "#2"},
				"down": {"uv": [4, 4, 5, 10], "texture": "#3"}
			}
		},
		{
			"from": [1, 6, -2],
			"to": [2, 7, 4],
			"faces": {
				"north": {"uv": [4, 4, 5, 5], "texture": "#2"},
				"east": {"uv": [4, 4, 10, 5], "texture": "#2"},
				"south": {"uv": [4, 4, 5, 5], "texture": "#2"},
				"west": {"uv": [4, 4, 10, 5], "texture": "#2"},
				"up": {"uv": [4, 4, 5, 10], "texture": "#2"},
				"down": {"uv": [4, 4, 5, 10], "texture": "#3"}
			}
		},
		{
			"from": [3, 6, -4],
			"to": [9, 7, -3],
			"faces": {
				"north": {"uv": [4, 4, 10, 5], "texture": "#2"},
				"east": {"uv": [4, 4, 5, 5], "texture": "#2"},
				"south": {"uv": [4, 4, 10, 5], "texture": "#2"},
				"west": {"uv": [4, 4, 5, 5], "texture": "#2"},
				"up": {"uv": [4, 4, 10, 5], "texture": "#2"},
				"down": {"uv": [4, 4, 10, 5], "texture": "#3"}
			}
		},
		{
			"from": [3, 6, 5],
			"to": [9, 7, 6],
			"faces": {
				"north": {"uv": [4, 4, 10, 5], "texture": "#2"},
				"east": {"uv": [4, 4, 5, 5], "texture": "#2"},
				"south": {"uv": [4, 4, 10, 5], "texture": "#2"},
				"west": {"uv": [4, 4, 5, 5], "texture": "#2"},
				"up": {"uv": [4, 4, 10, 5], "texture": "#2"},
				"down": {"uv": [4, 4, 10, 5], "texture": "#3"}
			}
		},
		{
			"from": [-1, 11, 10.75],
			"to": [5, 12, 17],
			"faces": {
				"north": {"uv": [5, 3, 11, 4], "texture": "#4"},
				"east": {"uv": [5, 3, 11.25, 4], "texture": "#4"},
				"south": {"uv": [5, 3, 11, 4], "texture": "#4"},
				"west": {"uv": [5, 3, 11.25, 4], "texture": "#4"},
				"up": {"uv": [5, 3, 11, 9.25], "texture": "#4"},
				"down": {"uv": [5, 3, 11, 9.25], "texture": "#4"}
			}
		},
		{
			"from": [3, 5, -2.5],
			"to": [9, 6, 3.75],
			"faces": {
				"north": {"uv": [5, 3, 11, 4], "texture": "#4"},
				"east": {"uv": [5, 3, 11.25, 4], "texture": "#4"},
				"south": {"uv": [5, 3, 11, 4], "texture": "#4"},
				"west": {"uv": [5, 3, 11.25, 4], "texture": "#4"},
				"up": {"uv": [5, 3, 11, 9.25], "texture": "#4"},
				"down": {"uv": [5, 3, 11, 9.25], "texture": "#4"}
			}
		}
	],
	"groups": [
		0,
		{
			"name": "mushroom",
			"origin": [0, 0, 0],
			"color": 0,
			"children": [1, 2, 3, 4, 5]
		},
		{
			"name": "mushroom",
			"origin": [0, 0, 0],
			"color": 0,
			"children": [6, 7, 8, 9, 10]
		},
		{
			"name": "mushroom",
			"origin": [0, 0, 0],
			"color": 0,
			"children": [11, 12]
		},
		{
			"name": "mushroom",
			"origin": [0, 0, 0],
			"color": 0,
			"children": []
		},
		{
			"name": "mushroom",
			"origin": [0, 0, 0],
			"color": 0,
			"children": []
		}
	]
}