{
	"parent": "minecraft:block/cube_column",
	"textures": {
		"0": "block/birch_log",
		"1": "block/birch_log_top",
		"2": "block/brown_mushroom_block",
		"3": "block/mushroom_block_inside",
		"4": "block/mushroom_stem",
		"particle": "block/birch_log"
	},
	"elements": [
		{
			"from": [0, 0, 0],
			"to": [16, 16, 16],
			"faces": {
				"north": {"uv": [0, 0, 16, 16], "texture": "#0"},
				"east": {"uv": [0, 0, 16, 16], "texture": "#0"},
				"south": {"uv": [0, 0, 16, 16], "texture": "#0"},
				"west": {"uv": [0, 0, 16, 16], "texture": "#0"},
				"up": {"uv": [0, 0, 16, 16], "texture": "#1"},
				"down": {"uv": [0, 0, 16, 16], "texture": "#1"}
			}
		},
		{
			"from": [-3, 6, -3],
			"to": [5, 7, 5],
			"faces": {
				"north": {"uv": [4, 4, 12, 5], "texture": "#2"},
				"east": {"uv": [4, 4, 12, 5], "texture": "#2"},
				"south": {"uv": [4, 4, 12, 5], "texture": "#2"},
				"west": {"uv": [4, 4, 12, 5], "texture": "#2"},
				"up": {"uv": [4, 4, 12, 12], "texture": "#2"},
				"down": {"uv": [4, 4, 12, 12], "texture": "#3"}
			}
		},
		{
			"from": [5, 6, -2],
			"to": [6, 7, 4],
			"faces": {
				"north": {"uv": [4, 4, 5, 5], "texture": "#2"},
				"east": {"uv": [4, 4, 10, 5], "texture": "#2"},
				"south": {"uv": [4, 4, 5, 5], "texture": "#2"},
				"west": {"uv": [4, 4, 10, 5], "texture": "#2"},
				"up": {"uv": [4, 4, 5, 10], "texture": "#2"},
				"down": {"uv": [4, 4, 5, 10], "texture": "#3"}
			}
		},
		{
			"from": [-4, 6, -2],
			"to": [-3, 7, 4],
			"faces": {
				"north": {"uv": [4, 4, 5, 5], "texture": "#2"},
				"east": {"uv": [4, 4, 10, 5], "texture": "#2"},
				"south": {"uv": [4, 4, 5, 5], "texture": "#2"},
				"west": {"uv": [4, 4, 10, 5], "texture": "#2"},
				"up": {"uv": [4, 4, 5, 10], "texture": "#2"},
				"down": {"uv": [4, 4, 5, 10], "texture": "#3"}
			}
		},
		{
			"from": [-2, 6, -4],
			"to": [4, 7, -3],
			"faces": {
				"north": {"uv": [4, 4, 10, 5], "texture": "#2"},
				"east": {"uv": [4, 4, 5, 5], "texture": "#2"},
				"south": {"uv": [4, 4, 10, 5], "texture": "#2"},
				"west": {"uv": [4, 4, 5, 5], "texture": "#2"},
				"up": {"uv": [4, 4, 10, 5], "texture": "#2"},
				"down": {"uv": [4, 4, 10, 5], "texture": "#3"}
			}
		},
		{
			"from": [-2, 6, 5],
			"to": [4, 7, 6],
			"faces": {
				"north": {"uv": [4, 4, 10, 5], "texture": "#2"},
				"east": {"uv": [4, 4, 5, 5], "texture": "#2"},
				"south": {"uv": [4, 4, 10, 5], "texture": "#2"},
				"west": {"uv": [4, 4, 5, 5], "texture": "#2"},
				"up": {"uv": [4, 4, 10, 5], "texture": "#2"},
				"down": {"uv": [4, 4, 10, 5], "texture": "#3"}
			}
		},
		{
			"from": [-1.25, 10, -1.25],
			"to": [4.75, 11, 4.75],
			"faces": {
				"north": {"uv": [4, 4, 10, 5], "texture": "#2"},
				"east": {"uv": [4, 4, 10, 5], "texture": "#2"},
				"south": {"uv": [4, 4, 10, 5], "texture": "#2"},
				"west": {"uv": [4, 4, 10, 5], "texture": "#2"},
				"up": {"uv": [4, 4, 10, 10], "texture": "#2"},
				"down": {"uv": [4, 4, 10, 10], "texture": "#3"}
			}
		},
		{
			"from": [4.75, 10, -0.25],
			"to": [5.75, 11, 3.75],
			"faces": {
				"north": {"uv": [4, 4, 5, 5], "texture": "#2"},
				"east": {"uv": [4, 4, 8, 5], "texture": "#2"},
				"south": {"uv": [4, 4, 5, 5], "texture": "#2"},
				"west": {"uv": [4, 4, 8, 5], "texture": "#2"},
				"up": {"uv": [4, 4, 5, 8], "texture": "#2"},
				"down": {"uv": [4, 4, 5, 8], "texture": "#3"}
			}
		},
		{
			"from": [-2.25, 10, -0.25],
			"to": [-1.25, 11, 3.75],
			"faces": {
				"north": {"uv": [4, 4, 5, 5], "texture": "#2"},
				"east": {"uv": [4, 4, 8, 5], "texture": "#2"},
				"south": {"uv": [4, 4, 5, 5], "texture": "#2"},
				"west": {"uv": [4, 4, 8, 5], "texture": "#2"},
				"up": {"uv": [4, 4, 5, 8], "texture": "#2"},
				"down": {"uv": [4, 4, 5, 8], "texture": "#3"}
			}
		},
		{
			"from": [-0.25, 10, -2.25],
			"to": [3.75, 11, -1.25],
			"faces": {
				"north": {"uv": [4, 4, 8, 5], "texture": "#2"},
				"east": {"uv": [4, 4, 5, 5], "texture": "#2"},
				"south": {"uv": [4, 4, 8, 5], "texture": "#2"},
				"west": {"uv": [4, 4, 5, 5], "texture": "#2"},
				"up": {"uv": [4, 4, 8, 5], "texture": "#2"},
				"down": {"uv": [4, 4, 8, 5], "texture": "#3"}
			}
		},
		{
			"from": [-0.25, 10, 4.75],
			"to": [3.75, 11, 5.75],
			"faces": {
				"north": {"uv": [4, 4, 8, 5], "texture": "#2"},
				"east": {"uv": [4, 4, 5, 5], "texture": "#2"},
				"south": {"uv": [4, 4, 8, 5], "texture": "#2"},
				"west": {"uv": [4, 4, 5, 5], "texture": "#2"},
				"up": {"uv": [4, 4, 8, 5], "texture": "#2"},
				"down": {"uv": [4, 4, 8, 5], "texture": "#3"}
			}
		},
		{
			"from": [13, 9, 12.75],
			"to": [19, 11, 18.75],
			"faces": {
				"north": {"uv": [4, 4, 10, 6], "texture": "#2"},
				"east": {"uv": [4, 4, 10, 6], "texture": "#2"},
				"south": {"uv": [4, 4, 10, 6], "texture": "#2"},
				"west": {"uv": [4, 4, 10, 6], "texture": "#2"},
				"up": {"uv": [4, 4, 10, 10], "texture": "#2"},
				"down": {"uv": [4, 4, 10, 10], "texture": "#3"}
			}
		},
		{
			"from": [19, 9, 13.75],
			"to": [20, 11, 17.75],
			"faces": {
				"north": {"uv": [4, 4, 5, 6], "texture": "#2"},
				"east": {"uv": [4, 4, 8, 6], "texture": "#2"},
				"south": {"uv": [4, 4, 5, 6], "texture": "#2"},
				"west": {"uv": [4, 4, 8, 6], "texture": "#2"},
				"up": {"uv": [4, 4, 5, 8], "texture": "#2"},
				"down": {"uv": [4, 4, 5, 8], "texture": "#3"}
			}
		},
		{
			"from": [12, 9, 13.75],
			"to": [13, 11, 17.75],
			"faces": {
				"north": {"uv": [4, 4, 5, 6], "texture": "#2"},
				"east": {"uv": [4, 4, 8, 6], "texture": "#2"},
				"south": {"uv": [4, 4, 5, 6], "texture": "#2"},
				"west": {"uv": [4, 4, 8, 6], "texture": "#2"},
				"up": {"uv": [4, 4, 5, 8], "texture": "#2"},
				"down": {"uv": [4, 4, 5, 8], "texture": "#3"}
			}
		},
		{
			"from": [14, 9, 11.75],
			"to": [18, 11, 12.75],
			"faces": {
				"north": {"uv": [4, 4, 8, 6], "texture": "#2"},
				"east": {"uv": [4, 4, 5, 6], "texture": "#2"},
				"south": {"uv": [4, 4, 8, 6], "texture": "#2"},
				"west": {"uv": [4, 4, 5, 6], "texture": "#2"},
				"up": {"uv": [4, 4, 8, 5], "texture": "#2"},
				"down": {"uv": [4, 4, 8, 5], "texture": "#3"}
			}
		},
		{
			"from": [14, 9, 18.75],
			"to": [18, 11, 19.75],
			"faces": {
				"north": {"uv": [4, 4, 8, 6], "texture": "#2"},
				"east": {"uv": [4, 4, 5, 6], "texture": "#2"},
				"south": {"uv": [4, 4, 8, 6], "texture": "#2"},
				"west": {"uv": [4, 4, 5, 6], "texture": "#2"},
				"up": {"uv": [4, 4, 8, 5], "texture": "#2"},
				"down": {"uv": [4, 4, 8, 5], "texture": "#3"}
			}
		},
		{
			"from": [-2, 5, -2.25],
			"to": [4, 6, 4],
			"faces": {
				"north": {"uv": [5, 3, 11, 4], "texture": "#4"},
				"east": {"uv": [5, 3, 11.25, 4], "texture": "#4"},
				"south": {"uv": [5, 3, 11, 4], "texture": "#4"},
				"west": {"uv": [5, 3, 11.25, 4], "texture": "#4"},
				"up": {"uv": [5, 3, 11, 9.25], "texture": "#4"},
				"down": {"uv": [5, 3, 11, 9.25], "texture": "#4"}
			}
		},
		{
			"from": [-0.5, 9, -0.75],
			"to": [4, 10, 4],
			"faces": {
				"north": {"uv": [5, 3, 11, 4], "texture": "#4"},
				"east": {"uv": [5, 3, 11.25, 4], "texture": "#4"},
				"south": {"uv": [5, 3, 11, 4], "texture": "#4"},
				"west": {"uv": [5, 3, 11.25, 4], "texture": "#4"},
				"up": {"uv": [5, 3, 11, 9.25], "texture": "#4"},
				"down": {"uv": [5, 3, 11, 9.25], "texture": "#4"}
			}
		},
		{
			"from": [13, 8, 12.75],
			"to": [17.5, 9, 17.5],
			"faces": {
				"north": {"uv": [5, 3, 11, 4], "texture": "#4"},
				"east": {"uv": [5, 3, 11.25, 4], "texture": "#4"},
				"south": {"uv": [5, 3, 11, 4], "texture": "#4"},
				"west": {"uv": [5, 3, 11.25, 4], "texture": "#4"},
				"up": {"uv": [5, 3, 11, 9.25], "texture": "#4"},
				"down": {"uv": [5, 3, 11, 9.25], "texture": "#4"}
			}
		}
	],
	"groups": [
		0,
		{
			"name": "mushroom",
			"origin": [0, 0, 0],
			"color": 0,
			"children": [1, 2, 3, 4, 5]
		},
		{
			"name": "mushroom2",
			"origin": [0, 0, 0],
			"color": 0,
			"children": [6, 7, 8, 9, 10]
		},
		{
			"name": "mushroom2",
			"origin": [0, 0, 0],
			"color": 0,
			"children": [11, 12, 13, 14, 15]
		},
		{
			"name": "mushroom",
			"origin": [0, 0, 0],
			"color": 0,
			"children": [16, 17, 18]
		},
		{
			"name": "mushroom",
			"origin": [0, 0, 0],
			"color": 0,
			"children": []
		},
		{
			"name": "mushroom",
			"origin": [0, 0, 0],
			"color": 0,
			"children": []
		}
	]
}