{
	"parent": "minecraft:block/cube_column",
	"textures": {
		"0": "block/birch_log",
		"1": "block/birch_log_top",
		"2": "block/brown_mushroom_block",
		"3": "block/mushroom_block_inside",
		"4": "block/mushroom_stem",
		"particle": "block/birch_log"
	},
	"elements": [
		{
			"from": [0, 0, 0],
			"to": [16, 16, 16],
			"faces": {
				"north": {"uv": [0, 0, 16, 16], "texture": "#0"},
				"east": {"uv": [0, 0, 16, 16], "texture": "#0"},
				"south": {"uv": [0, 0, 16, 16], "texture": "#0"},
				"west": {"uv": [0, 0, 16, 16], "texture": "#0"},
				"up": {"uv": [0, 0, 16, 16], "texture": "#1"},
				"down": {"uv": [0, 0, 16, 16], "texture": "#1"}
			}
		},
		{
			"from": [12, 6, -3],
			"to": [20, 7, 5],
			"faces": {
				"north": {"uv": [4, 4, 12, 5], "texture": "#2"},
				"east": {"uv": [4, 4, 12, 5], "texture": "#2"},
				"south": {"uv": [4, 4, 12, 5], "texture": "#2"},
				"west": {"uv": [4, 4, 12, 5], "texture": "#2"},
				"up": {"uv": [4, 4, 12, 12], "texture": "#2"},
				"down": {"uv": [4, 4, 12, 12], "texture": "#3"}
			}
		},
		{
			"from": [13.5, 4, 13.75],
			"to": [17.5, 5, 17.75],
			"faces": {
				"north": {"uv": [4, 4, 8, 5], "texture": "#2"},
				"east": {"uv": [4, 4, 8, 5], "texture": "#2"},
				"south": {"uv": [4, 4, 8, 5], "texture": "#2"},
				"west": {"uv": [4, 4, 8, 5], "texture": "#2"},
				"up": {"uv": [4, 4, 8, 8], "texture": "#2"},
				"down": {"uv": [4, 4, 8, 8], "texture": "#3"}
			}
		},
		{
			"from": [20, 6, -2],
			"to": [21, 7, 4],
			"faces": {
				"north": {"uv": [4, 4, 5, 5], "texture": "#2"},
				"east": {"uv": [4, 4, 10, 5], "texture": "#2"},
				"south": {"uv": [4, 4, 5, 5], "texture": "#2"},
				"west": {"uv": [4, 4, 10, 5], "texture": "#2"},
				"up": {"uv": [4, 4, 5, 10], "texture": "#2"},
				"down": {"uv": [4, 4, 5, 10], "texture": "#3"}
			}
		},
		{
			"from": [11, 6, -2],
			"to": [12, 7, 4],
			"faces": {
				"north": {"uv": [4, 4, 5, 5], "texture": "#2"},
				"east": {"uv": [4, 4, 10, 5], "texture": "#2"},
				"south": {"uv": [4, 4, 5, 5], "texture": "#2"},
				"west": {"uv": [4, 4, 10, 5], "texture": "#2"},
				"up": {"uv": [4, 4, 5, 10], "texture": "#2"},
				"down": {"uv": [4, 4, 5, 10], "texture": "#3"}
			}
		},
		{
			"from": [13, 6, -4],
			"to": [19, 7, -3],
			"faces": {
				"north": {"uv": [4, 4, 10, 5], "texture": "#2"},
				"east": {"uv": [4, 4, 5, 5], "texture": "#2"},
				"south": {"uv": [4, 4, 10, 5], "texture": "#2"},
				"west": {"uv": [4, 4, 5, 5], "texture": "#2"},
				"up": {"uv": [4, 4, 10, 5], "texture": "#2"},
				"down": {"uv": [4, 4, 10, 5], "texture": "#3"}
			}
		},
		{
			"from": [13, 6, 5],
			"to": [19, 7, 6],
			"faces": {
				"north": {"uv": [4, 4, 10, 5], "texture": "#2"},
				"east": {"uv": [4, 4, 5, 5], "texture": "#2"},
				"south": {"uv": [4, 4, 10, 5], "texture": "#2"},
				"west": {"uv": [4, 4, 5, 5], "texture": "#2"},
				"up": {"uv": [4, 4, 10, 5], "texture": "#2"},
				"down": {"uv": [4, 4, 10, 5], "texture": "#3"}
			}
		},
		{
			"from": [-1.25, 10, -1.25],
			"to": [4.75, 11, 4.75],
			"faces": {
				"north": {"uv": [4, 4, 10, 5], "texture": "#2"},
				"east": {"uv": [4, 4, 10, 5], "texture": "#2"},
				"south": {"uv": [4, 4, 10, 5], "texture": "#2"},
				"west": {"uv": [4, 4, 10, 5], "texture": "#2"},
				"up": {"uv": [4, 4, 10, 10], "texture": "#2"},
				"down": {"uv": [4, 4, 10, 10], "texture": "#3"}
			}
		},
		{
			"from": [4.75, 10, -0.25],
			"to": [5.75, 11, 3.75],
			"faces": {
				"north": {"uv": [4, 4, 5, 5], "texture": "#2"},
				"east": {"uv": [4, 4, 8, 5], "texture": "#2"},
				"south": {"uv": [4, 4, 5, 5], "texture": "#2"},
				"west": {"uv": [4, 4, 8, 5], "texture": "#2"},
				"up": {"uv": [4, 4, 5, 8], "texture": "#2"},
				"down": {"uv": [4, 4, 5, 8], "texture": "#3"}
			}
		},
		{
			"from": [-2.25, 10, -0.25],
			"to": [-1.25, 11, 3.75],
			"faces": {
				"north": {"uv": [4, 4, 5, 5], "texture": "#2"},
				"east": {"uv": [4, 4, 8, 5], "texture": "#2"},
				"south": {"uv": [4, 4, 5, 5], "texture": "#2"},
				"west": {"uv": [4, 4, 8, 5], "texture": "#2"},
				"up": {"uv": [4, 4, 5, 8], "texture": "#2"},
				"down": {"uv": [4, 4, 5, 8], "texture": "#3"}
			}
		},
		{
			"from": [-0.25, 10, -2.25],
			"to": [3.75, 11, -1.25],
			"faces": {
				"north": {"uv": [4, 4, 8, 5], "texture": "#2"},
				"east": {"uv": [4, 4, 5, 5], "texture": "#2"},
				"south": {"uv": [4, 4, 8, 5], "texture": "#2"},
				"west": {"uv": [4, 4, 5, 5], "texture": "#2"},
				"up": {"uv": [4, 4, 8, 5], "texture": "#2"},
				"down": {"uv": [4, 4, 8, 5], "texture": "#3"}
			}
		},
		{
			"from": [-0.25, 10, 4.75],
			"to": [3.75, 11, 5.75],
			"faces": {
				"north": {"uv": [4, 4, 8, 5], "texture": "#2"},
				"east": {"uv": [4, 4, 5, 5], "texture": "#2"},
				"south": {"uv": [4, 4, 8, 5], "texture": "#2"},
				"west": {"uv": [4, 4, 5, 5], "texture": "#2"},
				"up": {"uv": [4, 4, 8, 5], "texture": "#2"},
				"down": {"uv": [4, 4, 8, 5], "texture": "#3"}
			}
		},
		{
			"from": [-0.75, 9, -0.75],
			"to": [4.25, 10, 3.5],
			"faces": {
				"north": {"uv": [5, 3, 11, 4], "texture": "#4"},
				"east": {"uv": [5, 3, 11.25, 4], "texture": "#4"},
				"south": {"uv": [5, 3, 11, 4], "texture": "#4"},
				"west": {"uv": [5, 3, 11.25, 4], "texture": "#4"},
				"up": {"uv": [5, 3, 11, 9.25], "texture": "#4"},
				"down": {"uv": [5, 3, 11, 9.25], "texture": "#4"}
			}
		},
		{
			"from": [12.5, 5, -1.75],
			"to": [18.75, 6, 4.5],
			"faces": {
				"north": {"uv": [5, 3, 11, 4], "texture": "#4"},
				"east": {"uv": [5, 3, 11.25, 4], "texture": "#4"},
				"south": {"uv": [5, 3, 11, 4], "texture": "#4"},
				"west": {"uv": [5, 3, 11.25, 4], "texture": "#4"},
				"up": {"uv": [5, 3, 11, 9.25], "texture": "#4"},
				"down": {"uv": [5, 3, 11, 9.25], "texture": "#4"}
			}
		},
		{
			"from": [14.5, 3, 14.5],
			"to": [16.75, 4, 17.25],
			"faces": {
				"north": {"uv": [5, 3, 11, 4], "texture": "#4"},
				"east": {"uv": [5, 3, 11.25, 4], "texture": "#4"},
				"south": {"uv": [5, 3, 11, 4], "texture": "#4"},
				"west": {"uv": [5, 3, 11.25, 4], "texture": "#4"},
				"up": {"uv": [5, 3, 11, 9.25], "texture": "#4"},
				"down": {"uv": [5, 3, 11, 9.25], "texture": "#4"}
			}
		}
	],
	"groups": [
		0,
		{
			"name": "mushroom",
			"origin": [0, 0, 0],
			"color": 0,
			"children": [1, 2, 3, 4, 5, 6]
		},
		{
			"name": "mushroom2",
			"origin": [0, 0, 0],
			"color": 0,
			"children": [7, 8, 9, 10, 11]
		},
		{
			"name": "mushroom",
			"origin": [0, 0, 0],
			"color": 0,
			"children": [12, 13, 14]
		},
		{
			"name": "mushroom",
			"origin": [0, 0, 0],
			"color": 0,
			"children": []
		},
		{
			"name": "mushroom",
			"origin": [0, 0, 0],
			"color": 0,
			"children": []
		}
	]
}