{
	"parent": "minecraft:block/cube_column",
	"textures": {
		"0": "block/birch_log",
		"1": "block/birch_log_top",
		"2": "block/brown_mushroom_block",
		"3": "block/mushroom_block_inside",
		"4": "block/mushroom_stem",
		"particle": "block/birch_log"
	},
	"elements": [
		{
			"from": [0, 0, 0],
			"to": [16, 16, 16],
			"faces": {
				"north": {"uv": [0, 0, 16, 16], "texture": "#0"},
				"east": {"uv": [0, 0, 16, 16], "texture": "#0"},
				"south": {"uv": [0, 0, 16, 16], "texture": "#0"},
				"west": {"uv": [0, 0, 16, 16], "texture": "#0"},
				"up": {"uv": [0, 0, 16, 16], "texture": "#1"},
				"down": {"uv": [0, 0, 16, 16], "texture": "#1"}
			}
		},
		{
			"from": [-2, 11, 10],
			"to": [6, 13, 18],
			"faces": {
				"north": {"uv": [4, 4, 12, 6], "texture": "#2"},
				"east": {"uv": [4, 4, 12, 6], "texture": "#2"},
				"south": {"uv": [4, 4, 12, 6], "texture": "#2"},
				"west": {"uv": [4, 4, 12, 6], "texture": "#2"},
				"up": {"uv": [4, 4, 12, 12], "texture": "#2"},
				"down": {"uv": [4, 4, 12, 12], "texture": "#3"}
			}
		},
		{
			"from": [6, 11, 11],
			"to": [7, 13, 17],
			"faces": {
				"north": {"uv": [4, 4, 5, 6], "texture": "#2"},
				"east": {"uv": [4, 4, 10, 6], "texture": "#2"},
				"south": {"uv": [4, 4, 5, 6], "texture": "#2"},
				"west": {"uv": [4, 4, 10, 6], "texture": "#2"},
				"up": {"uv": [4, 4, 5, 10], "texture": "#2"},
				"down": {"uv": [4, 4, 5, 10], "texture": "#3"}
			}
		},
		{
			"from": [-3, 11, 11],
			"to": [-2, 13, 17],
			"faces": {
				"north": {"uv": [4, 4, 5, 6], "texture": "#2"},
				"east": {"uv": [4, 4, 10, 6], "texture": "#2"},
				"south": {"uv": [4, 4, 5, 6], "texture": "#2"},
				"west": {"uv": [4, 4, 10, 6], "texture": "#2"},
				"up": {"uv": [4, 4, 5, 10], "texture": "#2"},
				"down": {"uv": [4, 4, 5, 10], "texture": "#3"}
			}
		},
		{
			"from": [-1, 11, 9],
			"to": [5, 13, 10],
			"faces": {
				"north": {"uv": [4, 4, 10, 6], "texture": "#2"},
				"east": {"uv": [4, 4, 5, 6], "texture": "#2"},
				"south": {"uv": [4, 4, 10, 6], "texture": "#2"},
				"west": {"uv": [4, 4, 5, 6], "texture": "#2"},
				"up": {"uv": [4, 4, 10, 5], "texture": "#2"},
				"down": {"uv": [4, 4, 10, 5], "texture": "#3"}
			}
		},
		{
			"from": [-1, 11, 18],
			"to": [5, 13, 19],
			"faces": {
				"north": {"uv": [4, 4, 10, 6], "texture": "#2"},
				"east": {"uv": [4, 4, 5, 6], "texture": "#2"},
				"south": {"uv": [4, 4, 10, 6], "texture": "#2"},
				"west": {"uv": [4, 4, 5, 6], "texture": "#2"},
				"up": {"uv": [4, 4, 10, 5], "texture": "#2"},
				"down": {"uv": [4, 4, 10, 5], "texture": "#3"}
			}
		},
		{
			"from": [-1, 10, 10.75],
			"to": [5, 11, 17],
			"faces": {
				"north": {"uv": [5, 3, 11, 4], "texture": "#4"},
				"east": {"uv": [5, 3, 11.25, 4], "texture": "#4"},
				"south": {"uv": [5, 3, 11, 4], "texture": "#4"},
				"west": {"uv": [5, 3, 11.25, 4], "texture": "#4"},
				"up": {"uv": [5, 3, 11, 9.25], "texture": "#4"},
				"down": {"uv": [5, 3, 11, 9.25], "texture": "#4"}
			}
		},
		{
			"from": [-0.25, 5, -3],
			"to": [7.75, 7, 5],
			"faces": {
				"north": {"uv": [4, 4, 12, 6], "texture": "#2"},
				"east": {"uv": [4, 4, 12, 6], "texture": "#2"},
				"south": {"uv": [4, 4, 12, 6], "texture": "#2"},
				"west": {"uv": [4, 4, 12, 6], "texture": "#2"},
				"up": {"uv": [4, 4, 12, 12], "texture": "#2"},
				"down": {"uv": [4, 4, 12, 12], "texture": "#3"}
			}
		},
		{
			"from": [7.75, 5, -2],
			"to": [8.75, 7, 4],
			"faces": {
				"north": {"uv": [4, 4, 5, 6], "texture": "#2"},
				"east": {"uv": [4, 4, 10, 6], "texture": "#2"},
				"south": {"uv": [4, 4, 5, 6], "texture": "#2"},
				"west": {"uv": [4, 4, 10, 6], "texture": "#2"},
				"up": {"uv": [4, 4, 5, 10], "texture": "#2"},
				"down": {"uv": [4, 4, 5, 10], "texture": "#3"}
			}
		},
		{
			"from": [-1.25, 5, -2],
			"to": [-0.25, 7, 4],
			"faces": {
				"north": {"uv": [4, 4, 5, 6], "texture": "#2"},
				"east": {"uv": [4, 4, 10, 6], "texture": "#2"},
				"south": {"uv": [4, 4, 5, 6], "texture": "#2"},
				"west": {"uv": [4, 4, 10, 6], "texture": "#2"},
				"up": {"uv": [4, 4, 5, 10], "texture": "#2"},
				"down": {"uv": [4, 4, 5, 10], "texture": "#3"}
			}
		},
		{
			"from": [0.75, 5, -4],
			"to": [6.75, 7, -3],
			"faces": {
				"north": {"uv": [4, 4, 10, 6], "texture": "#2"},
				"east": {"uv": [4, 4, 5, 6], "texture": "#2"},
				"south": {"uv": [4, 4, 10, 6], "texture": "#2"},
				"west": {"uv": [4, 4, 5, 6], "texture": "#2"},
				"up": {"uv": [4, 4, 10, 5], "texture": "#2"},
				"down": {"uv": [4, 4, 10, 5], "texture": "#3"}
			}
		},
		{
			"from": [0.75, 5, 5],
			"to": [6.75, 7, 6],
			"faces": {
				"north": {"uv": [4, 4, 10, 6], "texture": "#2"},
				"east": {"uv": [4, 4, 5, 6], "texture": "#2"},
				"south": {"uv": [4, 4, 10, 6], "texture": "#2"},
				"west": {"uv": [4, 4, 5, 6], "texture": "#2"},
				"up": {"uv": [4, 4, 10, 5], "texture": "#2"},
				"down": {"uv": [4, 4, 10, 5], "texture": "#3"}
			}
		},
		{
			"from": [0.5, 4, -2.25],
			"to": [6.5, 5, 4],
			"faces": {
				"north": {"uv": [4, 4, 10, 5], "texture": "#4"},
				"east": {"uv": [4, 4, 10.25, 5], "texture": "#4"},
				"south": {"uv": [4, 4, 10, 5], "texture": "#4"},
				"west": {"uv": [4, 4, 10.25, 5], "texture": "#4"},
				"up": {"uv": [4, 4, 10, 10.25], "texture": "#4"},
				"down": {"uv": [4, 4, 10, 10.25], "texture": "#4"}
			}
		},
		{
			"from": [2, 8, 10],
			"to": [10, 9, 18],
			"faces": {
				"north": {"uv": [4, 4, 12, 5], "texture": "#2"},
				"east": {"uv": [4, 4, 12, 5], "texture": "#2"},
				"south": {"uv": [4, 4, 12, 5], "texture": "#2"},
				"west": {"uv": [4, 4, 12, 5], "texture": "#2"},
				"up": {"uv": [4, 4, 12, 12], "texture": "#2"},
				"down": {"uv": [4, 4, 12, 12], "texture": "#3"}
			}
		},
		{
			"from": [14, 5, 4],
			"to": [19, 6, 9],
			"faces": {
				"north": {"uv": [4, 4, 9, 5], "texture": "#2"},
				"east": {"uv": [4, 4, 9, 5], "texture": "#2"},
				"south": {"uv": [4, 4, 9, 5], "texture": "#2"},
				"west": {"uv": [4, 4, 9, 5], "texture": "#2"},
				"up": {"uv": [4, 4, 9, 9], "texture": "#2"},
				"down": {"uv": [4, 4, 9, 9], "texture": "#3"}
			}
		},
		{
			"from": [10, 8, 11],
			"to": [11, 9, 17],
			"faces": {
				"north": {"uv": [4, 4, 5, 5], "texture": "#2"},
				"east": {"uv": [4, 4, 10, 5], "texture": "#2"},
				"south": {"uv": [4, 4, 5, 5], "texture": "#2"},
				"west": {"uv": [4, 4, 10, 5], "texture": "#2"},
				"up": {"uv": [4, 4, 5, 10], "texture": "#2"},
				"down": {"uv": [4, 4, 5, 10], "texture": "#3"}
			}
		},
		{
			"from": [1, 8, 11],
			"to": [2, 9, 17],
			"faces": {
				"north": {"uv": [4, 4, 5, 5], "texture": "#2"},
				"east": {"uv": [4, 4, 10, 5], "texture": "#2"},
				"south": {"uv": [4, 4, 5, 5], "texture": "#2"},
				"west": {"uv": [4, 4, 10, 5], "texture": "#2"},
				"up": {"uv": [4, 4, 5, 10], "texture": "#2"},
				"down": {"uv": [4, 4, 5, 10], "texture": "#3"}
			}
		},
		{
			"from": [3, 8, 9],
			"to": [9, 9, 10],
			"faces": {
				"north": {"uv": [4, 4, 10, 5], "texture": "#2"},
				"east": {"uv": [4, 4, 5, 5], "texture": "#2"},
				"south": {"uv": [4, 4, 10, 5], "texture": "#2"},
				"west": {"uv": [4, 4, 5, 5], "texture": "#2"},
				"up": {"uv": [4, 4, 10, 5], "texture": "#2"},
				"down": {"uv": [4, 4, 10, 5], "texture": "#3"}
			}
		},
		{
			"from": [3, 8, 18],
			"to": [9, 9, 19],
			"faces": {
				"north": {"uv": [4, 4, 10, 5], "texture": "#2"},
				"east": {"uv": [4, 4, 5, 5], "texture": "#2"},
				"south": {"uv": [4, 4, 10, 5], "texture": "#2"},
				"west": {"uv": [4, 4, 5, 5], "texture": "#2"},
				"up": {"uv": [4, 4, 10, 5], "texture": "#2"},
				"down": {"uv": [4, 4, 10, 5], "texture": "#3"}
			}
		},
		{
			"from": [3, 7, 11.25],
			"to": [9, 8, 17.5],
			"faces": {
				"north": {"uv": [5, 3, 11, 4], "texture": "#4"},
				"east": {"uv": [5, 3, 11.25, 4], "texture": "#4"},
				"south": {"uv": [5, 3, 11, 4], "texture": "#4"},
				"west": {"uv": [5, 3, 11.25, 4], "texture": "#4"},
				"up": {"uv": [5, 3, 11, 9.25], "texture": "#4"},
				"down": {"uv": [5, 3, 11, 9.25], "texture": "#4"}
			}
		}
	],
	"groups": [
		0,
		{
			"name": "mushroom",
			"origin": [0, 0, 0],
			"color": 0,
			"children": [1, 2, 3, 4, 5, 6]
		},
		{
			"name": "mushroom",
			"origin": [0, 0, 0],
			"color": 0,
			"children": [7, 8, 9, 10, 11, 12]
		},
		{
			"name": "mushroom",
			"origin": [0, 0, 0],
			"color": 0,
			"children": [13, 14, 15, 16, 17, 18, 19]
		}
	]
}