{
	"texture_size": [8, 8],
	"textures": {
		"1": "block/frog_spawn"
	},
	"elements": [
		{
			"from": [10.5, -2, 11],
			"to": [11.5, -1, 12],
			"rotation": {"angle": 0, "axis": "y", "origin": [7.5, 0, 0]},
			"faces": {
				"north": {"uv": [0, 0, 2, 2], "texture": "#1"},
				"east": {"uv": [0, 2, 2, 4], "texture": "#1"},
				"south": {"uv": [2, 0, 4, 2], "texture": "#1"},
				"west": {"uv": [2, 2, 4, 4], "texture": "#1"},
				"up": {"uv": [2, 6, 0, 4], "texture": "#1"},
				"down": {"uv": [6, 0, 4, 2], "texture": "#1"}
			}
		},
		{
			"from": [10.2, -2.3, 10.7],
			"to": [11.8, -0.7, 12.3],
			"rotation": {"angle": 0, "axis": "y", "origin": [7.5, 0, 0]},
			"faces": {
				"north": {"uv": [2, 4, 4, 6], "texture": "#1"},
				"east": {"uv": [4, 2, 6, 4], "texture": "#1"},
				"south": {"uv": [4, 4, 6, 6], "texture": "#1"},
				"west": {"uv": [0, 6, 2, 8], "texture": "#1"},
				"up": {"uv": [8, 2, 6, 0], "texture": "#1"},
				"down": {"uv": [4, 6, 2, 8], "texture": "#1"}
			}
		},
		{
			"from": [4.5, -2, 10],
			"to": [5.5, -1, 11],
			"rotation": {"angle": 0, "axis": "y", "origin": [7.5, 0, 0]},
			"faces": {
				"north": {"uv": [0, 0, 2, 2], "texture": "#1"},
				"east": {"uv": [0, 2, 2, 4], "texture": "#1"},
				"south": {"uv": [2, 0, 4, 2], "texture": "#1"},
				"west": {"uv": [2, 2, 4, 4], "texture": "#1"},
				"up": {"uv": [2, 6, 0, 4], "texture": "#1"},
				"down": {"uv": [6, 0, 4, 2], "texture": "#1"}
			}
		},
		{
			"from": [4.2, -2.3, 9.7],
			"to": [5.8, -0.7, 11.3],
			"rotation": {"angle": 0, "axis": "y", "origin": [7.5, 0, 0]},
			"faces": {
				"north": {"uv": [2, 4, 4, 6], "texture": "#1"},
				"east": {"uv": [4, 2, 6, 4], "texture": "#1"},
				"south": {"uv": [4, 4, 6, 6], "texture": "#1"},
				"west": {"uv": [0, 6, 2, 8], "texture": "#1"},
				"up": {"uv": [8, 2, 6, 0], "texture": "#1"},
				"down": {"uv": [4, 6, 2, 8], "texture": "#1"}
			}
		},
		{
			"from": [3.5, -2, 6.25],
			"to": [4.5, -1, 7.25],
			"rotation": {"angle": 0, "axis": "y", "origin": [7.5, 0, 0]},
			"faces": {
				"north": {"uv": [0, 0, 2, 2], "texture": "#1"},
				"east": {"uv": [0, 2, 2, 4], "texture": "#1"},
				"south": {"uv": [2, 0, 4, 2], "texture": "#1"},
				"west": {"uv": [2, 2, 4, 4], "texture": "#1"},
				"up": {"uv": [2, 6, 0, 4], "texture": "#1"},
				"down": {"uv": [6, 0, 4, 2], "texture": "#1"}
			}
		},
		{
			"from": [3.2, -2.3, 5.95],
			"to": [4.8, -0.7, 7.55],
			"rotation": {"angle": 0, "axis": "y", "origin": [7.5, 0, 0]},
			"faces": {
				"north": {"uv": [2, 4, 4, 6], "texture": "#1"},
				"east": {"uv": [4, 2, 6, 4], "texture": "#1"},
				"south": {"uv": [4, 4, 6, 6], "texture": "#1"},
				"west": {"uv": [0, 6, 2, 8], "texture": "#1"},
				"up": {"uv": [8, 2, 6, 0], "texture": "#1"},
				"down": {"uv": [4, 6, 2, 8], "texture": "#1"}
			}
		},
		{
			"from": [10.5, -1.75, 6],
			"to": [11.5, -0.75, 7],
			"rotation": {"angle": 0, "axis": "y", "origin": [11, 3.75, 7.5]},
			"faces": {
				"north": {"uv": [0, 2, 2, 4], "texture": "#1"},
				"east": {"uv": [2, 0, 4, 2], "texture": "#1"},
				"south": {"uv": [2, 2, 4, 4], "texture": "#1"},
				"west": {"uv": [0, 0, 2, 2], "texture": "#1"},
				"up": {"uv": [2, 6, 0, 4], "rotation": 270, "texture": "#1"},
				"down": {"uv": [6, 0, 4, 2], "rotation": 90, "texture": "#1"}
			}
		},
		{
			"from": [10.2, -2.05, 5.7],
			"to": [11.8, -0.45, 7.3],
			"rotation": {"angle": 0, "axis": "y", "origin": [11, 3.75, 7.5]},
			"faces": {
				"north": {"uv": [4, 2, 6, 4], "texture": "#1"},
				"east": {"uv": [4, 4, 6, 6], "texture": "#1"},
				"south": {"uv": [0, 6, 2, 8], "texture": "#1"},
				"west": {"uv": [2, 4, 4, 6], "texture": "#1"},
				"up": {"uv": [8, 2, 6, 0], "rotation": 270, "texture": "#1"},
				"down": {"uv": [4, 6, 2, 8], "rotation": 90, "texture": "#1"}
			}
		},
		{
			"from": [7.75, -2.25, 9],
			"to": [8.75, -1.25, 10],
			"rotation": {"angle": 0, "axis": "y", "origin": [9, 3.25, 10.5]},
			"faces": {
				"north": {"uv": [2, 2, 4, 4], "texture": "#1"},
				"east": {"uv": [0, 0, 2, 2], "texture": "#1"},
				"south": {"uv": [0, 2, 2, 4], "texture": "#1"},
				"west": {"uv": [2, 0, 4, 2], "texture": "#1"},
				"up": {"uv": [2, 6, 0, 4], "rotation": 90, "texture": "#1"},
				"down": {"uv": [6, 0, 4, 2], "rotation": 270, "texture": "#1"}
			}
		},
		{
			"from": [7.45, -2.55, 8.7],
			"to": [9.05, -0.95, 10.3],
			"rotation": {"angle": 0, "axis": "y", "origin": [9, 3.25, 10.5]},
			"faces": {
				"north": {"uv": [0, 6, 2, 8], "texture": "#1"},
				"east": {"uv": [2, 4, 4, 6], "texture": "#1"},
				"south": {"uv": [4, 2, 6, 4], "texture": "#1"},
				"west": {"uv": [4, 4, 6, 6], "texture": "#1"},
				"up": {"uv": [8, 2, 6, 0], "rotation": 90, "texture": "#1"},
				"down": {"uv": [4, 6, 2, 8], "rotation": 270, "texture": "#1"}
			}
		},
		{
			"from": [6.5, -2.25, 5],
			"to": [7.5, -1.25, 6],
			"rotation": {"angle": 0, "axis": "y", "origin": [7, 3.25, 6.5]},
			"faces": {
				"north": {"uv": [2, 0, 4, 2], "texture": "#1"},
				"east": {"uv": [2, 2, 4, 4], "texture": "#1"},
				"south": {"uv": [0, 0, 2, 2], "texture": "#1"},
				"west": {"uv": [0, 2, 2, 4], "texture": "#1"},
				"up": {"uv": [2, 6, 0, 4], "rotation": 180, "texture": "#1"},
				"down": {"uv": [6, 0, 4, 2], "rotation": 180, "texture": "#1"}
			}
		},
		{
			"from": [6.2, -2.55, 4.7],
			"to": [7.8, -0.95, 6.3],
			"rotation": {"angle": 0, "axis": "y", "origin": [7, 3.25, 6.5]},
			"faces": {
				"north": {"uv": [4, 4, 6, 6], "texture": "#1"},
				"east": {"uv": [0, 6, 2, 8], "texture": "#1"},
				"south": {"uv": [2, 4, 4, 6], "texture": "#1"},
				"west": {"uv": [4, 2, 6, 4], "texture": "#1"},
				"up": {"uv": [8, 2, 6, 0], "rotation": 180, "texture": "#1"},
				"down": {"uv": [4, 6, 2, 8], "rotation": 180, "texture": "#1"}
			}
		},
		{
			"from": [8.5, -2.75, 3],
			"to": [9.5, -1.75, 4],
			"rotation": {"angle": 0, "axis": "y", "origin": [7.5, 0, 0]},
			"faces": {
				"north": {"uv": [0, 0, 2, 2], "texture": "#1"},
				"east": {"uv": [0, 2, 2, 4], "texture": "#1"},
				"south": {"uv": [2, 0, 4, 2], "texture": "#1"},
				"west": {"uv": [2, 2, 4, 4], "texture": "#1"},
				"up": {"uv": [2, 6, 0, 4], "texture": "#1"},
				"down": {"uv": [6, 0, 4, 2], "texture": "#1"}
			}
		},
		{
			"from": [8.2, -3.05, 2.7],
			"to": [9.8, -1.45, 4.3],
			"rotation": {"angle": 0, "axis": "y", "origin": [7.5, 0, 0]},
			"faces": {
				"north": {"uv": [2, 4, 4, 6], "texture": "#1"},
				"east": {"uv": [4, 2, 6, 4], "texture": "#1"},
				"south": {"uv": [4, 4, 6, 6], "texture": "#1"},
				"west": {"uv": [0, 6, 2, 8], "texture": "#1"},
				"up": {"uv": [8, 2, 6, 0], "texture": "#1"},
				"down": {"uv": [4, 6, 2, 8], "texture": "#1"}
			}
		},
		{
			"from": [5.5, -2, 7.25],
			"to": [6.5, -1, 8.25],
			"rotation": {"angle": 0, "axis": "y", "origin": [7.5, 0, 0]},
			"faces": {
				"north": {"uv": [0, 0, 2, 2], "texture": "#1"},
				"east": {"uv": [0, 2, 2, 4], "texture": "#1"},
				"south": {"uv": [2, 0, 4, 2], "texture": "#1"},
				"west": {"uv": [2, 2, 4, 4], "texture": "#1"},
				"up": {"uv": [2, 6, 0, 4], "texture": "#1"},
				"down": {"uv": [6, 0, 4, 2], "texture": "#1"}
			}
		},
		{
			"from": [5.2, -2.3, 6.95],
			"to": [6.8, -0.7, 8.55],
			"rotation": {"angle": 0, "axis": "y", "origin": [7.5, 0, 0]},
			"faces": {
				"north": {"uv": [2, 4, 4, 6], "texture": "#1"},
				"east": {"uv": [4, 2, 6, 4], "texture": "#1"},
				"south": {"uv": [4, 4, 6, 6], "texture": "#1"},
				"west": {"uv": [0, 6, 2, 8], "texture": "#1"},
				"up": {"uv": [8, 2, 6, 0], "texture": "#1"},
				"down": {"uv": [4, 6, 2, 8], "texture": "#1"}
			}
		},
		{
			"from": [11.75, -2.25, 8],
			"to": [12.75, -1.25, 9],
			"rotation": {"angle": 0, "axis": "y", "origin": [9, 3.25, 10.5]},
			"faces": {
				"north": {"uv": [2, 2, 4, 4], "texture": "#1"},
				"east": {"uv": [0, 0, 2, 2], "texture": "#1"},
				"south": {"uv": [0, 2, 2, 4], "texture": "#1"},
				"west": {"uv": [2, 0, 4, 2], "texture": "#1"},
				"up": {"uv": [2, 6, 0, 4], "rotation": 90, "texture": "#1"},
				"down": {"uv": [6, 0, 4, 2], "rotation": 270, "texture": "#1"}
			}
		},
		{
			"from": [11.45, -2.55, 7.7],
			"to": [13.05, -0.95, 9.3],
			"rotation": {"angle": 0, "axis": "y", "origin": [9, 3.25, 10.5]},
			"faces": {
				"north": {"uv": [0, 6, 2, 8], "texture": "#1"},
				"east": {"uv": [2, 4, 4, 6], "texture": "#1"},
				"south": {"uv": [4, 2, 6, 4], "texture": "#1"},
				"west": {"uv": [4, 4, 6, 6], "texture": "#1"},
				"up": {"uv": [8, 2, 6, 0], "rotation": 90, "texture": "#1"},
				"down": {"uv": [4, 6, 2, 8], "rotation": 270, "texture": "#1"}
			}
		},
		{
			"from": [6.75, -2.25, 12],
			"to": [7.75, -1.25, 13],
			"rotation": {"angle": 0, "axis": "y", "origin": [9, 3.25, 10.5]},
			"faces": {
				"north": {"uv": [2, 2, 4, 4], "texture": "#1"},
				"east": {"uv": [0, 0, 2, 2], "texture": "#1"},
				"south": {"uv": [0, 2, 2, 4], "texture": "#1"},
				"west": {"uv": [2, 0, 4, 2], "texture": "#1"},
				"up": {"uv": [2, 6, 0, 4], "rotation": 90, "texture": "#1"},
				"down": {"uv": [6, 0, 4, 2], "rotation": 270, "texture": "#1"}
			}
		},
		{
			"from": [6.45, -2.55, 11.7],
			"to": [8.05, -0.95, 13.3],
			"rotation": {"angle": 0, "axis": "y", "origin": [9, 3.25, 10.5]},
			"faces": {
				"north": {"uv": [0, 6, 2, 8], "texture": "#1"},
				"east": {"uv": [2, 4, 4, 6], "texture": "#1"},
				"south": {"uv": [4, 2, 6, 4], "texture": "#1"},
				"west": {"uv": [4, 4, 6, 6], "texture": "#1"},
				"up": {"uv": [8, 2, 6, 0], "rotation": 90, "texture": "#1"},
				"down": {"uv": [4, 6, 2, 8], "rotation": 270, "texture": "#1"}
			}
		},
		{
			"from": [2.5, -2.25, 2.25],
			"to": [3.5, -1.25, 3.25],
			"rotation": {"angle": 0, "axis": "y", "origin": [7.5, 0, 0]},
			"faces": {
				"north": {"uv": [0, 0, 2, 2], "texture": "#1"},
				"east": {"uv": [0, 2, 2, 4], "texture": "#1"},
				"south": {"uv": [2, 0, 4, 2], "texture": "#1"},
				"west": {"uv": [2, 2, 4, 4], "texture": "#1"},
				"up": {"uv": [2, 6, 0, 4], "texture": "#1"},
				"down": {"uv": [6, 0, 4, 2], "texture": "#1"}
			}
		},
		{
			"from": [2.2, -2.55, 1.95],
			"to": [3.8, -0.95, 3.55],
			"rotation": {"angle": 0, "axis": "y", "origin": [7.5, 0, 0]},
			"faces": {
				"north": {"uv": [2, 4, 4, 6], "texture": "#1"},
				"east": {"uv": [4, 2, 6, 4], "texture": "#1"},
				"south": {"uv": [4, 4, 6, 6], "texture": "#1"},
				"west": {"uv": [0, 6, 2, 8], "texture": "#1"},
				"up": {"uv": [8, 2, 6, 0], "texture": "#1"},
				"down": {"uv": [4, 6, 2, 8], "texture": "#1"}
			}
		},
		{
			"from": [13, -2.25, 3.25],
			"to": [14, -1.25, 4.25],
			"rotation": {"angle": 0, "axis": "y", "origin": [7.5, 0, 0]},
			"faces": {
				"north": {"uv": [0, 0, 2, 2], "texture": "#1"},
				"east": {"uv": [0, 2, 2, 4], "texture": "#1"},
				"south": {"uv": [2, 0, 4, 2], "texture": "#1"},
				"west": {"uv": [2, 2, 4, 4], "texture": "#1"},
				"up": {"uv": [2, 6, 0, 4], "texture": "#1"},
				"down": {"uv": [6, 0, 4, 2], "texture": "#1"}
			}
		},
		{
			"from": [12.7, -2.55, 2.95],
			"to": [14.3, -0.95, 4.55],
			"rotation": {"angle": 0, "axis": "y", "origin": [7.5, 0, 0]},
			"faces": {
				"north": {"uv": [2, 4, 4, 6], "texture": "#1"},
				"east": {"uv": [4, 2, 6, 4], "texture": "#1"},
				"south": {"uv": [4, 4, 6, 6], "texture": "#1"},
				"west": {"uv": [0, 6, 2, 8], "texture": "#1"},
				"up": {"uv": [8, 2, 6, 0], "texture": "#1"},
				"down": {"uv": [4, 6, 2, 8], "texture": "#1"}
			}
		},
		{
			"from": [1.5, -2.5, 11.25],
			"to": [2.5, -1.5, 12.25],
			"rotation": {"angle": 0, "axis": "y", "origin": [7.5, 0, 0]},
			"faces": {
				"north": {"uv": [0, 0, 2, 2], "texture": "#1"},
				"east": {"uv": [0, 2, 2, 4], "texture": "#1"},
				"south": {"uv": [2, 0, 4, 2], "texture": "#1"},
				"west": {"uv": [2, 2, 4, 4], "texture": "#1"},
				"up": {"uv": [2, 6, 0, 4], "texture": "#1"},
				"down": {"uv": [6, 0, 4, 2], "texture": "#1"}
			}
		},
		{
			"from": [1.2, -2.8, 10.95],
			"to": [2.8, -1.2, 12.55],
			"rotation": {"angle": 0, "axis": "y", "origin": [7.5, 0, 0]},
			"faces": {
				"north": {"uv": [2, 4, 4, 6], "texture": "#1"},
				"east": {"uv": [4, 2, 6, 4], "texture": "#1"},
				"south": {"uv": [4, 4, 6, 6], "texture": "#1"},
				"west": {"uv": [0, 6, 2, 8], "texture": "#1"},
				"up": {"uv": [8, 2, 6, 0], "texture": "#1"},
				"down": {"uv": [4, 6, 2, 8], "texture": "#1"}
			}
		},
		{
			"from": [13.5, -2.5, 10.5],
			"to": [14.5, -1.5, 11.5],
			"rotation": {"angle": 0, "axis": "y", "origin": [7.5, 0, 0]},
			"faces": {
				"north": {"uv": [0, 0, 2, 2], "texture": "#1"},
				"east": {"uv": [0, 2, 2, 4], "texture": "#1"},
				"south": {"uv": [2, 0, 4, 2], "texture": "#1"},
				"west": {"uv": [2, 2, 4, 4], "texture": "#1"},
				"up": {"uv": [2, 6, 0, 4], "texture": "#1"},
				"down": {"uv": [6, 0, 4, 2], "texture": "#1"}
			}
		},
		{
			"from": [13.2, -2.8, 10.2],
			"to": [14.8, -1.2, 11.8],
			"rotation": {"angle": 0, "axis": "y", "origin": [7.5, 0, 0]},
			"faces": {
				"north": {"uv": [2, 4, 4, 6], "texture": "#1"},
				"east": {"uv": [4, 2, 6, 4], "texture": "#1"},
				"south": {"uv": [4, 4, 6, 6], "texture": "#1"},
				"west": {"uv": [0, 6, 2, 8], "texture": "#1"},
				"up": {"uv": [8, 2, 6, 0], "texture": "#1"},
				"down": {"uv": [4, 6, 2, 8], "texture": "#1"}
			}
		}
	],
	"display": {
		"thirdperson_righthand": {
			"translation": [0, 2.5, 0],
			"scale": [0.47, 0.47, 0.47]
		},
		"thirdperson_lefthand": {
			"translation": [0, 2.5, 0],
			"scale": [0.47, 0.47, 0.47]
		},
		"firstperson_righthand": {
			"rotation": [-90, 0, 0],
			"translation": [0, 0, -5.5]
		},
		"firstperson_lefthand": {
			"rotation": [-90, 0, 0],
			"translation": [0, 0, -5.5]
		},
		"ground": {
			"translation": [0, 1.75, 0]
		},
		"gui": {
			"rotation": [90, 0, 0],
			"translation": [0.25, 0, 0],
			"scale": [1.2, 1.2, 1.2]
		},
		"fixed": {
			"rotation": [-90, 0, 0],
			"translation": [0, 1, -8.5],
			"scale": [1.2, 1.2, 1.2]
		}
	},
	"groups": [
		{
			"name": "egg",
			"origin": [7.5, 0, 0],
			"color": 0,
			"children": [0, 1]
		},
		{
			"name": "egg",
			"origin": [7.5, 0, 0],
			"color": 0,
			"children": [2, 3]
		},
		{
			"name": "egg",
			"origin": [7.5, 0, 0],
			"color": 0,
			"children": [4, 5]
		},
		{
			"name": "egg",
			"origin": [7.5, 0, 0],
			"color": 0,
			"children": [6, 7]
		},
		{
			"name": "egg",
			"origin": [7.5, 0, 0],
			"color": 0,
			"children": [8, 9]
		},
		{
			"name": "egg",
			"origin": [7.5, 0, 0],
			"color": 0,
			"children": [10, 11]
		},
		{
			"name": "egg",
			"origin": [7.5, 0, 0],
			"color": 0,
			"children": [12, 13]
		},
		{
			"name": "egg",
			"origin": [7.5, 0, 0],
			"color": 0,
			"children": [14, 15]
		},
		{
			"name": "egg",
			"origin": [7.5, 0, 0],
			"color": 0,
			"children": [16, 17]
		},
		{
			"name": "egg",
			"origin": [7.5, 0, 0],
			"color": 0,
			"children": [18, 19]
		},
		{
			"name": "egg",
			"origin": [7.5, 0, 0],
			"color": 0,
			"children": [20, 21]
		},
		{
			"name": "egg",
			"origin": [7.5, 0, 0],
			"color": 0,
			"children": [22, 23]
		},
		{
			"name": "egg",
			"origin": [7.5, 0, 0],
			"color": 0,
			"children": [24, 25]
		},
		{
			"name": "egg",
			"origin": [7.5, 0, 0],
			"color": 0,
			"children": [26, 27]
		}
	]
}