{
	"credit": "Made with Blockbench",
	"parent": "block/block",
	"elements": [
		{
			"from": [9, 12, 6.5],
			"to": [15, 13, 9.5],
			"rotation": {"angle": 0, "axis": "y", "origin": [14.5, 8, 8]},
			"faces": {
				"north": {"uv": [5, 0, 11, 1], "texture": "#1"},
				"south": {"uv": [5, 0, 11, 1], "texture": "#1"},
				"up": {"uv": [0, 0, 3, 6], "rotation": 90, "texture": "#1"},
				"down": {"uv": [0, 0, 3, 6], "rotation": 270, "texture": "#1"}
			}
		},
		{
			"from": [9, 0, 6.5],
			"to": [15, 1, 9.5],
			"rotation": {"angle": 0, "axis": "y", "origin": [14.5, 8, 8]},
			"faces": {
				"north": {"uv": [6, 14, 12, 15], "texture": "#1"},
				"south": {"uv": [6, 14, 12, 15], "texture": "#1"},
				"up": {"uv": [3, 10, 6, 16], "rotation": 90, "texture": "#1"},
				"down": {"uv": [0, 10, 3, 16], "rotation": 270, "texture": "#1"}
			}
		},
		{
			"from": [13.5, 1, 7],
			"to": [14.5, 12, 9],
			"rotation": {"angle": 0, "axis": "y", "origin": [14.5, 8, 8]},
			"faces": {
				"north": {"uv": [5, 2, 16, 1], "rotation": 90, "texture": "#0"},
				"east": {"uv": [5, 0, 16, 1], "rotation": 90, "texture": "#0"},
				"south": {"uv": [5, 1, 16, 2], "rotation": 90, "texture": "#0"},
				"west": {"uv": [5, 0, 16, 1], "rotation": 90, "texture": "#0"}
			}
		},
		{
			"from": [11.5, 1, 7],
			"to": [12.5, 12, 9],
			"rotation": {"angle": 0, "axis": "y", "origin": [14.5, 8, 8]},
			"faces": {
				"north": {"uv": [5, 5, 16, 6], "rotation": 90, "texture": "#0"},
				"east": {"uv": [5, 4, 16, 5], "rotation": 90, "texture": "#0"},
				"south": {"uv": [5, 5, 16, 6], "rotation": 90, "texture": "#0"},
				"west": {"uv": [5, 4, 16, 5], "rotation": 90, "texture": "#0"}
			}
		},
		{
			"from": [9.5, 1, 7],
			"to": [10.5, 12, 9],
			"rotation": {"angle": 0, "axis": "y", "origin": [14.5, 8, 8]},
			"faces": {
				"north": {"uv": [5, 9, 16, 10], "rotation": 90, "texture": "#0"},
				"east": {"uv": [5, 8, 16, 9], "rotation": 90, "texture": "#0"},
				"south": {"uv": [5, 9, 16, 10], "rotation": 90, "texture": "#0"},
				"west": {"uv": [5, 8, 16, 9], "rotation": 90, "texture": "#0"}
			}
		},
		{
			"from": [5.5, 1, 7],
			"to": [6.5, 12, 9],
			"rotation": {"angle": 0, "axis": "y", "origin": [14.5, 8, 8]},
			"faces": {
				"north": {"uv": [5, 9, 16, 10], "rotation": 90, "texture": "#0"},
				"east": {"uv": [5, 8, 16, 9], "rotation": 90, "texture": "#0"},
				"south": {"uv": [5, 9, 16, 10], "rotation": 90, "texture": "#0"},
				"west": {"uv": [5, 8, 16, 9], "rotation": 90, "texture": "#0"}
			}
		},
		{
			"from": [3.5, 1, 7],
			"to": [4.5, 12, 9],
			"rotation": {"angle": 0, "axis": "y", "origin": [14.5, 8, 8]},
			"faces": {
				"north": {"uv": [5, 5, 16, 6], "rotation": 90, "texture": "#0"},
				"east": {"uv": [5, 4, 16, 5], "rotation": 90, "texture": "#0"},
				"south": {"uv": [5, 5, 16, 6], "rotation": 90, "texture": "#0"},
				"west": {"uv": [5, 4, 16, 5], "rotation": 90, "texture": "#0"}
			}
		},
		{
			"from": [1.5, 1, 7],
			"to": [2.5, 12, 9],
			"rotation": {"angle": 0, "axis": "y", "origin": [14.5, 8, 8]},
			"faces": {
				"north": {"uv": [5, 2, 16, 1], "rotation": 90, "texture": "#0"},
				"east": {"uv": [5, 0, 16, 1], "rotation": 90, "texture": "#0"},
				"south": {"uv": [5, 1, 16, 2], "rotation": 90, "texture": "#0"},
				"west": {"uv": [5, 0, 16, 1], "rotation": 90, "texture": "#0"}
			}
		},
		{
			"from": [1, 12, 6.5],
			"to": [7, 13, 9.5],
			"rotation": {"angle": 0, "axis": "y", "origin": [1.5, 8, 8]},
			"faces": {
				"north": {"uv": [5, 0, 11, 1], "texture": "#1"},
				"south": {"uv": [5, 0, 11, 1], "texture": "#1"},
				"up": {"uv": [0, 0, 3, 6], "rotation": 270, "texture": "#1"},
				"down": {"uv": [0, 0, 3, 6], "rotation": 90, "texture": "#1"}
			}
		},
		{
			"from": [1, 0, 6.5],
			"to": [7, 1, 9.5],
			"rotation": {"angle": 0, "axis": "y", "origin": [1.5, 8, 8]},
			"faces": {
				"north": {"uv": [6, 14, 12, 15], "texture": "#1"},
				"south": {"uv": [6, 14, 12, 15], "texture": "#1"},
				"up": {"uv": [3, 10, 6, 16], "rotation": 270, "texture": "#1"},
				"down": {"uv": [0, 10, 3, 16], "rotation": 90, "texture": "#1"}
			}
		},
		{
			"from": [15, 0, 6.5],
			"to": [16, 13, 9.5],
			"rotation": {"angle": 0, "axis": "y", "origin": [14.5, 8, 8]},
			"faces": {
				"north": {"uv": [14, 3, 15, 16], "texture": "#1"},
				"east": {"uv": [14, 3, 15, 16], "texture": "#1"},
				"south": {"uv": [14, 3, 15, 16], "texture": "#1"},
				"west": {"uv": [14, 3, 15, 16], "texture": "#1"},
				"up": {"uv": [12, 15, 15, 16], "rotation": 90, "texture": "#1"},
				"down": {"uv": [13, 15, 16, 16], "rotation": 270, "texture": "#1"}
			}
		},
		{
			"from": [7, 0, 6.5],
			"to": [8, 13, 9.5],
			"rotation": {"angle": 0, "axis": "y", "origin": [1.5, 8, 8]},
			"faces": {
				"north": {"uv": [0, 3, 1, 16], "texture": "#1"},
				"east": {"uv": [0, 3, 1, 16], "texture": "#1"},
				"south": {"uv": [0, 3, 1, 16], "texture": "#1"},
				"west": {"uv": [0, 3, 1, 16], "texture": "#1"},
				"up": {"uv": [0, 15, 3, 16], "rotation": 270, "texture": "#1"},
				"down": {"uv": [13, 15, 16, 16], "rotation": 90, "texture": "#1"}
			}
		},
		{
			"from": [8, 0, 6.5],
			"to": [9, 13, 9.5],
			"rotation": {"angle": 0, "axis": "y", "origin": [14.5, 8, 8]},
			"faces": {
				"north": {"uv": [15, 3, 16, 16], "texture": "#1"},
				"east": {"uv": [15, 3, 16, 16], "texture": "#1"},
				"south": {"uv": [15, 3, 16, 16], "texture": "#1"},
				"west": {"uv": [15, 3, 16, 16], "texture": "#1"},
				"up": {"uv": [13, 15, 16, 16], "rotation": 90, "texture": "#1"},
				"down": {"uv": [13, 15, 16, 16], "rotation": 270, "texture": "#1"}
			}
		},
		{
			"from": [0, 0, 6.5],
			"to": [1, 13, 9.5],
			"rotation": {"angle": 0, "axis": "y", "origin": [1.5, 8, 8]},
			"faces": {
				"north": {"uv": [1, 3, 2, 16], "texture": "#1"},
				"east": {"uv": [1, 3, 2, 16], "texture": "#1"},
				"south": {"uv": [1, 3, 2, 16], "texture": "#1"},
				"west": {"uv": [1, 3, 2, 16], "texture": "#1"},
				"up": {"uv": [1, 15, 4, 16], "rotation": 270, "texture": "#1"},
				"down": {"uv": [13, 15, 16, 16], "rotation": 90, "texture": "#1"}
			}
		}
	],
	"groups": [
		{
			"name": "oak_fence_side",
			"origin": [8, 8, 8],
			"color": 0,
			"children": [0, 1, 2, 3, 4, 5, 6, 7]
		},
		{
			"name": "oak_fence_side",
			"origin": [8, 8, 8],
			"color": 0,
			"children": [8, 9, 10, 11, 12, 13]
		}
	]
}