{
	"parent": "block/block",
	"elements": [
		{
			"from": [9, 15, 6.5],
			"to": [15, 16, 9.5],
			"faces": {
				"north": {"uv": [5, 0, 11, 1], "texture": "#1"},
				"south": {"uv": [5, 0, 11, 1], "texture": "#1"},
				"up": {"uv": [0, 0, 3, 6], "rotation": 90, "texture": "#1"},
				"down": {"uv": [0, 0, 3, 6], "rotation": 270, "texture": "#1"}
			}
		},
		{
			"from": [9, 0, 6.5],
			"to": [15, 1, 9.5],
			"faces": {
				"north": {"uv": [6, 14, 12, 15], "texture": "#1"},
				"south": {"uv": [6, 14, 12, 15], "texture": "#1"},
				"up": {"uv": [3, 10, 6, 16], "rotation": 90, "texture": "#1"},
				"down": {"uv": [0, 10, 3, 16], "rotation": 270, "texture": "#1"}
			}
		},
		{
			"from": [13.5, 1, 7],
			"to": [14.5, 15, 9],
			"faces": {
				"north": {"uv": [2, 1, 16, 2], "rotation": 90, "texture": "#2"},
				"east": {"uv": [2, 0, 16, 1], "rotation": 90, "texture": "#2"},
				"south": {"uv": [2, 1, 16, 2], "rotation": 90, "texture": "#2"},
				"west": {"uv": [2, 0, 16, 1], "rotation": 90, "texture": "#2"}
			}
		},
		{
			"from": [11.5, 1, 7],
			"to": [12.5, 15, 9],
			"faces": {
				"north": {"uv": [2, 5, 16, 6], "rotation": 90, "texture": "#2"},
				"east": {"uv": [2, 4, 16, 5], "rotation": 90, "texture": "#2"},
				"south": {"uv": [2, 5, 16, 6], "rotation": 90, "texture": "#2"},
				"west": {"uv": [2, 4, 16, 5], "texture": "#2"}
			}
		},
		{
			"from": [9.5, 1, 7],
			"to": [10.5, 15, 9],
			"faces": {
				"north": {"uv": [2, 9, 16, 10], "rotation": 90, "texture": "#2"},
				"east": {"uv": [2, 8, 16, 9], "rotation": 90, "texture": "#2"},
				"south": {"uv": [2, 9, 16, 10], "rotation": 90, "texture": "#2"},
				"west": {"uv": [2, 8, 16, 9], "rotation": 90, "texture": "#2"}
			}
		},
		{
			"from": [1, 15, 6.5],
			"to": [7, 16, 9.5],
			"faces": {
				"north": {"uv": [5, 0, 11, 1], "texture": "#1"},
				"south": {"uv": [5, 0, 11, 1], "texture": "#1"},
				"up": {"uv": [0, 0, 3, 6], "rotation": 270, "texture": "#1"},
				"down": {"uv": [0, 0, 3, 6], "rotation": 90, "texture": "#1"}
			}
		},
		{
			"from": [1, 0, 6.5],
			"to": [7, 1, 9.5],
			"faces": {
				"north": {"uv": [6, 14, 12, 15], "texture": "#1"},
				"south": {"uv": [6, 14, 12, 15], "texture": "#1"},
				"up": {"uv": [3, 10, 6, 16], "rotation": 270, "texture": "#1"},
				"down": {"uv": [0, 10, 3, 16], "rotation": 90, "texture": "#1"}
			}
		},
		{
			"from": [1.5, 1, 7],
			"to": [2.5, 15, 9],
			"faces": {
				"north": {"uv": [2, 1, 16, 2], "rotation": 90, "texture": "#2"},
				"east": {"uv": [2, 0, 16, 1], "rotation": 90, "texture": "#2"},
				"south": {"uv": [2, 1, 16, 2], "rotation": 90, "texture": "#2"},
				"west": {"uv": [2, 0, 16, 1], "rotation": 90, "texture": "#2"}
			}
		},
		{
			"from": [3.5, 1, 7],
			"to": [4.5, 15, 9],
			"faces": {
				"north": {"uv": [2, 5, 16, 6], "rotation": 90, "texture": "#2"},
				"east": {"uv": [2, 4, 16, 5], "rotation": 90, "texture": "#2"},
				"south": {"uv": [2, 5, 16, 6], "rotation": 90, "texture": "#2"},
				"west": {"uv": [2, 4, 16, 5], "rotation": 90, "texture": "#2"}
			}
		},
		{
			"from": [5.5, 1, 7],
			"to": [6.5, 15, 9],
			"faces": {
				"north": {"uv": [2, 9, 16, 10], "rotation": 90, "texture": "#2"},
				"east": {"uv": [2, 8, 16, 9], "rotation": 90, "texture": "#2"},
				"south": {"uv": [2, 9, 16, 10], "rotation": 90, "texture": "#2"},
				"west": {"uv": [2, 8, 16, 9], "rotation": 90, "texture": "#2"}
			}
		},
		{
			"from": [15, 0, 6.5],
			"to": [16, 16, 9.5],
			"faces": {
				"north": {"uv": [14, 0, 15, 16], "texture": "#1"},
				"east": {"uv": [14, 0, 15, 16], "texture": "#1"},
				"south": {"uv": [14, 0, 15, 16], "texture": "#1"},
				"west": {"uv": [14, 0, 15, 16], "texture": "#1"},
				"up": {"uv": [12, 15, 15, 16], "rotation": 90, "texture": "#1"},
				"down": {"uv": [1, 15, 4, 16], "rotation": 270, "texture": "#1"}
			}
		},
		{
			"from": [8, 0, 6.5],
			"to": [9, 16, 9.5],
			"faces": {
				"north": {"uv": [15, 0, 16, 16], "texture": "#1"},
				"east": {"uv": [15, 0, 16, 16], "texture": "#1"},
				"south": {"uv": [15, 0, 16, 16], "texture": "#1"},
				"west": {"uv": [15, 0, 16, 16], "texture": "#1"},
				"up": {"uv": [13, 15, 16, 16], "rotation": 90, "texture": "#1"},
				"down": {"uv": [1, 15, 4, 16], "rotation": 270, "texture": "#1"}
			}
		},
		{
			"from": [7, 0, 6.5],
			"to": [8, 16, 9.5],
			"faces": {
				"north": {"uv": [0, 0, 1, 16], "texture": "#1"},
				"east": {"uv": [0, 0, 1, 16], "texture": "#1"},
				"south": {"uv": [0, 0, 1, 16], "texture": "#1"},
				"west": {"uv": [0, 0, 1, 16], "texture": "#1"},
				"up": {"uv": [0, 14, 3, 15], "rotation": 90, "texture": "#1"},
				"down": {"uv": [1, 15, 4, 16], "rotation": 270, "texture": "#1"}
			}
		},
		{
			"from": [0, 0, 6.5],
			"to": [1, 16, 9.5],
			"faces": {
				"north": {"uv": [1, 0, 2, 16], "texture": "#1"},
				"east": {"uv": [1, 0, 2, 16], "texture": "#1"},
				"south": {"uv": [1, 0, 2, 16], "texture": "#1"},
				"west": {"uv": [1, 0, 2, 16], "texture": "#1"},
				"up": {"uv": [1, 15, 4, 16], "rotation": 90, "texture": "#1"},
				"down": {"uv": [1, 15, 4, 16], "rotation": 270, "texture": "#1"}
			}
		}
	],
	"groups": [
		{
			"name": "oak_fence_side",
			"origin": [8, 8, 8],
			"color": 0,
			"children": [0, 1, 2, 3, 4]
		},
		{
			"name": "oak_fence_side",
			"origin": [8, 8, 8],
			"color": 0,
			"children": [5, 6, 7, 8, 9, 10, 11, 12, 13]
		}
	]
}