{
	"texture_size": [64, 64],
	"textures": {
		"1": "block/mushroom_stem",
		"3": "block/red_mushroom_block",
		"particle": "block/brown_mushroom_block"
	},
	"elements": [
		{
			"from": [2, 3, 3],
			"to": [4, 5, 5],
			"faces": {
				"north": {"uv": [5.5, 6, 14, 14.5], "texture": "#3"},
				"east": {"uv": [6, 5.5, 14.5, 14], "texture": "#3"},
				"south": {"uv": [6, 6, 14.5, 14.5], "texture": "#3"},
				"west": {"uv": [5, 6.5, 13.5, 15], "texture": "#3"},
				"up": {"uv": [15, 13.5, 6.5, 5], "texture": "#3"},
				"down": {"uv": [12, 3.5, 3.5, 12], "texture": "#1"}
			}
		},
		{
			"from": [1.5, 3, 2.5],
			"to": [4.5, 4, 5.5],
			"faces": {
				"north": {"uv": [1.5, 2.5, 14.25, 8.75], "texture": "#3"},
				"east": {"uv": [2, 2, 14.75, 8.25], "texture": "#3"},
				"south": {"uv": [2, 2.5, 14.75, 8.75], "texture": "#3"},
				"west": {"uv": [1, 3, 13.75, 9.25], "texture": "#3"},
				"up": {"uv": [15.25, 8.25, 2.5, 1.5], "texture": "#3"},
				"down": {"uv": [13.75, 0, 1, 6.75], "texture": "#1"}
			}
		},
		{
			"from": [2.5, 0, 3.5],
			"to": [3.5, 3, 4.5],
			"faces": {
				"north": {"uv": [11, 4, 5, 10], "texture": "#1"},
				"east": {"uv": [11, 4, 5, 10], "texture": "#1"},
				"south": {"uv": [11, 4, 5, 10], "texture": "#1"},
				"west": {"uv": [11, 4, 5, 10], "texture": "#1"},
				"up": {"uv": [5, 10, 11, 4], "texture": "#1"},
				"down": {"uv": [5, 4, 11, 10], "texture": "#1"}
			}
		},
		{
			"from": [11, 3, 9],
			"to": [13, 5, 11],
			"rotation": {"angle": -22.5, "axis": "y", "origin": [12, 2.75, 10]},
			"faces": {
				"north": {"uv": [5.5, 6, 14, 14.5], "texture": "#3"},
				"east": {"uv": [6, 5.5, 14.5, 14], "texture": "#3"},
				"south": {"uv": [6, 6, 14.5, 14.5], "texture": "#3"},
				"west": {"uv": [5, 6.5, 13.5, 15], "texture": "#3"},
				"up": {"uv": [15, 13.5, 6.5, 5], "texture": "#3"},
				"down": {"uv": [12, 3.5, 3.5, 12], "texture": "#1"}
			}
		},
		{
			"from": [10.5, 3, 8.5],
			"to": [13.5, 4, 11.5],
			"rotation": {"angle": -22.5, "axis": "y", "origin": [12, 2.75, 10]},
			"faces": {
				"north": {"uv": [1.5, 2.5, 14.25, 8.75], "texture": "#3"},
				"east": {"uv": [2, 2, 14.75, 8.25], "texture": "#3"},
				"south": {"uv": [2, 2.5, 14.75, 8.75], "texture": "#3"},
				"west": {"uv": [1, 3, 13.75, 9.25], "texture": "#3"},
				"up": {"uv": [15.25, 8.25, 2.5, 1.5], "texture": "#3"},
				"down": {"uv": [13.75, 0, 1, 6.75], "texture": "#1"}
			}
		},
		{
			"from": [11.5, 0, 9.5],
			"to": [12.5, 3, 10.5],
			"rotation": {"angle": -22.5, "axis": "y", "origin": [12, 2.75, 10]},
			"faces": {
				"north": {"uv": [11, 4, 5, 10], "texture": "#1"},
				"east": {"uv": [11, 4, 5, 10], "texture": "#1"},
				"south": {"uv": [11, 4, 5, 10], "texture": "#1"},
				"west": {"uv": [11, 4, 5, 10], "texture": "#1"},
				"up": {"uv": [5, 10, 11, 4], "texture": "#1"},
				"down": {"uv": [5, 4, 11, 10], "texture": "#1"}
			}
		}
	],
	"groups": [
		{
			"name": "mushroom1",
			"origin": [0.22183, 0, 0.22183],
			"color": 0,
			"children": [0, 1, 2]
		},
		{
			"name": "mushroom1",
			"origin": [0.22183, 0, 0.22183],
			"color": 0,
			"children": [3, 4, 5]
		}
	]
}