{
	"texture_size": [64, 64],
	"textures": {
		"1": "block/stone",
		"particle": "block/andesite"
	},
	"elements": [
		{
			"from": [13.75, 0, 4],
			"to": [17.75, 4.25, 8],
			"rotation": {"angle": -45, "axis": "y", "origin": [7, 2, 5]},
			"faces": {
				"north": {"uv": [0, 0, 4.75, 8.25], "texture": "#1"},
				"east": {"uv": [0, 0, 6.25, 6.75], "texture": "#1"},
				"south": {"uv": [0, 0, 4.75, 8.25], "rotation": 180, "texture": "#1"},
				"west": {"uv": [0, 0, 6.25, 6.75], "rotation": 180, "texture": "#1"},
				"up": {"uv": [4.875, 4.875, 11.125, 11.125], "rotation": 180, "texture": "#1"},
				"down": {"uv": [4.875, 4.875, 11.125, 11.125], "texture": "#1"}
			}
		}
	],
	"groups": [
		{
			"name": "log",
			"origin": [0, 0, 0],
			"color": 0,
			"children": [0]
		}
	]
}