{
	"ambientocclusion": false,
	"texture_size": [32, 32],
	"textures": {
		"2": "block/grass4",
		"3": "block/flower1",
		"4": "block/flower2",
		"particle": "block/grass3"
	},
	"elements": [
		{
			"from": [0.8, 0, 8],
			"to": [15.2, 16, 8],
			"shade": false,
			"rotation": {"angle": 45, "axis": "y", "origin": [8, 8, 8], "rescale": true},
			"faces": {
				"north": {"uv": [0, 0, 16, 16], "texture": "#2", "tintindex": 0},
				"east": {"uv": [0, 0, 0, 0], "texture": "#2"},
				"south": {"uv": [16, 0, 0, 16], "texture": "#2", "tintindex": 0},
				"west": {"uv": [0, 0, 0, 0], "texture": "#2"},
				"up": {"uv": [0, 0, 0, 0], "texture": "#2"},
				"down": {"uv": [0, 0, 0, 0], "texture": "#2"}
			}
		},
		{
			"from": [8, 0, 0.8],
			"to": [8, 16, 15.2],
			"shade": false,
			"rotation": {"angle": 45, "axis": "y", "origin": [8, 8, 8], "rescale": true},
			"faces": {
				"north": {"uv": [0, 0, 16, 16], "texture": "#2"},
				"east": {"uv": [0, 0, 16, 16], "texture": "#2", "tintindex": 0},
				"south": {"uv": [0, 0, 0, 0], "texture": "#2"},
				"west": {"uv": [16, 0, 0, 16], "texture": "#2", "tintindex": 0},
				"up": {"uv": [0, 0, 0, 0], "texture": "#2"},
				"down": {"uv": [0, 0, 0, 0], "texture": "#2"}
			}
		},
		{
			"from": [8, 0, 1.8],
			"to": [8, 16, 14.2],
			"shade": false,
			"rotation": {"angle": 0, "axis": "y", "origin": [8, 8, 8], "rescale": true},
			"faces": {
				"north": {"uv": [0, 0, 16, 16], "texture": "#2"},
				"east": {"uv": [0, 0, 16, 16], "texture": "#2", "tintindex": 0},
				"south": {"uv": [0, 0, 0, 0], "texture": "#2"},
				"west": {"uv": [16, 0, 0, 16], "texture": "#2", "tintindex": 0},
				"up": {"uv": [0, 0, 0, 0], "texture": "#2"},
				"down": {"uv": [0, 0, 0, 0], "texture": "#2"}
			}
		},
		{
			"from": [1.8, 0, 8],
			"to": [14.2, 16, 8],
			"shade": false,
			"rotation": {"angle": 0, "axis": "y", "origin": [8, 8, 8], "rescale": true},
			"faces": {
				"north": {"uv": [0, 0, 16, 16], "texture": "#2", "tintindex": 0},
				"east": {"uv": [0, 0, 0, 0], "texture": "#2"},
				"south": {"uv": [16, 0, 0, 16], "texture": "#2", "tintindex": 0},
				"west": {"uv": [0, 0, 16, 16], "texture": "#2"},
				"up": {"uv": [0, 0, 0, 0], "rotation": 270, "texture": "#2"},
				"down": {"uv": [0, 0, 0, 0], "rotation": 90, "texture": "#2"}
			}
		},
		{
			"from": [0, 3, 0],
			"to": [16, 3, 16],
			"rotation": {"angle": 22.5, "axis": "y", "origin": [8, 3, 8]},
			"faces": {
				"north": {"uv": [0, 0, 8, 0], "texture": "#4"},
				"east": {"uv": [0, 0, 8, 0], "texture": "#4"},
				"south": {"uv": [0, 0, 8, 0], "texture": "#4"},
				"west": {"uv": [0, 0, 8, 0], "texture": "#4"},
				"up": {"uv": [8, 8, 0, 0], "rotation": 180, "texture": "#4"},
				"down": {"uv": [8, 0, 0, 8], "rotation": 180, "texture": "#4"}
			}
		},
		{
			"from": [0, 4, 0],
			"to": [16, 4, 16],
			"faces": {
				"north": {"uv": [0, 0, 8, 0], "texture": "#3"},
				"east": {"uv": [0, 0, 8, 0], "texture": "#3"},
				"south": {"uv": [0, 0, 8, 0], "texture": "#3"},
				"west": {"uv": [0, 0, 8, 0], "texture": "#3"},
				"up": {"uv": [8, 8, 0, 0], "texture": "#3"},
				"down": {"uv": [8, 0, 0, 8], "texture": "#3"}
			}
		}
	]
}