{
	"texture_size": [64, 64],
	"textures": {
		"2": "block/grass4",
		"3": "block/oak_log",
		"4": "block/oak_log_top",
		"particle": "block/grass3"
	},
	"elements": [
		{
			"from": [4.5, 0, 7.25],
			"to": [13.5, 4.25, 11.25],
			"rotation": {"angle": -45, "axis": "y", "origin": [9.5, 2, 8]},
			"faces": {
				"north": {"uv": [0, 0, 6.25, 6.75], "rotation": 90, "texture": "#3"},
				"east": {"uv": [5.5, 5.5, 10.5, 10.5], "rotation": 180, "texture": "#4"},
				"south": {"uv": [0, 0, 6.25, 6.75], "rotation": 90, "texture": "#3"},
				"west": {"uv": [5.5, 5.5, 10.5, 10.5], "texture": "#4"},
				"up": {"uv": [4.875, 4.875, 11.125, 11.125], "rotation": 90, "texture": "#3"},
				"down": {"uv": [4.875, 4.875, 11.125, 11.125], "rotation": 90, "texture": "#3"}
			}
		},
		{
			"from": [2.5, 0.25, 8.25],
			"to": [7.5, 2.5, 10.25],
			"rotation": {"angle": 0, "axis": "y", "origin": [9.5, 2, 8]},
			"faces": {
				"north": {"uv": [0, 0, 6.25, 6.75], "rotation": 90, "texture": "#3"},
				"east": {"uv": [0, 0, 4.75, 8.25], "rotation": 180, "texture": "#3"},
				"south": {"uv": [0, 0, 6.25, 6.75], "rotation": 90, "texture": "#3"},
				"west": {"uv": [6, 6, 10, 10], "texture": "#4"},
				"up": {"uv": [4.875, 4.875, 11.125, 11.125], "rotation": 90, "texture": "#3"},
				"down": {"uv": [4.875, 4.875, 11.125, 11.125], "rotation": 90, "texture": "#3"}
			}
		},
		{
			"from": [10.25, 1.25, 5.25],
			"to": [12.25, 3.5, 10.25],
			"rotation": {"angle": 0, "axis": "y", "origin": [9.5, 2, 8]},
			"faces": {
				"north": {"uv": [6, 6, 10, 10], "texture": "#4"},
				"east": {"uv": [0, 0, 6.25, 6.75], "rotation": 90, "texture": "#3"},
				"south": {"uv": [0, 0, 4.75, 8.25], "rotation": 180, "texture": "#3"},
				"west": {"uv": [0, 0, 6.25, 6.75], "rotation": 90, "texture": "#3"},
				"up": {"uv": [4.875, 4.875, 11.125, 11.125], "rotation": 180, "texture": "#3"},
				"down": {"uv": [4.875, 4.875, 11.125, 11.125], "texture": "#3"}
			}
		},
		{
			"from": [0.8, 0, 8],
			"to": [15.2, 16, 8],
			"shade": false,
			"rotation": {"angle": 45, "axis": "y", "origin": [8, 8, 8], "rescale": true},
			"faces": {
				"north": {"uv": [0, 0, 16, 16], "texture": "#2", "tintindex": 0},
				"east": {"uv": [0, 0, 0, 0], "texture": "#2"},
				"south": {"uv": [16, 0, 0, 16], "texture": "#2", "tintindex": 0},
				"west": {"uv": [0, 0, 0, 0], "texture": "#2"},
				"up": {"uv": [0, 0, 0, 0], "texture": "#2"},
				"down": {"uv": [0, 0, 0, 0], "texture": "#2"}
			}
		},
		{
			"from": [8, 0, 0.8],
			"to": [8, 16, 15.2],
			"shade": false,
			"rotation": {"angle": 45, "axis": "y", "origin": [8, 8, 8], "rescale": true},
			"faces": {
				"north": {"uv": [0, 0, 16, 16], "texture": "#2"},
				"east": {"uv": [0, 0, 16, 16], "texture": "#2", "tintindex": 0},
				"south": {"uv": [0, 0, 0, 0], "texture": "#2"},
				"west": {"uv": [16, 0, 0, 16], "texture": "#2", "tintindex": 0},
				"up": {"uv": [0, 0, 0, 0], "texture": "#2"},
				"down": {"uv": [0, 0, 0, 0], "texture": "#2"}
			}
		}
	],
	"groups": [
		{
			"name": "log",
			"origin": [0, 0, 0],
			"color": 0,
			"children": [0, 1, 2]
		},
		3,
		4
	]
}