{
	"texture_size": [64, 64],
	"textures": {
		"1": "block/mushroom_stem",
		"2": "block/brown_mushroom_block",
		"4": "block/grass2",
		"particle": "block/grass3"
	},
	"elements": [
		{
			"from": [1.5, 3, 2.5],
			"to": [4.5, 4, 5.5],
			"faces": {
				"north": {"uv": [1.5, 2.5, 14.25, 8.75], "texture": "#2"},
				"east": {"uv": [2, 2, 14.75, 8.25], "texture": "#2"},
				"south": {"uv": [2, 2.5, 14.75, 8.75], "texture": "#2"},
				"west": {"uv": [1, 3, 13.75, 9.25], "texture": "#2"},
				"up": {"uv": [15.25, 8.25, 2.5, 1.5], "texture": "#2"},
				"down": {"uv": [13.75, 0, 1, 6.75], "texture": "#2"}
			}
		},
		{
			"from": [2.5, 0, 3.5],
			"to": [3.5, 3, 4.5],
			"faces": {
				"north": {"uv": [11, 4, 5, 10], "texture": "#1"},
				"east": {"uv": [11, 4, 5, 10], "texture": "#1"},
				"south": {"uv": [11, 4, 5, 10], "texture": "#1"},
				"west": {"uv": [11, 4, 5, 10], "texture": "#1"},
				"up": {"uv": [5, 10, 11, 4], "texture": "#1"},
				"down": {"uv": [5, 4, 11, 10], "texture": "#1"}
			}
		},
		{
			"from": [10.5, 3, 8.5],
			"to": [13.5, 4, 11.5],
			"rotation": {"angle": -22.5, "axis": "y", "origin": [12, 2.75, 10]},
			"faces": {
				"north": {"uv": [1.5, 2.5, 14.25, 8.75], "texture": "#2"},
				"east": {"uv": [2, 2, 14.75, 8.25], "texture": "#2"},
				"south": {"uv": [2, 2.5, 14.75, 8.75], "texture": "#2"},
				"west": {"uv": [1, 3, 13.75, 9.25], "texture": "#2"},
				"up": {"uv": [15.25, 8.25, 2.5, 1.5], "texture": "#2"},
				"down": {"uv": [13.75, 0, 1, 6.75], "texture": "#2"}
			}
		},
		{
			"from": [11.5, 0, 9.5],
			"to": [12.5, 3, 10.5],
			"rotation": {"angle": -22.5, "axis": "y", "origin": [12, 2.75, 10]},
			"faces": {
				"north": {"uv": [11, 4, 5, 10], "texture": "#1"},
				"east": {"uv": [11, 4, 5, 10], "texture": "#1"},
				"south": {"uv": [11, 4, 5, 10], "texture": "#1"},
				"west": {"uv": [11, 4, 5, 10], "texture": "#1"},
				"up": {"uv": [5, 10, 11, 4], "texture": "#1"},
				"down": {"uv": [5, 4, 11, 10], "texture": "#1"}
			}
		},
		{
			"from": [0.8, 0, 8],
			"to": [15.2, 16, 8],
			"shade": false,
			"rotation": {"angle": 45, "axis": "y", "origin": [8, 8, 8], "rescale": true},
			"faces": {
				"north": {"uv": [0, 0, 16, 16], "texture": "#4", "tintindex": 0},
				"east": {"uv": [0, 0, 0, 0], "texture": "#4"},
				"south": {"uv": [16, 0, 0, 16], "texture": "#4", "tintindex": 0},
				"west": {"uv": [0, 0, 0, 0], "texture": "#4"},
				"up": {"uv": [0, 0, 0, 0], "texture": "#4"},
				"down": {"uv": [0, 0, 0, 0], "texture": "#4"}
			}
		},
		{
			"from": [8, 0, 0.8],
			"to": [8, 16, 15.2],
			"shade": false,
			"rotation": {"angle": 45, "axis": "y", "origin": [8, 8, 8], "rescale": true},
			"faces": {
				"north": {"uv": [0, 0, 16, 16], "texture": "#4"},
				"east": {"uv": [0, 0, 16, 16], "texture": "#4", "tintindex": 0},
				"south": {"uv": [0, 0, 0, 0], "texture": "#4"},
				"west": {"uv": [16, 0, 0, 16], "texture": "#4", "tintindex": 0},
				"up": {"uv": [0, 0, 0, 0], "texture": "#4"},
				"down": {"uv": [0, 0, 0, 0], "texture": "#4"}
			}
		}
	],
	"groups": [
		{
			"name": "mushroom1",
			"origin": [0.22183, 0, 0.22183],
			"color": 0,
			"children": [0, 1]
		},
		{
			"name": "mushroom1",
			"origin": [0.22183, 0, 0.22183],
			"color": 0,
			"children": [2, 3]
		},
		4,
		5
	]
}