{
	"credit": "Made with Blockbench",
	"parent": "block/block",
	"ambientocclusion": false,
	"textures": {
		"2": "block/jungle_planks",
		"particle": "block/jungle_planks",
		"11_particle": "block/jungle_door_bottom"
	},
	"elements": [
		{
			"from": [7, 0, -1],
			"to": [9, 16, 1],
			"rotation": {"angle": 0, "axis": "y", "origin": [15, 8, 7]},
			"faces": {
				"north": {"uv": [2, 0, 4, 16], "texture": "#11_particle"},
				"east": {"uv": [2, 0, 4, 16], "texture": "#11_particle"},
				"south": {"uv": [2, 0, 4, 16], "texture": "#11_particle"},
				"west": {"uv": [2, 0, 4, 16], "texture": "#11_particle"},
				"up": {"uv": [2, 0, 4, 2], "texture": "#11_particle"},
				"down": {"uv": [2, 15, 3, 16], "texture": "#11_particle"}
			}
		},
		{
			"from": [7, 0, 3],
			"to": [9, 16, 5],
			"rotation": {"angle": 0, "axis": "y", "origin": [15, 8, 7]},
			"faces": {
				"north": {"uv": [2, 0, 4, 16], "texture": "#11_particle"},
				"east": {"uv": [2, 0, 4, 16], "texture": "#11_particle"},
				"south": {"uv": [2, 0, 4, 16], "texture": "#11_particle"},
				"west": {"uv": [2, 0, 4, 16], "texture": "#11_particle"},
				"up": {"uv": [2, 0, 4, 2], "texture": "#11_particle"},
				"down": {"uv": [2, 15, 3, 16], "texture": "#11_particle"}
			}
		},
		{
			"from": [7, 0, 15],
			"to": [9, 16, 17],
			"rotation": {"angle": 0, "axis": "y", "origin": [15, 8, 23]},
			"faces": {
				"north": {"uv": [2, 0, 4, 16], "texture": "#11_particle"},
				"east": {"uv": [2, 0, 4, 16], "texture": "#11_particle"},
				"south": {"uv": [2, 0, 4, 16], "texture": "#11_particle"},
				"west": {"uv": [2, 0, 4, 16], "texture": "#11_particle"},
				"up": {"uv": [2, 0, 4, 2], "texture": "#11_particle"},
				"down": {"uv": [2, 15, 3, 16], "texture": "#11_particle"}
			}
		},
		{
			"from": [7, 0, 11],
			"to": [9, 16, 13],
			"rotation": {"angle": 0, "axis": "y", "origin": [15, 8, 23]},
			"faces": {
				"north": {"uv": [2, 0, 4, 16], "texture": "#11_particle"},
				"east": {"uv": [2, 0, 4, 16], "texture": "#11_particle"},
				"south": {"uv": [2, 0, 4, 16], "texture": "#11_particle"},
				"west": {"uv": [2, 0, 4, 16], "texture": "#11_particle"},
				"up": {"uv": [2, 0, 4, 2], "texture": "#11_particle"},
				"down": {"uv": [2, 15, 3, 16], "texture": "#11_particle"}
			}
		},
		{
			"from": [7, 0, 8],
			"to": [9, 16, 9],
			"rotation": {"angle": 0, "axis": "y", "origin": [15, 8, 16]},
			"faces": {
				"east": {"uv": [2, 0, 3, 16], "texture": "#11_particle"},
				"south": {"uv": [2, 0, 4, 16], "texture": "#11_particle"},
				"west": {"uv": [2, 0, 3, 16], "texture": "#11_particle"},
				"up": {"uv": [3, 0, 4, 2], "rotation": 90, "texture": "#11_particle"},
				"down": {"uv": [3, 15, 4, 16], "texture": "#11_particle"}
			}
		},
		{
			"from": [7.5, 12, 8],
			"to": [8.5, 13, 15],
			"rotation": {"angle": 0, "axis": "y", "origin": [15, 20, 16]},
			"faces": {
				"east": {"uv": [9, 0, 16, 1], "texture": "#2"},
				"west": {"uv": [9, 0, 16, 1], "texture": "#2"},
				"up": {"uv": [9, 1, 16, 2], "rotation": 90, "texture": "#2"},
				"down": {"uv": [9, 1, 16, 2], "rotation": 90, "texture": "#2"}
			}
		},
		{
			"from": [7.5, 1, 8],
			"to": [8.5, 2, 15],
			"rotation": {"angle": 0, "axis": "y", "origin": [15, 9, 16]},
			"faces": {
				"east": {"uv": [9, 4, 16, 5], "texture": "#2"},
				"west": {"uv": [9, 4, 16, 5], "texture": "#2"},
				"up": {"uv": [9, 5, 16, 6], "rotation": 90, "texture": "#2"},
				"down": {"uv": [9, 5, 16, 6], "rotation": 90, "texture": "#2"}
			}
		},
		{
			"from": [7, 0, 7],
			"to": [9, 16, 8],
			"rotation": {"angle": 0, "axis": "y", "origin": [8, 8, 9]},
			"faces": {
				"north": {"uv": [2, 0, 4, 16], "texture": "#11_particle"},
				"east": {"uv": [2, 0, 3, 16], "texture": "#11_particle"},
				"west": {"uv": [2, 0, 3, 16], "texture": "#11_particle"},
				"up": {"uv": [2, 0, 3, 2], "rotation": 270, "texture": "#11_particle"},
				"down": {"uv": [2, 15, 3, 16], "rotation": 180, "texture": "#11_particle"}
			}
		},
		{
			"from": [7.5, 12, 1],
			"to": [8.5, 13, 8],
			"rotation": {"angle": 0, "axis": "y", "origin": [8, 8, 9]},
			"faces": {
				"east": {"uv": [0, 0, 7, 1], "texture": "#2"},
				"west": {"uv": [0, 0, 7, 1], "texture": "#2"},
				"up": {"uv": [0, 1, 7, 2], "rotation": 270, "texture": "#2"},
				"down": {"uv": [0, 1, 7, 2], "rotation": 270, "texture": "#2"}
			}
		},
		{
			"from": [7.5, 1, 1],
			"to": [8.5, 2, 8],
			"rotation": {"angle": 0, "axis": "y", "origin": [8, 8, 9]},
			"faces": {
				"east": {"uv": [0, 4, 7, 5], "texture": "#2"},
				"west": {"uv": [0, 4, 7, 5], "texture": "#2"},
				"up": {"uv": [0, 5, 7, 6], "rotation": 270, "texture": "#2"},
				"down": {"uv": [0, 5, 7, 6], "rotation": 270, "texture": "#2"}
			}
		}
	],
	"display": {
		"gui": {
			"rotation": [30, 135, 0],
			"scale": [0.625, 0.625, 0.625]
		},
		"fixed": {
			"rotation": [0, 90, 0],
			"scale": [0.5, 0.5, 0.5]
		}
	},
	"groups": [
		{
			"name": "jungle_fence_post",
			"origin": [8, 8, 8],
			"color": 0,
			"children": [0, 1]
		},
		{
			"name": "jungle_fence_post",
			"origin": [8, 8, 8],
			"color": 0,
			"children": [2, 3]
		},
		{
			"name": "jungle_fence_side",
			"origin": [8, 8, 8],
			"color": 0,
			"children": [4, 5, 6]
		},
		{
			"name": "jungle_fence_side",
			"origin": [8, 8, 8],
			"color": 0,
			"children": [7, 8, 9]
		}
	]
}