{
	"credit": "Made with Blockbench",
	"parent": "block/block",
	"textures": {
		"3": "block/jungle_door_bottom",
		"4": "block/jungle_planks",
		"particle": "block/jungle_planks"
	},
	"elements": [
		{
			"from": [15, 0, 7],
			"to": [16, 16, 9],
			"faces": {
				"north": {"uv": [2, 0, 3, 16], "texture": "#3"},
				"east": {"uv": [2, 0, 4, 16], "texture": "#3"},
				"south": {"uv": [3, 0, 4, 16], "texture": "#3"},
				"west": {"uv": [2, 0, 4, 16], "texture": "#3"},
				"up": {"uv": [7, 1, 8, 2], "texture": "#3"},
				"down": {"uv": [2, 15, 3, 16], "texture": "#3"}
			}
		},
		{
			"from": [8, 0, 7],
			"to": [9, 14, 9],
			"faces": {
				"north": {"uv": [2, 2, 3, 16], "texture": "#3"},
				"east": {"uv": [2, 2, 4, 16], "texture": "#3"},
				"south": {"uv": [3, 2, 4, 16], "texture": "#3"},
				"west": {"uv": [2, 2, 4, 16], "texture": "#3"},
				"up": {"uv": [7, 1, 8, 2], "texture": "#3"},
				"down": {"uv": [2, 15, 3, 16], "texture": "#3"}
			}
		},
		{
			"from": [0, 0, 7],
			"to": [1, 16, 9],
			"faces": {
				"north": {"uv": [2, 0, 3, 16], "texture": "#3"},
				"east": {"uv": [2, 0, 4, 16], "texture": "#3"},
				"south": {"uv": [2, 0, 3, 16], "texture": "#3"},
				"west": {"uv": [2, 0, 4, 16], "texture": "#3"},
				"up": {"uv": [7, 1, 8, 2], "texture": "#3"},
				"down": {"uv": [2, 15, 3, 16], "texture": "#3"}
			}
		},
		{
			"from": [7, 0, 7],
			"to": [8, 14, 9],
			"faces": {
				"north": {"uv": [2, 2, 3, 16], "texture": "#3"},
				"east": {"uv": [2, 2, 4, 16], "texture": "#3"},
				"south": {"uv": [2, 2, 3, 16], "texture": "#3"},
				"west": {"uv": [2, 2, 4, 16], "texture": "#3"},
				"up": {"uv": [7, 1, 8, 2], "texture": "#3"},
				"down": {"uv": [2, 15, 3, 16], "texture": "#3"}
			}
		},
		{
			"from": [11, 0, 7],
			"to": [13, 14, 9],
			"rotation": {"angle": 0, "axis": "y", "origin": [9, 8, 8]},
			"faces": {
				"north": {"uv": [2, 2, 4, 16], "texture": "#3"},
				"east": {"uv": [2, 2, 4, 16], "texture": "#3"},
				"south": {"uv": [2, 2, 4, 16], "texture": "#3"},
				"west": {"uv": [2, 2, 4, 16], "texture": "#3"},
				"up": {"uv": [7, 1, 8, 2], "texture": "#3"},
				"down": {"uv": [3, 15, 4, 16], "texture": "#3"}
			}
		},
		{
			"from": [3, 0, 7],
			"to": [5, 14, 9],
			"rotation": {"angle": 0, "axis": "y", "origin": [7, 8, 8]},
			"faces": {
				"north": {"uv": [2, 2, 4, 16], "texture": "#3"},
				"east": {"uv": [2, 2, 4, 16], "texture": "#3"},
				"south": {"uv": [2, 2, 4, 16], "texture": "#3"},
				"west": {"uv": [2, 2, 4, 16], "texture": "#3"},
				"up": {"uv": [7, 1, 8, 2], "texture": "#3"},
				"down": {"uv": [3, 15, 4, 16], "texture": "#3"}
			}
		},
		{
			"from": [9, 12, 7.5],
			"to": [16, 13, 8.5],
			"faces": {
				"north": {"uv": [9, 0, 16, 1], "texture": "#4"},
				"south": {"uv": [9, 0, 16, 1], "texture": "#4"},
				"up": {"uv": [9, 1, 16, 2], "rotation": 180, "texture": "#4"},
				"down": {"uv": [9, 1, 16, 2], "texture": "#4"}
			}
		},
		{
			"from": [0, 12, 7.5],
			"to": [7, 13, 8.5],
			"faces": {
				"north": {"uv": [0, 0, 7, 1], "texture": "#4"},
				"south": {"uv": [0, 0, 7, 1], "texture": "#4"},
				"up": {"uv": [0, 1, 7, 2], "texture": "#4"},
				"down": {"uv": [0, 1, 7, 2], "rotation": 180, "texture": "#4"}
			}
		},
		{
			"from": [9, 1, 7.5],
			"to": [16, 2, 8.5],
			"faces": {
				"north": {"uv": [9, 4, 16, 5], "texture": "#4"},
				"south": {"uv": [9, 4, 16, 5], "texture": "#4"},
				"up": {"uv": [9, 5, 16, 6], "rotation": 180, "texture": "#4"},
				"down": {"uv": [9, 5, 16, 6], "texture": "#4"}
			}
		},
		{
			"from": [0, 1, 7.5],
			"to": [7, 2, 8.5],
			"faces": {
				"north": {"uv": [0, 4, 7, 5], "texture": "#4"},
				"south": {"uv": [0, 4, 7, 5], "texture": "#4"},
				"up": {"uv": [0, 5, 7, 6], "texture": "#4"},
				"down": {"uv": [0, 5, 7, 6], "rotation": 180, "texture": "#4"}
			}
		}
	]
}