{
	"credit": "Made with Blockbench",
	"texture_size": [48, 48],
	"textures": {
		"1": "blocks/ladder",
		"particle": "blocks/ladder"
	},
	"elements": [
		{
			"from": [2, 0, 14],
			"to": [3, 16, 15],
			"faces": {
				"north": {"uv": [1.66667, 5.66667, 2, 11], "texture": "#1"},
				"east": {"uv": [1.33333, 5.66667, 1.66667, 11], "texture": "#1"},
				"south": {"uv": [2.33333, 5.66667, 2.66667, 11], "texture": "#1"},
				"west": {"uv": [2, 5.66667, 2.33333, 11], "texture": "#1"},
				"up": {"uv": [2, 5.66667, 1.66667, 5.33333], "texture": "#1"},
				"down": {"uv": [2.33333, 5.33333, 2, 5.66667], "texture": "#1"}
			}
		},
		{
			"from": [13, 0, 14],
			"to": [14, 16, 15],
			"faces": {
				"north": {"uv": [0.33333, 5.66667, 0.66667, 11], "texture": "#1"},
				"east": {"uv": [0, 5.66667, 0.33333, 11], "texture": "#1"},
				"south": {"uv": [1, 5.66667, 1.33333, 11], "texture": "#1"},
				"west": {"uv": [0.66667, 5.66667, 1, 11], "texture": "#1"},
				"up": {"uv": [0.66667, 5.66667, 0.33333, 5.33333], "texture": "#1"},
				"down": {"uv": [1, 5.33333, 0.66667, 5.66667], "texture": "#1"}
			}
		},
		{
			"from": [1, 2, 13],
			"to": [15, 3, 16],
			"faces": {
				"north": {"uv": [1, 5, 5.66667, 5.33333], "texture": "#1"},
				"east": {"uv": [0, 5, 1, 5.33333], "texture": "#1"},
				"south": {"uv": [6.66667, 5, 11.33333, 5.33333], "texture": "#1"},
				"west": {"uv": [5.66667, 5, 6.66667, 5.33333], "texture": "#1"},
				"up": {"uv": [5.66667, 5, 1, 4], "texture": "#1"},
				"down": {"uv": [10.33333, 4, 5.66667, 5], "texture": "#1"}
			}
		},
		{
			"from": [1, 6, 13],
			"to": [15, 7, 16],
			"faces": {
				"north": {"uv": [1, 3.66667, 5.66667, 4], "texture": "#1"},
				"east": {"uv": [0, 3.66667, 1, 4], "texture": "#1"},
				"south": {"uv": [6.66667, 3.66667, 11.33333, 4], "texture": "#1"},
				"west": {"uv": [5.66667, 3.66667, 6.66667, 4], "texture": "#1"},
				"up": {"uv": [5.66667, 3.66667, 1, 2.66667], "texture": "#1"},
				"down": {"uv": [10.33333, 2.66667, 5.66667, 3.66667], "texture": "#1"}
			}
		},
		{
			"from": [1, 10, 13],
			"to": [15, 11, 16],
			"faces": {
				"north": {"uv": [1, 2.33333, 5.66667, 2.66667], "texture": "#1"},
				"east": {"uv": [0, 2.33333, 1, 2.66667], "texture": "#1"},
				"south": {"uv": [6.66667, 2.33333, 11.33333, 2.66667], "texture": "#1"},
				"west": {"uv": [5.66667, 2.33333, 6.66667, 2.66667], "texture": "#1"},
				"up": {"uv": [5.66667, 2.33333, 1, 1.33333], "texture": "#1"},
				"down": {"uv": [10.33333, 1.33333, 5.66667, 2.33333], "texture": "#1"}
			}
		},
		{
			"from": [1, 14, 13],
			"to": [15, 15, 16],
			"faces": {
				"north": {"uv": [1, 1, 5.66667, 1.33333], "texture": "#1"},
				"east": {"uv": [0, 1, 1, 1.33333], "texture": "#1"},
				"south": {"uv": [6.66667, 1, 11.33333, 1.33333], "texture": "#1"},
				"west": {"uv": [5.66667, 1, 6.66667, 1.33333], "texture": "#1"},
				"up": {"uv": [5.66667, 1, 1, 0], "texture": "#1"},
				"down": {"uv": [10.33333, 0, 5.66667, 1], "texture": "#1"}
			}
		}
	],
	"groups": [
		{
			"name": "new!",
			"origin": [12, 21, 22.5],
			"color": 0,
			"children": [0, 1, 2, 3, 4, 5]
		}
	]
}