{
	"credit": "Made with Blockbench",
	"parent": "block/block",
	"ambientocclusion": false,
	"textures": {
		"2": "block/mangrove_planks",
		"3": "block/stripped_mangrove_log",
		"particle": "block/mangrove_planks"
	},
	"elements": [
		{
			"name": "Right post",
			"from": [0, 0, 7],
			"to": [2, 16, 9],
			"rotation": {"angle": 0, "axis": "y", "origin": [1, 0, 8]},
			"faces": {
				"north": {"uv": [14, 0, 16, 16], "texture": "#3"},
				"east": {"uv": [14, 0, 16, 16], "texture": "#3"},
				"south": {"uv": [14, 0, 16, 16], "texture": "#3"},
				"west": {"uv": [14, 0, 16, 16], "texture": "#3"},
				"up": {"uv": [7, 0, 9, 2], "rotation": 180, "texture": "#3"},
				"down": {"uv": [7, 14, 9, 16], "rotation": 180, "texture": "#3", "cullface": "down"}
			}
		},
		{
			"name": "Right post",
			"from": [0, 0, 14],
			"to": [2, 15, 15],
			"rotation": {"angle": 0, "axis": "y", "origin": [1, 0, 8]},
			"faces": {
				"north": {"uv": [14, 1, 16, 16], "texture": "#3"},
				"east": {"uv": [15, 1, 16, 16], "texture": "#3"},
				"south": {"uv": [14, 1, 16, 16], "texture": "#3"},
				"west": {"uv": [15, 1, 16, 16], "texture": "#3"},
				"up": {"uv": [7, 0, 8, 1], "rotation": 180, "texture": "#3"},
				"down": {"uv": [7, 15, 8, 16], "rotation": 180, "texture": "#3", "cullface": "down"}
			}
		},
		{
			"name": "Right post",
			"from": [14, 0, 7],
			"to": [16, 16, 9],
			"rotation": {"angle": 0, "axis": "y", "origin": [15, 7.5, 8]},
			"faces": {
				"north": {"uv": [14, 0, 16, 16], "texture": "#3"},
				"east": {"uv": [14, 0, 16, 16], "texture": "#3"},
				"south": {"uv": [14, 0, 16, 16], "texture": "#3"},
				"west": {"uv": [14, 0, 16, 16], "texture": "#3"},
				"up": {"uv": [7, 0, 9, 2], "rotation": 180, "texture": "#3"},
				"down": {"uv": [7, 14, 9, 16], "rotation": 180, "texture": "#3", "cullface": "down"}
			}
		},
		{
			"name": "Right post",
			"from": [14, 0, 14],
			"to": [16, 15, 15],
			"rotation": {"angle": 0, "axis": "y", "origin": [15, 7.5, 8]},
			"faces": {
				"north": {"uv": [14, 1, 16, 16], "texture": "#3"},
				"east": {"uv": [15, 1, 16, 16], "texture": "#3"},
				"south": {"uv": [14, 1, 16, 16], "texture": "#3"},
				"west": {"uv": [15, 1, 16, 16], "texture": "#3"},
				"up": {"uv": [7, 0, 8, 1], "rotation": 180, "texture": "#3"},
				"down": {"uv": [7, 15, 8, 16], "rotation": 180, "texture": "#3", "cullface": "down"}
			}
		},
		{
			"from": [0, 14, 9],
			"to": [2, 15, 14],
			"rotation": {"angle": 0, "axis": "y", "origin": [1, 0, 8]},
			"faces": {
				"east": {"uv": [11, 15, 16, 16], "texture": "#2"},
				"west": {"uv": [11, 15, 16, 16], "texture": "#2"},
				"up": {"uv": [0, 0, 5, 2], "rotation": 270, "texture": "#2"},
				"down": {"uv": [11, 15, 16, 16], "rotation": 270, "texture": "#2"}
			}
		},
		{
			"from": [0, 11, 9],
			"to": [2, 12, 14],
			"rotation": {"angle": 0, "axis": "y", "origin": [1, 0, 8]},
			"faces": {
				"east": {"uv": [11, 15, 16, 16], "texture": "#2"},
				"west": {"uv": [11, 15, 16, 16], "texture": "#2"},
				"up": {"uv": [0, 0, 5, 2], "rotation": 270, "texture": "#2"},
				"down": {"uv": [11, 15, 16, 16], "rotation": 270, "texture": "#2"}
			}
		},
		{
			"from": [0, 0, 9],
			"to": [2, 1, 14],
			"rotation": {"angle": 0, "axis": "y", "origin": [1, 0, 8]},
			"faces": {
				"east": {"uv": [11, 15, 16, 16], "texture": "#2"},
				"west": {"uv": [11, 15, 16, 16], "texture": "#2"},
				"up": {"uv": [0, 0, 5, 2], "rotation": 270, "texture": "#2"},
				"down": {"uv": [11, 15, 16, 16], "rotation": 270, "texture": "#2"}
			}
		},
		{
			"from": [0.5, 1, 9],
			"to": [1.5, 11, 14],
			"rotation": {"angle": 0, "axis": "y", "origin": [1, 0, 8]},
			"faces": {
				"east": {"uv": [0, 1, 10, 6], "rotation": 90, "texture": "#2"},
				"south": {"uv": [0, 3, 10, 4], "rotation": 90, "texture": "#2"},
				"west": {"uv": [0, 0, 10, 7], "rotation": 90, "texture": "#2"}
			}
		},
		{
			"from": [0.5, 12, 11],
			"to": [1.5, 14, 12],
			"rotation": {"angle": 0, "axis": "y", "origin": [1, 0, 8]},
			"faces": {
				"north": {"uv": [7, 0, 8, 2], "texture": "#3"},
				"east": {"uv": [7, 0, 8, 2], "texture": "#3"},
				"south": {"uv": [7, 0, 8, 2], "texture": "#3"},
				"west": {"uv": [7, 0, 8, 2], "texture": "#3"}
			}
		},
		{
			"from": [14.5, 12, 11],
			"to": [15.5, 14, 12],
			"rotation": {"angle": 0, "axis": "y", "origin": [15, 7.5, 8]},
			"faces": {
				"north": {"uv": [7, 0, 8, 2], "texture": "#3"},
				"east": {"uv": [7, 0, 8, 2], "texture": "#3"},
				"south": {"uv": [7, 0, 8, 2], "texture": "#3"},
				"west": {"uv": [7, 0, 8, 2], "texture": "#3"}
			}
		},
		{
			"from": [14, 14, 9],
			"to": [16, 15, 14],
			"rotation": {"angle": 0, "axis": "y", "origin": [15, 7.5, 8]},
			"faces": {
				"east": {"uv": [11, 15, 16, 16], "texture": "#2"},
				"west": {"uv": [11, 15, 16, 16], "texture": "#2"},
				"up": {"uv": [0, 0, 5, 2], "rotation": 270, "texture": "#2"},
				"down": {"uv": [11, 15, 16, 16], "rotation": 270, "texture": "#2"}
			}
		},
		{
			"from": [14.5, 1, 9],
			"to": [15.5, 11, 14],
			"rotation": {"angle": 0, "axis": "y", "origin": [15, 7.5, 8]},
			"faces": {
				"east": {"uv": [0, 1, 10, 6], "rotation": 90, "texture": "#2"},
				"south": {"uv": [0, 3, 10, 4], "rotation": 90, "texture": "#2"},
				"west": {"uv": [0, 0, 10, 7], "rotation": 90, "texture": "#2"}
			}
		},
		{
			"from": [14, 11, 9],
			"to": [16, 12, 14],
			"rotation": {"angle": 0, "axis": "y", "origin": [15, 7.5, 8]},
			"faces": {
				"east": {"uv": [11, 15, 16, 16], "texture": "#2"},
				"west": {"uv": [11, 15, 16, 16], "texture": "#2"},
				"up": {"uv": [0, 0, 5, 2], "rotation": 270, "texture": "#2"},
				"down": {"uv": [11, 15, 16, 16], "rotation": 270, "texture": "#2"}
			}
		},
		{
			"from": [14, 0, 9],
			"to": [16, 1, 14],
			"rotation": {"angle": 0, "axis": "y", "origin": [15, 7.5, 8]},
			"faces": {
				"east": {"uv": [11, 15, 16, 16], "texture": "#2"},
				"west": {"uv": [11, 15, 16, 16], "texture": "#2"},
				"up": {"uv": [0, 0, 5, 2], "rotation": 270, "texture": "#2"},
				"down": {"uv": [11, 15, 16, 16], "rotation": 270, "texture": "#2"}
			}
		}
	],
	"display": {
		"gui": {
			"rotation": [30, 135, 0],
			"scale": [0.625, 0.625, 0.625]
		},
		"fixed": {
			"rotation": [0, 90, 0],
			"scale": [0.5, 0.5, 0.5]
		}
	},
	"groups": [
		{
			"name": "fence_inventory",
			"origin": [8, 8, 8],
			"color": 0,
			"children": [0, 1, 2, 3]
		},
		{
			"name": "acacia_fence_side",
			"origin": [8, 8, 8],
			"color": 0,
			"children": [4, 5, 6, 7, 8, 9, 10, 11, 12, 13]
		}
	]
}