{
	"credit": "Made with Blockbench",
	"parent": "block/block",
	"ambientocclusion": false,
	"textures": {
		"2": "block/mangrove_planks",
		"3": "block/stripped_mangrove_log",
		"particle": "block/mangrove_planks"
	},
	"elements": [
		{
			"from": [7, 0, 0],
			"to": [9, 1, 7],
			"rotation": {"angle": 0, "axis": "y", "origin": [8, 7.5, 5]},
			"faces": {
				"north": {"uv": [14, 15, 16, 16], "texture": "#2"},
				"east": {"uv": [10, 15, 16, 16], "texture": "#2"},
				"west": {"uv": [10, 15, 16, 16], "texture": "#2"},
				"up": {"uv": [0, 0, 6, 2], "rotation": 90, "texture": "#2"},
				"down": {"uv": [10, 15, 16, 16], "rotation": 90, "texture": "#2"}
			}
		},
		{
			"from": [7.5, 1, 0],
			"to": [8.5, 11, 7],
			"rotation": {"angle": 0, "axis": "y", "origin": [8, 7.5, 5]},
			"faces": {
				"north": {"uv": [0, 3, 10, 4], "rotation": 90, "texture": "#2"},
				"east": {"uv": [0, 0, 10, 7], "rotation": 90, "texture": "#2"},
				"west": {"uv": [0, 0, 10, 7], "rotation": 90, "texture": "#2"},
				"up": {"uv": [0, 0, 1, 7], "texture": "#missing"},
				"down": {"uv": [0, 0, 1, 7], "texture": "#missing"}
			}
		},
		{
			"from": [7.5, 12, 1],
			"to": [8.5, 14, 2],
			"rotation": {"angle": 0, "axis": "y", "origin": [8, 7.5, 5]},
			"faces": {
				"north": {"uv": [7, 0, 8, 2], "texture": "#3"},
				"east": {"uv": [7, 0, 8, 2], "texture": "#3"},
				"south": {"uv": [7, 0, 8, 2], "texture": "#3"},
				"west": {"uv": [7, 0, 8, 2], "texture": "#3"}
			}
		},
		{
			"from": [7, 11, 0],
			"to": [9, 12, 7],
			"rotation": {"angle": 0, "axis": "y", "origin": [8, 7.5, 5]},
			"faces": {
				"north": {"uv": [14, 15, 16, 16], "texture": "#2"},
				"east": {"uv": [10, 15, 16, 16], "texture": "#2"},
				"west": {"uv": [10, 15, 16, 16], "texture": "#2"},
				"up": {"uv": [0, 0, 6, 2], "rotation": 90, "texture": "#2"},
				"down": {"uv": [10, 15, 16, 16], "rotation": 90, "texture": "#2"}
			}
		},
		{
			"from": [7, 14, 0],
			"to": [9, 15, 7],
			"rotation": {"angle": 0, "axis": "y", "origin": [8, 7.5, 5]},
			"faces": {
				"north": {"uv": [14, 15, 16, 16], "texture": "#2"},
				"east": {"uv": [10, 15, 16, 16], "texture": "#2"},
				"west": {"uv": [10, 15, 16, 16], "texture": "#2"},
				"up": {"uv": [0, 0, 6, 2], "rotation": 90, "texture": "#2"},
				"down": {"uv": [10, 15, 16, 16], "rotation": 90, "texture": "#2"}
			}
		},
		{
			"from": [7.5, 12, 4],
			"to": [8.5, 14, 5],
			"rotation": {"angle": 0, "axis": "y", "origin": [8, 7.5, 5]},
			"faces": {
				"north": {"uv": [7, 0, 8, 2], "texture": "#3"},
				"east": {"uv": [7, 0, 8, 2], "texture": "#3"},
				"south": {"uv": [7, 0, 8, 2], "texture": "#3"},
				"west": {"uv": [7, 0, 8, 2], "texture": "#3"}
			}
		}
	],
	"display": {
		"gui": {
			"rotation": [30, 135, 0],
			"scale": [0.625, 0.625, 0.625]
		},
		"fixed": {
			"rotation": [0, 90, 0],
			"scale": [0.5, 0.5, 0.5]
		}
	},
	"groups": [
		{
			"name": "fence_inventory",
			"origin": [8, 8, 8],
			"color": 0,
			"children": []
		},
		{
			"name": "acacia_fence_side",
			"origin": [8, 8, 8],
			"color": 0,
			"children": [0, 1, 2, 3, 4, 5]
		}
	]
}