{
	"credit": "Made with Blockbench",
	"textures": {
		"2": "block/nether_bricks"
	},
	"elements": [
		{
			"from": [7.5, 0, 1.25],
			"to": [8.5, 16, 2.25],
			"rotation": {"angle": 0, "axis": "y", "origin": [15, 8, 9]},
			"faces": {
				"north": {"uv": [0, 0, 1, 16], "texture": "#2"},
				"east": {"uv": [0, 0, 1, 16], "texture": "#2"},
				"south": {"uv": [0, 0, 1, 16], "texture": "#2"},
				"west": {"uv": [0, 0, 1, 16], "texture": "#2"},
				"up": {"uv": [0, 0, 1, 1], "texture": "#2"},
				"down": {"uv": [0, 0, 1, 1], "texture": "#2"}
			}
		},
		{
			"from": [7.5, 0, 4.5],
			"to": [8.5, 16, 5.5],
			"rotation": {"angle": 0, "axis": "y", "origin": [15, 8, 12]},
			"faces": {
				"north": {"uv": [8, 0, 9, 16], "texture": "#2"},
				"east": {"uv": [8, 0, 9, 16], "texture": "#2"},
				"south": {"uv": [8, 0, 9, 16], "texture": "#2"},
				"west": {"uv": [8, 0, 9, 16], "texture": "#2"},
				"up": {"uv": [0, 0, 1, 1], "texture": "#2"},
				"down": {"uv": [0, 0, 1, 1], "texture": "#2"}
			}
		},
		{
			"name": "crossbeam",
			"from": [7, 12, 0],
			"to": [9, 13, 7],
			"rotation": {"angle": 0, "axis": "y", "origin": [15, 20, 9]},
			"faces": {
				"north": {"uv": [0, 0, 2, 1], "texture": "#2"},
				"east": {"uv": [2, 4, 9, 5], "texture": "#2"},
				"west": {"uv": [2, 4, 9, 5], "texture": "#2"},
				"up": {"uv": [8, 4, 15, 6], "rotation": 90, "texture": "#2"},
				"down": {"uv": [8, 4, 15, 6], "rotation": 90, "texture": "#2"}
			}
		},
		{
			"from": [7, 14, 0],
			"to": [9, 15, 7],
			"rotation": {"angle": 0, "axis": "y", "origin": [15, 22, 9]},
			"faces": {
				"north": {"uv": [0, 1, 2, 2], "texture": "#2"},
				"east": {"uv": [9, 10, 16, 11], "texture": "#2"},
				"west": {"uv": [9, 10, 16, 11], "texture": "#2"},
				"up": {"uv": [2, 2, 9, 4], "rotation": 90, "texture": "#2"},
				"down": {"uv": [2, 3, 9, 5], "rotation": 90, "texture": "#2"}
			}
		},
		{
			"from": [7, 1, 0],
			"to": [9, 2, 7],
			"rotation": {"angle": 0, "axis": "y", "origin": [15, 9, 9]},
			"faces": {
				"north": {"uv": [3, 1, 5, 2], "texture": "#2"},
				"east": {"uv": [5, 4, 12, 5], "texture": "#2"},
				"west": {"uv": [5, 4, 12, 5], "texture": "#2"},
				"up": {"uv": [2, 3, 9, 5], "rotation": 90, "texture": "#2"},
				"down": {"uv": [2, 3, 9, 5], "rotation": 90, "texture": "#2"}
			}
		},
		{
			"name": "spike",
			"from": [7.5, 16, 1.25],
			"to": [8.5, 17, 2.25],
			"rotation": {"angle": 0, "axis": "y", "origin": [15, 24, 2]},
			"faces": {
				"north": {"uv": [8, 14, 9, 15], "texture": "#2", "cullface": "up"},
				"east": {"uv": [8, 14, 9, 15], "texture": "#2", "cullface": "up"},
				"south": {"uv": [8, 14, 9, 15], "texture": "#2", "cullface": "up"},
				"west": {"uv": [8, 14, 9, 15], "texture": "#2", "cullface": "up"},
				"up": {"uv": [8, 14, 9, 15], "texture": "#2", "cullface": "up"}
			}
		},
		{
			"name": "spike",
			"from": [7.5, 16, 4.5],
			"to": [8.5, 18, 5.5],
			"rotation": {"angle": 0, "axis": "y", "origin": [15, 24, 5]},
			"faces": {
				"north": {"uv": [7, 11, 8, 13], "texture": "#2", "cullface": "up"},
				"east": {"uv": [7, 11, 8, 13], "texture": "#2", "cullface": "up"},
				"south": {"uv": [7, 11, 8, 13], "texture": "#2", "cullface": "up"},
				"west": {"uv": [7, 11, 8, 13], "texture": "#2", "cullface": "up"},
				"up": {"uv": [7, 13, 8, 14], "texture": "#2", "cullface": "up"}
			}
		}
	]
}