{
	"credit": "Made with Blockbench",
	"ambientocclusion": false,
	"textures": {
		"particle": "block/pot",
		"flowerpot": "block/pot",
		"dirt": "block/dirt"
	},
	"elements": [
		{
			"from": [4, 0, 4],
			"to": [5, 6, 12],
			"faces": {
				"north": {"uv": [11, 10, 12, 16], "texture": "#flowerpot"},
				"east": {"uv": [4, 10, 12, 16], "texture": "#flowerpot"},
				"south": {"uv": [4, 10, 5, 16], "texture": "#flowerpot"},
				"west": {"uv": [4, 10, 12, 16], "texture": "#flowerpot"},
				"up": {"uv": [6, 8, 7, 16], "texture": "#flowerpot"},
				"down": {"uv": [6, 8, 7, 16], "texture": "#flowerpot", "cullface": "down"}
			}
		},
		{
			"from": [11, 0, 4],
			"to": [12, 6, 12],
			"faces": {
				"north": {"uv": [4, 10, 5, 16], "texture": "#flowerpot"},
				"east": {"uv": [4, 10, 12, 16], "texture": "#flowerpot"},
				"south": {"uv": [11, 10, 12, 16], "texture": "#flowerpot"},
				"west": {"uv": [4, 10, 12, 16], "texture": "#flowerpot"},
				"up": {"uv": [9, 8, 10, 16], "texture": "#flowerpot"},
				"down": {"uv": [9, 8, 10, 16], "texture": "#flowerpot", "cullface": "down"}
			}
		},
		{
			"from": [5, 0, 11],
			"to": [11, 6, 12],
			"faces": {
				"north": {"uv": [5, 10, 11, 16], "texture": "#flowerpot"},
				"south": {"uv": [5, 10, 11, 16], "texture": "#flowerpot"},
				"up": {"uv": [5, 10, 11, 11], "texture": "#flowerpot"},
				"down": {"uv": [5, 10, 11, 11], "texture": "#flowerpot", "cullface": "down"}
			}
		},
		{
			"from": [5, 0, 4],
			"to": [11, 6, 5],
			"faces": {
				"north": {"uv": [5, 10, 11, 16], "texture": "#flowerpot"},
				"south": {"uv": [5, 10, 11, 16], "texture": "#flowerpot"},
				"up": {"uv": [5, 10, 11, 11], "texture": "#flowerpot"},
				"down": {"uv": [5, 10, 11, 11], "texture": "#flowerpot", "cullface": "down"}
			}
		},
		{
			"from": [10, 6, 5],
			"to": [11, 8, 11],
			"faces": {
				"north": {"uv": [5, 8, 6, 10], "texture": "#flowerpot"},
				"east": {"uv": [5, 8, 11, 10], "texture": "#flowerpot"},
				"south": {"uv": [10, 8, 11, 10], "texture": "#flowerpot"},
				"west": {"uv": [5, 8, 11, 10], "texture": "#flowerpot"},
				"up": {"uv": [5, 2, 6, 8], "rotation": 180, "texture": "#flowerpot"}
			}
		},
		{
			"from": [5, 6, 5],
			"to": [6, 8, 11],
			"faces": {
				"north": {"uv": [5, 8, 6, 10], "texture": "#flowerpot"},
				"east": {"uv": [5, 8, 11, 10], "texture": "#flowerpot"},
				"south": {"uv": [10, 8, 11, 10], "texture": "#flowerpot"},
				"west": {"uv": [5, 8, 11, 10], "texture": "#flowerpot"},
				"up": {"uv": [10, 2, 11, 8], "rotation": 180, "texture": "#flowerpot"}
			}
		},
		{
			"from": [6, 6, 10],
			"to": [10, 8, 11],
			"faces": {
				"north": {"uv": [6, 8, 10, 10], "texture": "#flowerpot"},
				"south": {"uv": [6, 8, 10, 10], "texture": "#flowerpot"},
				"up": {"uv": [6, 2, 10, 3], "texture": "#flowerpot"}
			}
		},
		{
			"from": [6, 6, 5],
			"to": [10, 8, 6],
			"faces": {
				"north": {"uv": [6, 8, 10, 10], "texture": "#flowerpot"},
				"south": {"uv": [6, 8, 10, 10], "texture": "#flowerpot"},
				"up": {"uv": [6, 7, 10, 8], "texture": "#flowerpot"}
			}
		},
		{
			"from": [6, 5, 6],
			"to": [10, 6, 10],
			"faces": {
				"up": {"uv": [5, 5, 11, 11], "texture": "#dirt"}
			}
		},
		{
			"from": [5, 0, 5],
			"to": [11, 5, 11],
			"faces": {
				"down": {"uv": [5, 10, 11, 16], "texture": "#flowerpot", "cullface": "down"}
			}
		}
	]
}