{
	"credit": "Made with Blockbench",
	"ambientocclusion": false,
	"textures": {
		"particle": "block/short_pot",
		"flowerpot": "block/short_pot",
		"dirt": "block/dirt",
		"azalea_plant": "block/potted_azalea_bush_plant"
	},
	"elements": [
		{
			"from": [5, 0, 5],
			"to": [6, 2, 11],
			"faces": {
				"north": {"uv": [10, 14, 11, 16], "texture": "#flowerpot"},
				"east": {"uv": [5, 14, 11, 16], "texture": "#flowerpot"},
				"south": {"uv": [5, 14, 6, 16], "texture": "#flowerpot"},
				"west": {"uv": [5, 14, 11, 16], "texture": "#flowerpot"},
				"down": {"uv": [4, 5, 5, 11], "texture": "#flowerpot", "cullface": "down"}
			}
		},
		{
			"from": [10, 0, 5],
			"to": [11, 2, 11],
			"faces": {
				"north": {"uv": [5, 14, 6, 16], "texture": "#flowerpot"},
				"east": {"uv": [5, 14, 11, 16], "texture": "#flowerpot"},
				"south": {"uv": [10, 14, 11, 16], "texture": "#flowerpot"},
				"west": {"uv": [5, 14, 11, 16], "texture": "#flowerpot"},
				"down": {"uv": [11, 5, 12, 11], "texture": "#flowerpot", "cullface": "down"}
			}
		},
		{
			"from": [6, 0, 5],
			"to": [10, 2, 6],
			"faces": {
				"north": {"uv": [6, 14, 10, 16], "texture": "#flowerpot"},
				"south": {"uv": [6, 14, 10, 16], "texture": "#flowerpot"},
				"down": {"uv": [6, 4, 10, 5], "texture": "#flowerpot", "cullface": "down"}
			}
		},
		{
			"from": [6, 0, 10],
			"to": [10, 2, 11],
			"faces": {
				"north": {"uv": [6, 14, 10, 16], "texture": "#flowerpot"},
				"south": {"uv": [6, 14, 10, 16], "texture": "#flowerpot"},
				"down": {"uv": [6, 11, 10, 12], "texture": "#flowerpot", "cullface": "down"}
			}
		},
		{
			"from": [11, 2, 4],
			"to": [12, 4, 12],
			"faces": {
				"north": {"uv": [4, 12, 5, 14], "texture": "#flowerpot"},
				"east": {"uv": [4, 12, 12, 14], "texture": "#flowerpot"},
				"south": {"uv": [11, 12, 12, 14], "texture": "#flowerpot"},
				"west": {"uv": [4, 12, 12, 14], "texture": "#flowerpot"},
				"up": {"uv": [4, 4, 5, 12], "rotation": 180, "texture": "#flowerpot"},
				"down": {"uv": [4, 4, 5, 12], "rotation": 180, "texture": "#flowerpot"}
			}
		},
		{
			"from": [4, 2, 4],
			"to": [5, 4, 12],
			"faces": {
				"north": {"uv": [4, 12, 5, 14], "texture": "#flowerpot"},
				"east": {"uv": [4, 12, 12, 14], "texture": "#flowerpot"},
				"south": {"uv": [11, 12, 12, 14], "texture": "#flowerpot"},
				"west": {"uv": [4, 12, 12, 14], "texture": "#flowerpot"},
				"up": {"uv": [11, 4, 12, 12], "rotation": 180, "texture": "#flowerpot"},
				"down": {"uv": [11, 4, 12, 12], "rotation": 180, "texture": "#flowerpot"}
			}
		},
		{
			"from": [5, 2, 11],
			"to": [11, 4, 12],
			"faces": {
				"north": {"uv": [5, 12, 11, 14], "texture": "#flowerpot"},
				"south": {"uv": [5, 12, 11, 14], "texture": "#flowerpot"},
				"up": {"uv": [5, 4, 11, 5], "texture": "#flowerpot"},
				"down": {"uv": [5, 4, 11, 5], "texture": "#flowerpot"}
			}
		},
		{
			"from": [5, 2, 4],
			"to": [11, 4, 5],
			"faces": {
				"north": {"uv": [5, 12, 11, 14], "texture": "#flowerpot"},
				"south": {"uv": [5, 12, 11, 14], "texture": "#flowerpot"},
				"up": {"uv": [5, 11, 11, 12], "texture": "#flowerpot"},
				"down": {"uv": [5, 11, 11, 12], "texture": "#flowerpot"}
			}
		},
		{
			"from": [5, 2, 5],
			"to": [11, 3, 11],
			"faces": {
				"up": {"uv": [5, 5, 11, 11], "texture": "#dirt"}
			}
		},
		{
			"from": [6, 0, 6],
			"to": [10, 5, 10],
			"faces": {
				"down": {"uv": [6, 12, 10, 16], "texture": "#flowerpot", "cullface": "down"}
			}
		},
		{
			"from": [4, 12.9, 4],
			"to": [12, 13, 12],
			"rotation": {"angle": 0, "axis": "y", "origin": [0, -3, 0]},
			"faces": {
				"up": {"uv": [4, 4, 12, 12], "texture": "#top"},
				"down": {"uv": [4, 12, 12, 4], "texture": "#top"}
			}
		},
		{
			"from": [4, 5, 4],
			"to": [12, 13, 4],
			"rotation": {"angle": 0, "axis": "y", "origin": [0, -3, 0]},
			"faces": {
				"north": {"uv": [4, 5, 12, 13], "texture": "#side"},
				"south": {"uv": [12, 5, 4, 13], "texture": "#side"}
			}
		},
		{
			"from": [4, 5, 12],
			"to": [12, 13, 12],
			"rotation": {"angle": 0, "axis": "y", "origin": [0, -3, 0]},
			"faces": {
				"north": {"uv": [12, 5, 4, 13], "texture": "#side"},
				"south": {"uv": [4, 5, 12, 13], "texture": "#side"}
			}
		},
		{
			"from": [4, 5, 4],
			"to": [4, 13, 12],
			"rotation": {"angle": 0, "axis": "y", "origin": [0, -3, 0]},
			"faces": {
				"east": {"uv": [12, 5, 4, 13], "texture": "#side"},
				"west": {"uv": [4, 5, 12, 13], "texture": "#side"}
			}
		},
		{
			"from": [12, 5, 4],
			"to": [12, 13, 12],
			"rotation": {"angle": 0, "axis": "y", "origin": [0, -3, 0]},
			"faces": {
				"east": {"uv": [4, 5, 12, 13], "texture": "#side"},
				"west": {"uv": [12, 5, 4, 13], "texture": "#side"}
			}
		},
		{
			"from": [2.6, 1, 8],
			"to": [13.4, 13, 8],
			"rotation": {"angle": 45, "axis": "y", "origin": [8, 5, 8], "rescale": true},
			"faces": {
				"north": {"uv": [0, 4, 16, 16], "texture": "#azalea_plant"},
				"south": {"uv": [0, 4, 16, 16], "texture": "#azalea_plant"}
			}
		},
		{
			"from": [8, 1, 2.6],
			"to": [8, 13, 13.4],
			"rotation": {"angle": 45, "axis": "y", "origin": [8, 5, 8], "rescale": true},
			"faces": {
				"east": {"uv": [0, 4, 16, 16], "texture": "#azalea_plant"},
				"west": {"uv": [0, 4, 16, 16], "texture": "#azalea_plant"}
			}
		}
	]
}