{
	"credit": "Made with Blockbench",
	"parent": "block/block",
	"textures": {
		"0": "block/spruce_planks",
		"1": "block/stripped_spruce_log",
		"particle": "block/spruce_planks"
	},
	"elements": [
		{
			"from": [14, 1, 9],
			"to": [16, 2, 14],
			"rotation": {"angle": 0, "axis": "y", "origin": [15, 9, 8]},
			"faces": {
				"east": {"uv": [0, 14, 5, 15], "texture": "#0"},
				"west": {"uv": [11, 14, 16, 15], "texture": "#0"},
				"up": {"uv": [11, 12, 16, 14], "rotation": 270, "texture": "#0"},
				"down": {"uv": [0, 12, 5, 14], "rotation": 270, "texture": "#0"}
			}
		},
		{
			"from": [0, 1, 9],
			"to": [2, 2, 14],
			"rotation": {"angle": 0, "axis": "y", "origin": [1, 9, 8]},
			"faces": {
				"east": {"uv": [0, 14, 5, 15], "texture": "#0"},
				"west": {"uv": [11, 14, 16, 15], "texture": "#0"},
				"up": {"uv": [11, 12, 16, 14], "rotation": 90, "texture": "#0"},
				"down": {"uv": [0, 12, 5, 14], "rotation": 90, "texture": "#0"}
			}
		},
		{
			"from": [14, 9, 9],
			"to": [16, 10, 14],
			"rotation": {"angle": 0, "axis": "y", "origin": [15, 9, 8]},
			"faces": {
				"east": {"uv": [0, 6, 5, 7], "texture": "#0"},
				"west": {"uv": [11, 6, 16, 7], "texture": "#0"},
				"up": {"uv": [11, 4, 16, 6], "rotation": 90, "texture": "#0"},
				"down": {"uv": [0, 4, 5, 6], "rotation": 90, "texture": "#0"}
			}
		},
		{
			"from": [0, 9, 9],
			"to": [2, 10, 14],
			"rotation": {"angle": 0, "axis": "y", "origin": [1, 9, 8]},
			"faces": {
				"east": {"uv": [0, 6, 5, 7], "texture": "#0"},
				"west": {"uv": [11, 6, 16, 7], "texture": "#0"},
				"up": {"uv": [11, 4, 16, 6], "rotation": 270, "texture": "#0"},
				"down": {"uv": [0, 4, 5, 6], "rotation": 90, "texture": "#0"}
			}
		},
		{
			"from": [14, 5, 9],
			"to": [16, 6, 14],
			"rotation": {"angle": 0, "axis": "y", "origin": [15, 9, 8]},
			"faces": {
				"east": {"uv": [0, 10, 5, 11], "texture": "#0"},
				"west": {"uv": [11, 10, 16, 11], "texture": "#0"},
				"up": {"uv": [11, 8, 16, 10], "rotation": 270, "texture": "#0"},
				"down": {"uv": [0, 8, 5, 10], "rotation": 90, "texture": "#0"}
			}
		},
		{
			"from": [0, 5, 9],
			"to": [2, 6, 14],
			"rotation": {"angle": 0, "axis": "y", "origin": [1, 9, 8]},
			"faces": {
				"east": {"uv": [0, 10, 5, 11], "texture": "#0"},
				"west": {"uv": [11, 10, 16, 11], "texture": "#0"},
				"up": {"uv": [11, 8, 16, 10], "rotation": 90, "texture": "#0"},
				"down": {"uv": [0, 8, 5, 10], "rotation": 90, "texture": "#0"}
			}
		},
		{
			"from": [14, 13, 9],
			"to": [16, 14, 14],
			"rotation": {"angle": 0, "axis": "y", "origin": [15, 9, 8]},
			"faces": {
				"east": {"uv": [0, 2, 5, 3], "texture": "#0"},
				"west": {"uv": [11, 2, 16, 3], "texture": "#0"},
				"up": {"uv": [11, 0, 16, 2], "rotation": 90, "texture": "#0"},
				"down": {"uv": [0, 0, 5, 2], "rotation": 90, "texture": "#0"}
			}
		},
		{
			"from": [0, 13, 9],
			"to": [2, 14, 14],
			"rotation": {"angle": 0, "axis": "y", "origin": [1, 9, 8]},
			"faces": {
				"east": {"uv": [0, 2, 5, 3], "texture": "#0"},
				"west": {"uv": [11, 2, 16, 3], "texture": "#0"},
				"up": {"uv": [11, 0, 16, 2], "rotation": 270, "texture": "#0"},
				"down": {"uv": [0, 0, 5, 2], "rotation": 270, "texture": "#0"}
			}
		},
		{
			"from": [14, 3, 9],
			"to": [16, 4, 14],
			"rotation": {"angle": 0, "axis": "y", "origin": [15, 9, 8]},
			"faces": {
				"east": {"uv": [11, 14, 16, 15], "texture": "#0"},
				"west": {"uv": [0, 14, 5, 15], "texture": "#0"},
				"up": {"uv": [0, 12, 5, 14], "rotation": 90, "texture": "#0"},
				"down": {"uv": [11, 12, 16, 14], "rotation": 90, "texture": "#0"}
			}
		},
		{
			"from": [0, 3, 9],
			"to": [2, 4, 14],
			"rotation": {"angle": 0, "axis": "y", "origin": [1, 9, 8]},
			"faces": {
				"east": {"uv": [11, 14, 16, 15], "texture": "#0"},
				"west": {"uv": [0, 14, 5, 15], "texture": "#0"},
				"up": {"uv": [0, 12, 5, 14], "rotation": 270, "texture": "#0"},
				"down": {"uv": [11, 12, 16, 14], "rotation": 270, "texture": "#0"}
			}
		},
		{
			"from": [14, 11, 9],
			"to": [16, 12, 14],
			"rotation": {"angle": 0, "axis": "y", "origin": [15, 9, 8]},
			"faces": {
				"east": {"uv": [11, 6, 16, 7], "texture": "#0"},
				"west": {"uv": [0, 6, 5, 7], "texture": "#0"},
				"up": {"uv": [0, 4, 5, 6], "rotation": 270, "texture": "#0"},
				"down": {"uv": [11, 4, 16, 6], "rotation": 270, "texture": "#0"}
			}
		},
		{
			"from": [0, 11, 9],
			"to": [2, 12, 14],
			"rotation": {"angle": 0, "axis": "y", "origin": [1, 9, 8]},
			"faces": {
				"east": {"uv": [11, 6, 16, 7], "texture": "#0"},
				"west": {"uv": [0, 6, 5, 7], "texture": "#0"},
				"up": {"uv": [0, 4, 5, 6], "rotation": 90, "texture": "#0"},
				"down": {"uv": [11, 4, 16, 6], "rotation": 90, "texture": "#0"}
			}
		},
		{
			"from": [14, 7, 9],
			"to": [16, 8, 14],
			"rotation": {"angle": 0, "axis": "y", "origin": [15, 9, 8]},
			"faces": {
				"east": {"uv": [11, 10, 16, 11], "texture": "#0"},
				"west": {"uv": [0, 10, 5, 11], "texture": "#0"},
				"up": {"uv": [0, 8, 5, 10], "rotation": 270, "texture": "#0"},
				"down": {"uv": [11, 8, 16, 10], "rotation": 90, "texture": "#0"}
			}
		},
		{
			"from": [0, 7, 9],
			"to": [2, 8, 14],
			"rotation": {"angle": 0, "axis": "y", "origin": [1, 9, 8]},
			"faces": {
				"east": {"uv": [11, 10, 16, 11], "texture": "#0"},
				"west": {"uv": [0, 10, 5, 11], "texture": "#0"},
				"up": {"uv": [0, 8, 5, 10], "rotation": 270, "texture": "#0"},
				"down": {"uv": [11, 8, 16, 10], "rotation": 270, "texture": "#0"}
			}
		},
		{
			"from": [14, 15, 9],
			"to": [16, 16, 14],
			"rotation": {"angle": 0, "axis": "y", "origin": [15, 9, 8]},
			"faces": {
				"east": {"uv": [11, 2, 16, 3], "texture": "#0"},
				"west": {"uv": [0, 2, 5, 3], "texture": "#0"},
				"up": {"uv": [0, 0, 5, 2], "rotation": 270, "texture": "#0"},
				"down": {"uv": [11, 0, 16, 2], "rotation": 90, "texture": "#0"}
			}
		},
		{
			"from": [0, 15, 9],
			"to": [2, 16, 14],
			"rotation": {"angle": 0, "axis": "y", "origin": [1, 9, 8]},
			"faces": {
				"east": {"uv": [11, 2, 16, 3], "texture": "#0"},
				"west": {"uv": [0, 2, 5, 3], "texture": "#0"},
				"up": {"uv": [0, 0, 5, 2], "rotation": 90, "texture": "#0"},
				"down": {"uv": [11, 0, 16, 2], "rotation": 270, "texture": "#0"}
			}
		},
		{
			"from": [14, 0, 7],
			"to": [16, 16, 9],
			"rotation": {"angle": 0, "axis": "y", "origin": [15, 9, 8]},
			"faces": {
				"north": {"uv": [4, 0, 6, 16], "texture": "#1"},
				"east": {"uv": [6, 0, 8, 16], "texture": "#1"},
				"south": {"uv": [0, 0, 2, 16], "texture": "#1"},
				"west": {"uv": [2, 0, 4, 16], "texture": "#1"},
				"up": {"uv": [7, 0, 9, 2], "texture": "#1"},
				"down": {"uv": [7, 0, 9, 2], "rotation": 90, "texture": "#1"}
			}
		},
		{
			"from": [0, 0, 7],
			"to": [2, 16, 9],
			"rotation": {"angle": 0, "axis": "y", "origin": [1, 9, 8]},
			"faces": {
				"north": {"uv": [4, 0, 6, 16], "texture": "#1"},
				"east": {"uv": [6, 0, 8, 16], "texture": "#1"},
				"south": {"uv": [0, 0, 2, 16], "texture": "#1"},
				"west": {"uv": [2, 0, 4, 16], "texture": "#1"},
				"up": {"uv": [7, 0, 9, 2], "texture": "#1"},
				"down": {"uv": [7, 0, 9, 2], "rotation": 90, "texture": "#1"}
			}
		},
		{
			"from": [14, 0, 14],
			"to": [16, 16, 15],
			"rotation": {"angle": 0, "axis": "y", "origin": [15, 9, 8]},
			"faces": {
				"north": {"uv": [7, 0, 9, 16], "texture": "#1"},
				"east": {"uv": [8, 0, 9, 16], "texture": "#1"},
				"south": {"uv": [7, 0, 9, 16], "texture": "#1"},
				"west": {"uv": [8, 0, 9, 16], "texture": "#1"},
				"up": {"uv": [7, 0, 8, 2], "rotation": 90, "texture": "#1"},
				"down": {"uv": [7, 0, 8, 2], "rotation": 270, "texture": "#1"}
			}
		},
		{
			"from": [0, 0, 14],
			"to": [2, 16, 15],
			"rotation": {"angle": 0, "axis": "y", "origin": [1, 9, 8]},
			"faces": {
				"north": {"uv": [7, 0, 9, 16], "texture": "#1"},
				"east": {"uv": [8, 0, 9, 16], "texture": "#1"},
				"south": {"uv": [7, 0, 9, 16], "texture": "#1"},
				"west": {"uv": [8, 0, 9, 16], "texture": "#1"},
				"up": {"uv": [7, 0, 8, 2], "texture": "#1"},
				"down": {"uv": [7, 0, 8, 2], "rotation": 90, "texture": "#1"}
			}
		}
	],
	"groups": [
		0,
		1,
		2,
		3,
		4,
		5,
		6,
		7,
		8,
		9,
		10,
		11,
		12,
		13,
		14,
		15,
		{
			"name": "spruce_fence_post",
			"origin": [8, 8, 8],
			"color": 0,
			"children": [16, 17, 18, 19]
		}
	]
}