{
	"credit": "Made with Blockbench",
	"parent": "block/block",
	"textures": {
		"0": "block/spruce_planks",
		"1": "block/stripped_spruce_log",
		"particle": "block/spruce_planks"
	},
	"elements": [
		{
			"from": [9, 1, 7],
			"to": [14, 2, 9],
			"rotation": {"angle": 0, "axis": "y", "origin": [15, 9, 8]},
			"faces": {
				"north": {"uv": [11, 14, 16, 15], "texture": "#0"},
				"south": {"uv": [0, 14, 5, 15], "texture": "#0"},
				"up": {"uv": [11, 12, 16, 14], "texture": "#0"},
				"down": {"uv": [0, 12, 5, 14], "rotation": 180, "texture": "#0"}
			}
		},
		{
			"from": [2, 1, 7],
			"to": [7, 2, 9],
			"rotation": {"angle": 0, "axis": "y", "origin": [1, 9, 8]},
			"faces": {
				"north": {"uv": [0, 14, 5, 15], "texture": "#0"},
				"south": {"uv": [11, 14, 16, 15], "texture": "#0"},
				"up": {"uv": [11, 12, 16, 14], "texture": "#0"},
				"down": {"uv": [0, 12, 5, 14], "rotation": 180, "texture": "#0"}
			}
		},
		{
			"from": [9, 9, 7],
			"to": [14, 10, 9],
			"rotation": {"angle": 0, "axis": "y", "origin": [15, 9, 8]},
			"faces": {
				"north": {"uv": [11, 6, 16, 7], "texture": "#0"},
				"south": {"uv": [0, 6, 5, 7], "texture": "#0"},
				"up": {"uv": [11, 4, 16, 6], "rotation": 180, "texture": "#0"},
				"down": {"uv": [0, 4, 5, 6], "texture": "#0"}
			}
		},
		{
			"from": [2, 9, 7],
			"to": [7, 10, 9],
			"rotation": {"angle": 0, "axis": "y", "origin": [1, 9, 8]},
			"faces": {
				"north": {"uv": [0, 6, 5, 7], "texture": "#0"},
				"south": {"uv": [11, 6, 16, 7], "texture": "#0"},
				"up": {"uv": [11, 4, 16, 6], "rotation": 180, "texture": "#0"},
				"down": {"uv": [0, 4, 5, 6], "rotation": 180, "texture": "#0"}
			}
		},
		{
			"from": [9, 5, 7],
			"to": [14, 6, 9],
			"rotation": {"angle": 0, "axis": "y", "origin": [15, 9, 8]},
			"faces": {
				"north": {"uv": [11, 10, 16, 11], "texture": "#0"},
				"south": {"uv": [0, 10, 5, 11], "texture": "#0"},
				"up": {"uv": [11, 8, 16, 10], "texture": "#0"},
				"down": {"uv": [0, 8, 5, 10], "texture": "#0"}
			}
		},
		{
			"from": [2, 5, 7],
			"to": [7, 6, 9],
			"rotation": {"angle": 0, "axis": "y", "origin": [1, 9, 8]},
			"faces": {
				"north": {"uv": [0, 10, 5, 11], "texture": "#0"},
				"south": {"uv": [11, 10, 16, 11], "texture": "#0"},
				"up": {"uv": [11, 8, 16, 10], "texture": "#0"},
				"down": {"uv": [0, 8, 5, 10], "rotation": 180, "texture": "#0"}
			}
		},
		{
			"from": [9, 13, 7],
			"to": [14, 14, 9],
			"rotation": {"angle": 0, "axis": "y", "origin": [15, 9, 8]},
			"faces": {
				"north": {"uv": [11, 2, 16, 3], "texture": "#0"},
				"south": {"uv": [0, 2, 5, 3], "texture": "#0"},
				"up": {"uv": [11, 0, 16, 2], "rotation": 180, "texture": "#0"},
				"down": {"uv": [0, 0, 5, 2], "texture": "#0"}
			}
		},
		{
			"from": [2, 13, 7],
			"to": [7, 14, 9],
			"rotation": {"angle": 0, "axis": "y", "origin": [1, 9, 8]},
			"faces": {
				"north": {"uv": [0, 2, 5, 3], "texture": "#0"},
				"south": {"uv": [11, 2, 16, 3], "texture": "#0"},
				"up": {"uv": [11, 0, 16, 2], "rotation": 180, "texture": "#0"},
				"down": {"uv": [0, 0, 5, 2], "texture": "#0"}
			}
		},
		{
			"from": [9, 3, 7],
			"to": [14, 4, 9],
			"rotation": {"angle": 0, "axis": "y", "origin": [15, 9, 8]},
			"faces": {
				"north": {"uv": [0, 14, 5, 15], "texture": "#0"},
				"south": {"uv": [11, 14, 16, 15], "texture": "#0"},
				"up": {"uv": [0, 12, 5, 14], "rotation": 180, "texture": "#0"},
				"down": {"uv": [11, 12, 16, 14], "texture": "#0"}
			}
		},
		{
			"from": [2, 3, 7],
			"to": [7, 4, 9],
			"rotation": {"angle": 0, "axis": "y", "origin": [1, 9, 8]},
			"faces": {
				"north": {"uv": [11, 14, 16, 15], "texture": "#0"},
				"south": {"uv": [0, 14, 5, 15], "texture": "#0"},
				"up": {"uv": [0, 12, 5, 14], "rotation": 180, "texture": "#0"},
				"down": {"uv": [11, 12, 16, 14], "texture": "#0"}
			}
		},
		{
			"from": [9, 11, 7],
			"to": [14, 12, 9],
			"rotation": {"angle": 0, "axis": "y", "origin": [15, 9, 8]},
			"faces": {
				"north": {"uv": [0, 6, 5, 7], "texture": "#0"},
				"south": {"uv": [11, 6, 16, 7], "texture": "#0"},
				"up": {"uv": [0, 4, 5, 6], "texture": "#0"},
				"down": {"uv": [11, 4, 16, 6], "rotation": 180, "texture": "#0"}
			}
		},
		{
			"from": [2, 11, 7],
			"to": [7, 12, 9],
			"rotation": {"angle": 0, "axis": "y", "origin": [1, 9, 8]},
			"faces": {
				"north": {"uv": [11, 6, 16, 7], "texture": "#0"},
				"south": {"uv": [0, 6, 5, 7], "texture": "#0"},
				"up": {"uv": [0, 4, 5, 6], "texture": "#0"},
				"down": {"uv": [11, 4, 16, 6], "rotation": 180, "texture": "#0"}
			}
		},
		{
			"from": [9, 7, 7],
			"to": [14, 8, 9],
			"rotation": {"angle": 0, "axis": "y", "origin": [15, 9, 8]},
			"faces": {
				"north": {"uv": [0, 10, 5, 11], "texture": "#0"},
				"south": {"uv": [11, 10, 16, 11], "texture": "#0"},
				"up": {"uv": [0, 8, 5, 10], "texture": "#0"},
				"down": {"uv": [11, 8, 16, 10], "texture": "#0"}
			}
		},
		{
			"from": [2, 7, 7],
			"to": [7, 8, 9],
			"rotation": {"angle": 0, "axis": "y", "origin": [1, 9, 8]},
			"faces": {
				"north": {"uv": [11, 10, 16, 11], "texture": "#0"},
				"south": {"uv": [0, 10, 5, 11], "texture": "#0"},
				"up": {"uv": [0, 8, 5, 10], "rotation": 180, "texture": "#0"},
				"down": {"uv": [11, 8, 16, 10], "texture": "#0"}
			}
		},
		{
			"from": [9, 15, 7],
			"to": [14, 16, 9],
			"rotation": {"angle": 0, "axis": "y", "origin": [15, 9, 8]},
			"faces": {
				"north": {"uv": [0, 2, 5, 3], "texture": "#0"},
				"south": {"uv": [11, 2, 16, 3], "texture": "#0"},
				"up": {"uv": [0, 0, 5, 2], "texture": "#0"},
				"down": {"uv": [11, 0, 16, 2], "texture": "#0"}
			}
		},
		{
			"from": [2, 15, 7],
			"to": [7, 16, 9],
			"rotation": {"angle": 0, "axis": "y", "origin": [1, 9, 8]},
			"faces": {
				"north": {"uv": [11, 2, 16, 3], "texture": "#0"},
				"south": {"uv": [0, 2, 5, 3], "texture": "#0"},
				"up": {"uv": [0, 0, 5, 2], "texture": "#0"},
				"down": {"uv": [11, 0, 16, 2], "texture": "#0"}
			}
		},
		{
			"from": [14, 0, 7],
			"to": [16, 16, 9],
			"rotation": {"angle": 0, "axis": "y", "origin": [15, 9, 8]},
			"faces": {
				"north": {"uv": [2, 0, 4, 16], "texture": "#1"},
				"east": {"uv": [4, 0, 6, 16], "texture": "#1"},
				"south": {"uv": [6, 0, 8, 16], "texture": "#1"},
				"west": {"uv": [0, 0, 2, 16], "texture": "#1"},
				"up": {"uv": [7, 0, 9, 2], "texture": "#1"},
				"down": {"uv": [7, 0, 9, 2], "texture": "#1"}
			}
		},
		{
			"from": [0, 0, 7],
			"to": [2, 16, 9],
			"rotation": {"angle": 0, "axis": "y", "origin": [1, 9, 8]},
			"faces": {
				"north": {"uv": [6, 0, 8, 16], "texture": "#1"},
				"east": {"uv": [0, 0, 2, 16], "texture": "#1"},
				"south": {"uv": [2, 0, 4, 16], "texture": "#1"},
				"west": {"uv": [4, 0, 6, 16], "texture": "#1"},
				"up": {"uv": [7, 0, 9, 2], "rotation": 180, "texture": "#1"},
				"down": {"uv": [7, 0, 9, 2], "rotation": 180, "texture": "#1"}
			}
		},
		{
			"from": [8, 0, 7],
			"to": [9, 16, 9],
			"rotation": {"angle": 0, "axis": "y", "origin": [15, 9, 8]},
			"faces": {
				"north": {"uv": [6, 0, 7, 16], "texture": "#1"},
				"east": {"uv": [7, 0, 9, 16], "texture": "#1"},
				"south": {"uv": [6, 0, 7, 16], "texture": "#1"},
				"west": {"uv": [7, 0, 9, 16], "texture": "#1"},
				"up": {"uv": [7, 0, 8, 2], "rotation": 180, "texture": "#1"},
				"down": {"uv": [7, 0, 8, 2], "rotation": 180, "texture": "#1"}
			}
		},
		{
			"from": [7, 0, 7],
			"to": [8, 16, 9],
			"rotation": {"angle": 0, "axis": "y", "origin": [1, 9, 8]},
			"faces": {
				"north": {"uv": [8, 0, 9, 16], "texture": "#1"},
				"east": {"uv": [7, 0, 9, 16], "texture": "#1"},
				"south": {"uv": [8, 0, 9, 16], "texture": "#1"},
				"west": {"uv": [7, 0, 9, 16], "texture": "#1"},
				"up": {"uv": [8, 0, 9, 2], "rotation": 180, "texture": "#1"},
				"down": {"uv": [7, 0, 8, 2], "rotation": 180, "texture": "#1"}
			}
		}
	],
	"groups": [
		0,
		1,
		2,
		3,
		4,
		5,
		6,
		7,
		8,
		9,
		10,
		11,
		12,
		13,
		14,
		15,
		{
			"name": "spruce_fence_post",
			"origin": [8, 8, 8],
			"color": 0,
			"children": [16, 17, 18, 19]
		}
	]
}