{
	"credit": "Made with Blockbench",
	"parent": "block/block",
	"ambientocclusion": false,
	"textures": {
		"1": "block/stripped_spruce_log",
		"particle": "block/spruce_planks"
	},
	"elements": [
		{
			"from": [7, 0, -1],
			"to": [9, 16, 1],
			"rotation": {"angle": 0, "axis": "y", "origin": [15, 8, 7]},
			"faces": {
				"north": {"uv": [2, 0, 4, 16], "texture": "#1"},
				"east": {"uv": [4, 0, 6, 16], "texture": "#1"},
				"south": {"uv": [6, 0, 8, 16], "texture": "#1"},
				"west": {"uv": [0, 0, 2, 16], "texture": "#1"},
				"up": {"uv": [7, 0, 9, 2], "texture": "#1"},
				"down": {"uv": [7, 0, 9, 2], "texture": "#1"}
			}
		},
		{
			"from": [7, 0, 15],
			"to": [9, 16, 17],
			"rotation": {"angle": 0, "axis": "y", "origin": [15, 8, 23]},
			"faces": {
				"north": {"uv": [2, 0, 4, 16], "texture": "#1"},
				"east": {"uv": [4, 0, 6, 16], "texture": "#1"},
				"south": {"uv": [6, 0, 8, 16], "texture": "#1"},
				"west": {"uv": [0, 0, 2, 16], "texture": "#1"},
				"up": {"uv": [7, 0, 9, 2], "texture": "#1"},
				"down": {"uv": [7, 0, 9, 2], "texture": "#1"}
			}
		},
		{
			"from": [7, 1, 8],
			"to": [9, 2, 15],
			"rotation": {"angle": 0, "axis": "y", "origin": [8, 9, 16]},
			"faces": {
				"north": {"uv": [0, 0, 2, 1], "texture": "#particle"},
				"east": {"uv": [9, 14, 16, 15], "texture": "#particle"},
				"west": {"uv": [0, 14, 7, 15], "texture": "#particle"},
				"up": {"uv": [9, 12, 16, 14], "rotation": 90, "texture": "#particle"},
				"down": {"uv": [0, 12, 7, 14], "rotation": 270, "texture": "#particle"}
			}
		},
		{
			"from": [7, 9, 8],
			"to": [9, 10, 15],
			"rotation": {"angle": 0, "axis": "y", "origin": [8, 9, 16]},
			"faces": {
				"north": {"uv": [0, 0, 2, 1], "texture": "#particle"},
				"east": {"uv": [9, 6, 16, 7], "texture": "#particle"},
				"west": {"uv": [0, 6, 7, 7], "texture": "#particle"},
				"up": {"uv": [9, 4, 16, 6], "rotation": 90, "texture": "#particle"},
				"down": {"uv": [0, 4, 7, 6], "rotation": 270, "texture": "#particle"}
			}
		},
		{
			"from": [7, 5, 8],
			"to": [9, 6, 15],
			"rotation": {"angle": 0, "axis": "y", "origin": [8, 9, 16]},
			"faces": {
				"north": {"uv": [0, 0, 2, 1], "texture": "#particle"},
				"east": {"uv": [9, 10, 16, 11], "texture": "#particle"},
				"west": {"uv": [0, 10, 7, 11], "texture": "#particle"},
				"up": {"uv": [9, 8, 16, 10], "rotation": 90, "texture": "#particle"},
				"down": {"uv": [0, 8, 7, 10], "rotation": 270, "texture": "#particle"}
			}
		},
		{
			"from": [7, 13, 8],
			"to": [9, 14, 15],
			"rotation": {"angle": 0, "axis": "y", "origin": [8, 9, 16]},
			"faces": {
				"north": {"uv": [0, 0, 2, 1], "texture": "#particle"},
				"east": {"uv": [9, 2, 16, 3], "texture": "#particle"},
				"west": {"uv": [0, 2, 7, 3], "texture": "#particle"},
				"up": {"uv": [9, 0, 16, 2], "rotation": 90, "texture": "#particle"},
				"down": {"uv": [0, 0, 7, 2], "rotation": 270, "texture": "#particle"}
			}
		},
		{
			"from": [7, 3, 8],
			"to": [9, 4, 15],
			"rotation": {"angle": 0, "axis": "y", "origin": [8, 9, 16]},
			"faces": {
				"north": {"uv": [0, 0, 2, 1], "texture": "#particle"},
				"east": {"uv": [0, 14, 7, 15], "texture": "#particle"},
				"west": {"uv": [9, 14, 16, 15], "texture": "#particle"},
				"up": {"uv": [0, 12, 7, 14], "rotation": 90, "texture": "#particle"},
				"down": {"uv": [9, 12, 16, 14], "rotation": 270, "texture": "#particle"}
			}
		},
		{
			"from": [7, 11, 8],
			"to": [9, 12, 15],
			"rotation": {"angle": 0, "axis": "y", "origin": [8, 9, 16]},
			"faces": {
				"north": {"uv": [0, 0, 2, 1], "texture": "#particle"},
				"east": {"uv": [0, 6, 7, 7], "texture": "#particle"},
				"west": {"uv": [9, 6, 16, 7], "texture": "#particle"},
				"up": {"uv": [0, 4, 7, 6], "rotation": 90, "texture": "#particle"},
				"down": {"uv": [9, 4, 16, 6], "rotation": 270, "texture": "#particle"}
			}
		},
		{
			"from": [7, 7, 8],
			"to": [9, 8, 15],
			"rotation": {"angle": 0, "axis": "y", "origin": [8, 9, 16]},
			"faces": {
				"north": {"uv": [0, 0, 2, 1], "texture": "#particle"},
				"east": {"uv": [0, 10, 7, 11], "texture": "#particle"},
				"west": {"uv": [9, 10, 16, 11], "texture": "#particle"},
				"up": {"uv": [0, 8, 7, 10], "rotation": 90, "texture": "#particle"},
				"down": {"uv": [9, 8, 16, 10], "rotation": 270, "texture": "#particle"}
			}
		},
		{
			"from": [7, 15, 8],
			"to": [9, 16, 15],
			"rotation": {"angle": 0, "axis": "y", "origin": [8, 9, 16]},
			"faces": {
				"north": {"uv": [0, 0, 2, 1], "texture": "#particle"},
				"east": {"uv": [0, 2, 7, 3], "texture": "#particle"},
				"west": {"uv": [9, 2, 16, 3], "texture": "#particle"},
				"up": {"uv": [0, 0, 7, 2], "rotation": 90, "texture": "#particle"},
				"down": {"uv": [9, 0, 16, 2], "rotation": 270, "texture": "#particle"}
			}
		},
		{
			"from": [7, 1, 1],
			"to": [9, 2, 8],
			"rotation": {"angle": 0, "axis": "y", "origin": [8, 9, 7]},
			"faces": {
				"east": {"uv": [0, 14, 7, 15], "texture": "#particle"},
				"south": {"uv": [0, 0, 2, 1], "texture": "#particle"},
				"west": {"uv": [9, 14, 16, 15], "texture": "#particle"},
				"up": {"uv": [9, 12, 16, 14], "rotation": 270, "texture": "#particle"},
				"down": {"uv": [0, 12, 7, 14], "rotation": 90, "texture": "#particle"}
			}
		},
		{
			"from": [7, 9, 1],
			"to": [9, 10, 8],
			"rotation": {"angle": 0, "axis": "y", "origin": [8, 9, 7]},
			"faces": {
				"east": {"uv": [0, 6, 7, 7], "texture": "#particle"},
				"south": {"uv": [0, 0, 2, 1], "texture": "#particle"},
				"west": {"uv": [9, 6, 16, 7], "texture": "#particle"},
				"up": {"uv": [9, 4, 16, 6], "rotation": 270, "texture": "#particle"},
				"down": {"uv": [0, 4, 7, 6], "rotation": 90, "texture": "#particle"}
			}
		},
		{
			"from": [7, 5, 1],
			"to": [9, 6, 8],
			"rotation": {"angle": 0, "axis": "y", "origin": [8, 9, 7]},
			"faces": {
				"east": {"uv": [0, 10, 7, 11], "texture": "#particle"},
				"south": {"uv": [0, 0, 2, 1], "texture": "#particle"},
				"west": {"uv": [9, 10, 16, 11], "texture": "#particle"},
				"up": {"uv": [9, 8, 16, 10], "rotation": 270, "texture": "#particle"},
				"down": {"uv": [0, 8, 7, 10], "rotation": 90, "texture": "#particle"}
			}
		},
		{
			"from": [7, 13, 1],
			"to": [9, 14, 8],
			"rotation": {"angle": 0, "axis": "y", "origin": [8, 9, 7]},
			"faces": {
				"east": {"uv": [0, 2, 7, 3], "texture": "#particle"},
				"south": {"uv": [0, 0, 2, 1], "texture": "#particle"},
				"west": {"uv": [9, 2, 16, 3], "texture": "#particle"},
				"up": {"uv": [9, 0, 16, 2], "rotation": 270, "texture": "#particle"},
				"down": {"uv": [0, 0, 7, 2], "rotation": 90, "texture": "#particle"}
			}
		},
		{
			"from": [7, 3, 1],
			"to": [9, 4, 8],
			"rotation": {"angle": 0, "axis": "y", "origin": [8, 9, 7]},
			"faces": {
				"east": {"uv": [9, 14, 16, 15], "texture": "#particle"},
				"south": {"uv": [0, 0, 2, 1], "texture": "#particle"},
				"west": {"uv": [0, 14, 7, 15], "texture": "#particle"},
				"up": {"uv": [0, 12, 7, 14], "rotation": 270, "texture": "#particle"},
				"down": {"uv": [9, 12, 16, 14], "rotation": 90, "texture": "#particle"}
			}
		},
		{
			"from": [7, 11, 1],
			"to": [9, 12, 8],
			"rotation": {"angle": 0, "axis": "y", "origin": [8, 9, 7]},
			"faces": {
				"east": {"uv": [9, 6, 16, 7], "texture": "#particle"},
				"south": {"uv": [0, 0, 2, 1], "texture": "#particle"},
				"west": {"uv": [0, 6, 7, 7], "texture": "#particle"},
				"up": {"uv": [0, 4, 7, 6], "rotation": 270, "texture": "#particle"},
				"down": {"uv": [9, 4, 16, 6], "rotation": 90, "texture": "#particle"}
			}
		},
		{
			"from": [7, 7, 1],
			"to": [9, 8, 8],
			"rotation": {"angle": 0, "axis": "y", "origin": [8, 9, 7]},
			"faces": {
				"east": {"uv": [9, 10, 16, 11], "texture": "#particle"},
				"south": {"uv": [0, 0, 2, 1], "texture": "#particle"},
				"west": {"uv": [0, 10, 7, 11], "texture": "#particle"},
				"up": {"uv": [0, 8, 7, 10], "rotation": 270, "texture": "#particle"},
				"down": {"uv": [9, 8, 16, 10], "rotation": 90, "texture": "#particle"}
			}
		},
		{
			"from": [7, 15, 1],
			"to": [9, 16, 8],
			"rotation": {"angle": 0, "axis": "y", "origin": [8, 9, 7]},
			"faces": {
				"east": {"uv": [9, 2, 16, 3], "texture": "#particle"},
				"south": {"uv": [0, 0, 2, 1], "texture": "#particle"},
				"west": {"uv": [0, 2, 7, 3], "texture": "#particle"},
				"up": {"uv": [0, 0, 7, 2], "rotation": 270, "texture": "#particle"},
				"down": {"uv": [9, 0, 16, 2], "rotation": 90, "texture": "#particle"}
			}
		}
	],
	"display": {
		"gui": {
			"rotation": [30, 135, 0],
			"scale": [0.625, 0.625, 0.625]
		},
		"fixed": {
			"rotation": [0, 90, 0],
			"scale": [0.5, 0.5, 0.5]
		}
	},
	"groups": [
		{
			"name": "spruce_fence_post",
			"origin": [8, 8, 8],
			"color": 0,
			"children": [0, 1]
		},
		{
			"name": "spruce_fence_side",
			"origin": [8, 8, 8],
			"color": 0,
			"children": [2, 3, 4, 5, 6, 7, 8, 9]
		},
		{
			"name": "spruce_fence_side",
			"origin": [8, 8, 8],
			"color": 0,
			"children": [10, 11, 12, 13, 14, 15, 16, 17]
		}
	]
}