{
	"credit": "Made with Blockbench",
	"ambientocclusion": false,
	"textures": {
		"particle": "block/tall_pot",
		"flowerpot": "block/tall_pot",
		"dirt": "block/dirt",
		"azalea_plant": "block/potted_azalea_bush_plant"
	},
	"elements": [
		{
			"from": [5, 0, 5],
			"to": [6, 10, 11],
			"faces": {
				"north": {"uv": [10, 6, 11, 16], "texture": "#flowerpot"},
				"east": {"uv": [5, 6, 11, 16], "texture": "#flowerpot"},
				"south": {"uv": [5, 6, 6, 16], "texture": "#flowerpot"},
				"west": {"uv": [5, 6, 11, 16], "texture": "#flowerpot"},
				"up": {"uv": [5, 0, 6, 6], "texture": "#flowerpot"},
				"down": {"uv": [5, 0, 6, 6], "texture": "#flowerpot", "cullface": "down"}
			}
		},
		{
			"from": [10, 0, 5],
			"to": [11, 10, 11],
			"faces": {
				"north": {"uv": [5, 6, 6, 16], "texture": "#flowerpot"},
				"east": {"uv": [5, 6, 11, 16], "texture": "#flowerpot"},
				"south": {"uv": [10, 6, 11, 16], "texture": "#flowerpot"},
				"west": {"uv": [5, 6, 11, 16], "texture": "#flowerpot"},
				"up": {"uv": [10, 0, 11, 6], "texture": "#flowerpot"},
				"down": {"uv": [10, 0, 11, 6], "texture": "#flowerpot", "cullface": "down"}
			}
		},
		{
			"from": [6, 0, 5],
			"to": [10, 10, 6],
			"faces": {
				"north": {"uv": [6, 6, 10, 16], "texture": "#flowerpot"},
				"south": {"uv": [6, 6, 10, 16], "texture": "#flowerpot"},
				"up": {"uv": [6, 0, 10, 1], "texture": "#flowerpot"},
				"down": {"uv": [6, 5, 10, 6], "texture": "#flowerpot", "cullface": "down"}
			}
		},
		{
			"from": [6, 0, 10],
			"to": [10, 10, 11],
			"faces": {
				"north": {"uv": [6, 6, 10, 16], "texture": "#flowerpot"},
				"south": {"uv": [6, 6, 10, 16], "texture": "#flowerpot"},
				"up": {"uv": [6, 5, 10, 6], "texture": "#flowerpot"},
				"down": {"uv": [6, 0, 10, 1], "texture": "#flowerpot", "cullface": "down"}
			}
		},
		{
			"from": [6, 0, 6],
			"to": [10, 8, 10],
			"faces": {
				"up": {"uv": [6, 6, 10, 10], "texture": "#dirt"},
				"down": {"uv": [6, 12, 10, 16], "texture": "#flowerpot", "cullface": "down"}
			}
		},
		{
			"from": [4, 17.9, 4],
			"to": [12, 18, 12],
			"rotation": {"angle": 0, "axis": "y", "origin": [0, 2, 0]},
			"faces": {
				"up": {"uv": [4, 4, 12, 12], "texture": "#top"},
				"down": {"uv": [4, 12, 12, 4], "texture": "#top"}
			}
		},
		{
			"from": [4, 10, 4],
			"to": [12, 18, 4],
			"rotation": {"angle": 0, "axis": "y", "origin": [0, 2, 0]},
			"faces": {
				"north": {"uv": [4, 5, 12, 13], "texture": "#side"},
				"south": {"uv": [12, 5, 4, 13], "texture": "#side"}
			}
		},
		{
			"from": [4, 10, 12],
			"to": [12, 18, 12],
			"rotation": {"angle": 0, "axis": "y", "origin": [0, 2, 0]},
			"faces": {
				"north": {"uv": [12, 5, 4, 13], "texture": "#side"},
				"south": {"uv": [4, 5, 12, 13], "texture": "#side"}
			}
		},
		{
			"from": [4, 10, 4],
			"to": [4, 18, 12],
			"rotation": {"angle": 0, "axis": "y", "origin": [0, 2, 0]},
			"faces": {
				"east": {"uv": [12, 5, 4, 13], "texture": "#side"},
				"west": {"uv": [4, 5, 12, 13], "texture": "#side"}
			}
		},
		{
			"from": [12, 10, 4],
			"to": [12, 18, 12],
			"rotation": {"angle": 0, "axis": "y", "origin": [0, 2, 0]},
			"faces": {
				"east": {"uv": [4, 5, 12, 13], "texture": "#side"},
				"west": {"uv": [12, 5, 4, 13], "texture": "#side"}
			}
		},
		{
			"from": [2.6, 6, 8],
			"to": [13.4, 18, 8],
			"rotation": {"angle": 45, "axis": "y", "origin": [8, 10, 8], "rescale": true},
			"faces": {
				"north": {"uv": [0, 4, 16, 16], "texture": "#azalea_plant"},
				"south": {"uv": [0, 4, 16, 16], "texture": "#azalea_plant"}
			}
		},
		{
			"from": [8, 6, 2.6],
			"to": [8, 18, 13.4],
			"rotation": {"angle": 45, "axis": "y", "origin": [8, 10, 8], "rescale": true},
			"faces": {
				"east": {"uv": [0, 4, 16, 16], "texture": "#azalea_plant"},
				"west": {"uv": [0, 4, 16, 16], "texture": "#azalea_plant"}
			}
		}
	]
}