{
	"credit": "Made with Blockbench",
	"ambientocclusion": false,
	"textures": {
		"particle": "block/thick_pot",
		"flowerpot": "block/thick_pot",
		"dirt": "block/dirt"
	},
	"elements": [
		{
			"from": [4, 0, 4],
			"to": [5, 7, 12],
			"faces": {
				"north": {"uv": [4, 9, 5, 16], "texture": "#flowerpot"},
				"east": {"uv": [4, 9, 12, 16], "texture": "#flowerpot"},
				"south": {"uv": [11, 9, 12, 16], "texture": "#flowerpot"},
				"west": {"uv": [4, 9, 12, 16], "texture": "#flowerpot"},
				"up": {"uv": [4, 8, 12, 9], "rotation": 90, "texture": "#flowerpot"},
				"down": {"uv": [4, 8, 12, 9], "rotation": 90, "texture": "#flowerpot", "cullface": "down"}
			}
		},
		{
			"from": [11, 0, 4],
			"to": [12, 7, 12],
			"faces": {
				"north": {"uv": [4, 9, 5, 16], "texture": "#flowerpot"},
				"east": {"uv": [4, 9, 12, 16], "texture": "#flowerpot"},
				"south": {"uv": [11, 9, 12, 16], "texture": "#flowerpot"},
				"west": {"uv": [4, 9, 12, 16], "texture": "#flowerpot"},
				"up": {"uv": [4, 8, 12, 9], "rotation": 90, "texture": "#flowerpot"},
				"down": {"uv": [4, 8, 12, 9], "rotation": 90, "texture": "#flowerpot", "cullface": "down"}
			}
		},
		{
			"from": [5, 0, 4],
			"to": [11, 7, 5],
			"faces": {
				"north": {"uv": [5, 9, 11, 16], "texture": "#flowerpot"},
				"south": {"uv": [5, 9, 11, 16], "texture": "#flowerpot"},
				"up": {"uv": [5, 8, 11, 9], "texture": "#flowerpot"},
				"down": {"uv": [5, 8, 11, 9], "texture": "#flowerpot", "cullface": "down"}
			}
		},
		{
			"from": [5, 0, 11],
			"to": [11, 7, 12],
			"faces": {
				"north": {"uv": [5, 9, 11, 16], "texture": "#flowerpot"},
				"south": {"uv": [5, 9, 11, 16], "texture": "#flowerpot"},
				"up": {"uv": [5, 8, 11, 9], "texture": "#flowerpot"},
				"down": {"uv": [5, 8, 11, 9], "texture": "#flowerpot", "cullface": "down"}
			}
		},
		{
			"from": [5, 0, 5],
			"to": [11, 5, 11],
			"faces": {
				"up": {"uv": [6, 6, 10, 10], "texture": "#dirt"},
				"down": {"uv": [5, 10, 11, 16], "texture": "#flowerpot", "cullface": "down"}
			}
		}
	]
}