{
	"credit": "Made with Blockbench",
	"ambientocclusion": false,
	"textures": {
		"particle": "block/tall_pot",
		"flowerpot": "block/tall_pot",
		"dirt": "block/dirt"
	},
	"elements": [
		{
			"from": [5, 0, 5],
			"to": [6, 10, 11],
			"faces": {
				"north": {"uv": [10, 6, 11, 16], "texture": "#flowerpot"},
				"east": {"uv": [5, 6, 11, 16], "texture": "#flowerpot"},
				"south": {"uv": [5, 6, 6, 16], "texture": "#flowerpot"},
				"west": {"uv": [5, 6, 11, 16], "texture": "#flowerpot"},
				"up": {"uv": [5, 0, 6, 6], "texture": "#flowerpot"},
				"down": {"uv": [5, 0, 6, 6], "texture": "#flowerpot", "cullface": "down"}
			}
		},
		{
			"from": [10, 0, 5],
			"to": [11, 10, 11],
			"faces": {
				"north": {"uv": [5, 6, 6, 16], "texture": "#flowerpot"},
				"east": {"uv": [5, 6, 11, 16], "texture": "#flowerpot"},
				"south": {"uv": [10, 6, 11, 16], "texture": "#flowerpot"},
				"west": {"uv": [5, 6, 11, 16], "texture": "#flowerpot"},
				"up": {"uv": [10, 0, 11, 6], "texture": "#flowerpot"},
				"down": {"uv": [10, 0, 11, 6], "texture": "#flowerpot", "cullface": "down"}
			}
		},
		{
			"from": [6, 0, 5],
			"to": [10, 10, 6],
			"faces": {
				"north": {"uv": [6, 6, 10, 16], "texture": "#flowerpot"},
				"south": {"uv": [6, 6, 10, 16], "texture": "#flowerpot"},
				"up": {"uv": [6, 0, 10, 1], "texture": "#flowerpot"},
				"down": {"uv": [6, 5, 10, 6], "texture": "#flowerpot", "cullface": "down"}
			}
		},
		{
			"from": [6, 0, 10],
			"to": [10, 10, 11],
			"faces": {
				"north": {"uv": [6, 6, 10, 16], "texture": "#flowerpot"},
				"south": {"uv": [6, 6, 10, 16], "texture": "#flowerpot"},
				"up": {"uv": [6, 5, 10, 6], "texture": "#flowerpot"},
				"down": {"uv": [6, 0, 10, 1], "texture": "#flowerpot", "cullface": "down"}
			}
		},
		{
			"from": [6, 0, 6],
			"to": [10, 8, 10],
			"faces": {
				"up": {"uv": [6, 6, 10, 10], "texture": "#dirt"},
				"down": {"uv": [6, 12, 10, 16], "texture": "#flowerpot", "cullface": "down"}
			}
		},
		{
			"from": [2.6, 8, 8],
			"to": [13.4, 20, 8],
			"rotation": {"angle": 45, "axis": "y", "origin": [8, 8, 8], "rescale": true},
			"faces": {
				"north": {"uv": [0, 0, 16, 16], "texture": "#plant", "tintindex": 0 },
				"south": {"uv": [0, 0, 16, 16], "texture": "#plant", "tintindex": 0 }
			}
		},
		{
			"from": [8, 8, 2.6],
			"to": [8, 20, 13.4],
			"rotation": {"angle": 45, "axis": "y", "origin": [8, 8, 8], "rescale": true},
			"faces": {
				"east": {"uv": [0, 0, 16, 16], "texture": "#plant", "tintindex": 0 },
				"west": {"uv": [0, 0, 16, 16], "texture": "#plant", "tintindex": 0 }
			}
		}
	]
}