{
	"credit": "Made by Peeter100 for the TTT Project using Blockbench",
	"parent": "minecraft:item/generated",
	"textures": {
		"layer0": "item/healorb"
	},
	"display": {
		"thirdperson_righthand": {
			"rotation": [90, 0, 0],
			"translation": [-6.5, -2, -5]
		},
		"thirdperson_lefthand": {
			"rotation": [90, 0, 0],
			"translation": [-5.5, -2, -5]
		},
		"firstperson_righthand": {
			"scale": [0, 0, 0]
		},
		"firstperson_lefthand": {
			"scale": [0, 0, 0]
		},
		"ground": {
			"scale": [0, 0, 0]
		},
		"gui": {
			"scale": [0, 0, 0]
		}
	}
}