{
	"credit": "Made by Peeter100 for the TTT Project using Blockbench",
	"texture_size": [32, 32],
	"textures": {
		"0": "entity/bird",
		"particle": "entity/bird"
	},
	"elements": [
		{
			"name": "Bird",
			"from": [3, 0, 0],
			"to": [13, 10, 10],
			"faces": {
				"north": {"uv": [0, 0, 5, 5], "texture": "#0"},
				"east": {"uv": [0, 5, 5, 10], "texture": "#0"},
				"south": {"uv": [10, 0, 15, 5], "texture": "#0"},
				"west": {"uv": [5, 0, 10, 5], "texture": "#0"},
				"up": {"uv": [5, 5, 10, 10], "texture": "#0"},
				"down": {"uv": [10, 5, 15, 10], "texture": "#0"}
			}
		},
		{
			"name": "Feather Thing 1",
			"from": [8, 7, -6],
			"to": [10, 13, -4],
			"rotation": {"angle": 45, "axis": "x", "origin": [0, 0, 0]},
			"faces": {
				"north": {"uv": [5.5, 0, 6.5, 3], "texture": "#0"},
				"east": {"uv": [6, 0, 7, 3], "texture": "#0"},
				"south": {"uv": [7, 0, 8, 3], "texture": "#0"},
				"west": {"uv": [6.5, 0, 7.5, 3], "texture": "#0"},
				"up": {"uv": [8, 0, 9, 1], "texture": "#0"},
				"down": {"uv": [8.5, 0, 9.5, 1], "texture": "#0"}
			}
		},
		{
			"name": "Feather Thing 2",
			"from": [6, 6, -5],
			"to": [8, 12, -3],
			"rotation": {"angle": 45, "axis": "x", "origin": [0, 0, 0]},
			"faces": {
				"north": {"uv": [5.5, 0, 6.5, 3], "texture": "#0"},
				"east": {"uv": [6, 0, 7, 3], "texture": "#0"},
				"south": {"uv": [7, 0, 8, 3], "texture": "#0"},
				"west": {"uv": [6.5, 0, 7.5, 3], "texture": "#0"},
				"up": {"uv": [8, 0, 9, 1], "texture": "#0"},
				"down": {"uv": [8.5, 0, 9.5, 1], "texture": "#0"}
			}
		}
	],
	"display": {
		"thirdperson_righthand": {
			"rotation": [90, 0, 0],
			"translation": [-6, -5.25, -8],
			"scale": [1.1, 1.1, 1.1]
		},
		"thirdperson_lefthand": {
			"rotation": [90, 0, 0],
			"translation": [-6, -5.25, -8],
			"scale": [1.1, 1.1, 1.1]
		},
		"head": {
			"translation": [0, 5.75, 5.25],
			"scale": [1.65, 1.65, 1.65]
		}
	}
}