{
	"credit": "Made by Peeter100 for the TTT Project using Blockbench",
	"texture_size": [64, 32],
	"textures": {
		"0": "entity/player/goomba",
		"particle": "entity/player/goomba"
	},
	"elements": [
		{
			"name": "Head",
			"from": [4, 3, 4],
			"to": [12, 8, 12],
			"faces": {
				"north": {"uv": [2, 4, 4, 6.5], "texture": "#0"},
				"east": {"uv": [0, 4, 2, 6.5], "texture": "#0"},
				"south": {"uv": [6, 4, 8, 6.5], "texture": "#0"},
				"west": {"uv": [4, 4, 6, 6.5], "texture": "#0"},
				"up": {"uv": [2, 0, 4, 4], "rotation": 180, "texture": "#0"},
				"down": {"uv": [8, 0, 10, 4], "texture": "#0"}
			}
		},
		{
			"name": "Body",
			"from": [5, 1, 5],
			"to": [11, 7, 11],
			"faces": {
				"north": {"uv": [1.5, 11, 3, 14], "texture": "#0"},
				"east": {"uv": [0, 11, 1.5, 14], "texture": "#0"},
				"south": {"uv": [4.5, 11, 6, 14], "texture": "#0"},
				"west": {"uv": [3, 11, 4.5, 14], "texture": "#0"},
				"up": {"uv": [1.5, 8, 3, 11], "texture": "#0"},
				"down": {"uv": [3, 8, 4.5, 11], "texture": "#0"}
			}
		},
		{
			"name": "Head Top",
			"from": [5, 8, 5],
			"to": [11, 9, 11],
			"faces": {
				"north": {"uv": [2.25, 3.5, 3.75, 4], "texture": "#0"},
				"east": {"uv": [0.25, 4, 1.75, 4.5], "texture": "#0"},
				"south": {"uv": [6, 4, 7.5, 4.5], "texture": "#0"},
				"west": {"uv": [4, 4, 5.5, 4.5], "texture": "#0"},
				"up": {"uv": [2.25, 0.5, 3.75, 3.5], "rotation": 180, "texture": "#0"},
				"down": {"uv": [2.25, 0.5, 3.75, 3.5], "texture": "#0"}
			}
		},
		{
			"name": "Head Right",
			"from": [3, 4, 4],
			"to": [4, 6, 12],
			"faces": {
				"north": {"uv": [4, 5, 4.25, 6], "texture": "#0"},
				"east": {"uv": [4, 5, 6, 6], "texture": "#0"},
				"south": {"uv": [1.75, 5, 2, 6], "texture": "#0"},
				"west": {"uv": [4, 5, 6, 6], "texture": "#0"},
				"up": {"uv": [4, 5, 6, 5.5], "rotation": 90, "texture": "#0"},
				"down": {"uv": [4, 5, 6, 5.5], "rotation": 90, "texture": "#0"}
			}
		},
		{
			"name": "Head Left",
			"from": [12, 4, 4],
			"to": [13, 6, 12],
			"faces": {
				"north": {"uv": [1.75, 5, 2, 6], "texture": "#0"},
				"east": {"uv": [0, 5, 2, 6], "texture": "#0"},
				"south": {"uv": [4, 5, 4.25, 6], "texture": "#0"},
				"west": {"uv": [0, 5, 2, 6], "texture": "#0"},
				"up": {"uv": [0, 5, 2, 5.5], "rotation": 90, "texture": "#0"},
				"down": {"uv": [0, 5, 2, 5.5], "rotation": 90, "texture": "#0"}
			}
		},
		{
			"name": "Legs Bottom",
			"from": [4, 0, 4],
			"to": [12, 0, 12],
			"faces": {
				"up": {"uv": [4, 0, 6, 4], "texture": "#0"},
				"down": {"uv": [4, 0, 6, 4], "texture": "#0"}
			}
		},
		{
			"name": "Legs Front",
			"from": [4, 0, 4],
			"to": [12, 3, 4],
			"faces": {
				"north": {"uv": [2, 6.5, 4, 8], "texture": "#0"},
				"south": {"uv": [6, 6.5, 8, 8], "texture": "#0"}
			}
		},
		{
			"name": "Legs Back",
			"from": [4, 0, 12],
			"to": [12, 3, 12],
			"faces": {
				"north": {"uv": [2, 6.5, 4, 8], "texture": "#0"},
				"south": {"uv": [6, 6.5, 8, 8], "texture": "#0"}
			}
		},
		{
			"name": "Legs Right",
			"from": [4, 0, 4],
			"to": [4, 3, 12],
			"faces": {
				"east": {"uv": [0, 6.5, 2, 8], "texture": "#0"},
				"west": {"uv": [4, 6.5, 6, 8], "texture": "#0"}
			}
		},
		{
			"name": "Legs Left",
			"from": [12, 0, 4],
			"to": [12, 3, 12],
			"faces": {
				"east": {"uv": [0, 6.5, 2, 8], "texture": "#0"},
				"west": {"uv": [4, 6.5, 6, 8], "texture": "#0"}
			}
		}
	],
	"display": {
		"thirdperson_righthand": {
			"rotation": [90, 0, 0],
			"translation": [-6, -2, 0],
			"scale": [1.5, 1.5, 1.5]
		},
		"thirdperson_lefthand": {
			"rotation": [90, 0, 0],
			"translation": [-6, -2, 0],
			"scale": [1.5, 1.5, 1.5]
		}
	},
	"groups": [
		{
			"name": "Upper",
			"origin": [8, 8, 8],
			"color": 0,
			"children": [0, 1, 2, 3, 4]
		},
		{
			"name": "Lower",
			"origin": [8, 8, 8],
			"color": 0,
			"children": [5, 6, 7, 8, 9]
		}
	]
}