{
	"credit": "Made by Peeter100 for the TTT Project using Blockbench",
	"texture_size": [64, 64],
	"textures": {
		"0": "entity/player/rick"
	},
	"elements": [
		{
			"name": "Body",
			"from": [4, 10, 6],
			"to": [12, 22, 10],
			"faces": {
				"north": {"uv": [5, 5, 7, 8], "texture": "#0"},
				"east": {"uv": [4, 5, 5, 8], "texture": "#0"},
				"south": {"uv": [8, 5, 10, 8], "texture": "#0"},
				"west": {"uv": [7, 5, 8, 8], "texture": "#0"},
				"up": {"uv": [7, 5, 5, 4], "texture": "#0"},
				"down": {"uv": [9, 4, 7, 5], "texture": "#0"}
			}
		},
		{
			"name": "Body Layer",
			"from": [3.75, 9.75, 5.75],
			"to": [12.25, 22.25, 10.25],
			"faces": {
				"north": {"uv": [5, 9, 7, 12], "texture": "#0"},
				"east": {"uv": [4, 9, 5, 12], "texture": "#0"},
				"south": {"uv": [8, 9, 10, 12], "texture": "#0"},
				"west": {"uv": [7, 9, 8, 12], "texture": "#0"},
				"up": {"uv": [7, 9, 5, 8], "texture": "#0"},
				"down": {"uv": [9, 8, 7, 9], "texture": "#0"}
			}
		},
		{
			"name": "Right Arm",
			"from": [12, 18, -3],
			"to": [15, 23, 1],
			"rotation": {"angle": 22.5, "axis": "x", "origin": [0, 0, 0]},
			"faces": {
				"north": {"uv": [11, 5, 11.75, 6.25], "texture": "#0"},
				"east": {"uv": [10, 5, 11, 6.25], "texture": "#0"},
				"south": {"uv": [12.75, 5, 13.5, 6.25], "texture": "#0"},
				"west": {"uv": [11.75, 5, 12.75, 6.25], "texture": "#0"},
				"up": {"uv": [11.75, 5, 11, 4], "texture": "#0"},
				"down": {"uv": [11.75, 4, 11, 5], "texture": "#0"}
			}
		},
		{
			"name": "Right Arm Lower",
			"from": [8, 15, -3],
			"to": [15, 18, 1],
			"rotation": {"angle": 22.5, "axis": "x", "origin": [0, 0, 0]},
			"faces": {
				"north": {"uv": [11, 6, 11.75, 7.75], "rotation": 270, "texture": "#0"},
				"east": {"uv": [11.75, 5, 11, 4], "rotation": 90, "texture": "#0"},
				"south": {"uv": [12.75, 6, 13.5, 7.75], "rotation": 90, "texture": "#0"},
				"west": {"uv": [12.5, 4, 11.75, 5], "rotation": 90, "texture": "#0"},
				"up": {"uv": [11.75, 6, 12.75, 7.75], "rotation": 90, "texture": "#0"},
				"down": {"uv": [10, 6, 11, 7.75], "rotation": 90, "texture": "#0"}
			}
		},
		{
			"name": "Left Arm",
			"from": [1, 18, -3],
			"to": [4, 23, 1],
			"rotation": {"angle": 22.5, "axis": "x", "origin": [0, 0, 0]},
			"faces": {
				"north": {"uv": [9, 13, 9.75, 14.25], "texture": "#0"},
				"east": {"uv": [8, 13, 9, 14.25], "texture": "#0"},
				"south": {"uv": [10.75, 13, 11.5, 14.25], "texture": "#0"},
				"west": {"uv": [9.75, 13, 10.75, 14.25], "texture": "#0"},
				"up": {"uv": [9.75, 13, 9, 12], "texture": "#0"},
				"down": {"uv": [9.75, 12, 9, 13], "texture": "#0"}
			}
		},
		{
			"name": "Left Arm Lower",
			"from": [1, 15, -3],
			"to": [8, 18, 1],
			"rotation": {"angle": 22.5, "axis": "x", "origin": [16, 0, 0]},
			"faces": {
				"north": {"uv": [9, 14, 9.75, 15.75], "rotation": 90, "texture": "#0"},
				"east": {"uv": [10.5, 12, 9.75, 13], "rotation": 270, "texture": "#0"},
				"south": {"uv": [10.75, 14, 11.5, 15.75], "rotation": 270, "texture": "#0"},
				"west": {"uv": [9.75, 13, 9, 12], "rotation": 270, "texture": "#0"},
				"up": {"uv": [8, 14, 9, 15.75], "rotation": 270, "texture": "#0"},
				"down": {"uv": [9.75, 14, 10.75, 15.75], "rotation": 270, "texture": "#0"}
			}
		}
	],
	"display": {
		"thirdperson_righthand": {
			"rotation": [90, 0, 0],
			"translation": [-6, -2, -2.5]
		},
		"thirdperson_lefthand": {
			"rotation": [90, 0, 0],
			"translation": [-6, -2, -2.5]
		},
		"head": {
			"translation": [0, -27, 0],
			"scale": [1.61, 1.61, 1.61]
		}
	},
	"groups": [
		{
			"name": "Body",
			"origin": [0, 24, 0],
			"color": 0,
			"children": [0, 1]
		},
		{
			"name": "RightArm",
			"origin": [5, 22, 0],
			"color": 0,
			"children": [2, 3]
		},
		{
			"name": "LeftArm",
			"origin": [-5, 22, 0],
			"color": 0,
			"children": [4, 5]
		}
	]
}