{
	"credit": "Made by Peeter100 for the TTT Project using Blockbench",
	"texture_size": [64, 64],
	"textures": {
		"0": "entity/player/rick"
	},
	"elements": [
		{
			"name": "Right Leg",
			"from": [8, 0.5, 1.5],
			"to": [12, 12.5, 5.5],
			"rotation": {"angle": 22.5, "axis": "x", "origin": [0, 0, 0]},
			"faces": {
				"north": {"uv": [1, 5, 2, 8], "texture": "#0"},
				"east": {"uv": [0, 5, 1, 8], "texture": "#0"},
				"south": {"uv": [3, 5, 4, 8], "texture": "#0"},
				"west": {"uv": [2, 5, 3, 8], "texture": "#0"},
				"up": {"uv": [2, 5, 1, 4], "texture": "#0"},
				"down": {"uv": [3, 4, 2, 5], "texture": "#0"}
			}
		},
		{
			"name": "Right Leg Layer",
			"from": [7.75, 0.25, 1.25],
			"to": [12.25, 12.75, 5.75],
			"rotation": {"angle": 22.5, "axis": "x", "origin": [0, 0, 0]},
			"faces": {
				"north": {"uv": [1, 9, 2, 12], "texture": "#0"},
				"east": {"uv": [0, 9, 1, 12], "texture": "#0"},
				"south": {"uv": [3, 9, 4, 12], "texture": "#0"},
				"west": {"uv": [2, 9, 3, 12], "texture": "#0"},
				"up": {"uv": [2, 9, 1, 8], "texture": "#0"},
				"down": {"uv": [3, 8, 2, 9], "texture": "#0"}
			}
		},
		{
			"name": "Left Leg",
			"from": [4, -0.5, 4],
			"to": [8, 3.5, 12],
			"rotation": {"angle": -45, "axis": "x", "origin": [0, 0, 0]},
			"faces": {
				"north": {"uv": [6, 14, 5, 15], "rotation": 180, "texture": "#0"},
				"east": {"uv": [4, 13, 5, 15], "rotation": 270, "texture": "#0"},
				"south": {"uv": [6, 13, 5, 12], "texture": "#0"},
				"west": {"uv": [6, 13, 7, 15], "rotation": 90, "texture": "#0"},
				"up": {"uv": [5, 13, 6, 15], "rotation": 180, "texture": "#0"},
				"down": {"uv": [7, 13, 8, 15], "texture": "#0"}
			}
		},
		{
			"name": "Left Leg Lower",
			"from": [4, -5.5, 4],
			"to": [8, -0.5, 8],
			"rotation": {"angle": -45, "axis": "x", "origin": [0, 0, 0]},
			"faces": {
				"north": {"uv": [5, 14.75, 6, 16], "texture": "#0"},
				"east": {"uv": [4, 14.75, 5, 16], "texture": "#0"},
				"south": {"uv": [7, 14.75, 8, 16], "texture": "#0"},
				"west": {"uv": [6, 14.75, 7, 16], "texture": "#0"},
				"up": {"uv": [6, 14, 5, 13.5], "texture": "#0"},
				"down": {"uv": [7, 12, 6, 13], "texture": "#0"}
			}
		},
		{
			"name": "Left Leg Layer",
			"from": [3.75, -5.75, 3.75],
			"to": [8.25, -0.25, 8.25],
			"rotation": {"angle": -45, "axis": "x", "origin": [0, 0, 0]},
			"faces": {
				"north": {"uv": [1, 14.75, 2, 16], "texture": "#0"},
				"east": {"uv": [0, 14.75, 1, 16], "texture": "#0"},
				"south": {"uv": [3, 14.75, 4, 16], "texture": "#0"},
				"west": {"uv": [2, 14.75, 3, 16], "texture": "#0"},
				"up": {"uv": [2, 13, 1, 12], "texture": "#0"},
				"down": {"uv": [3, 12, 2, 13], "texture": "#0"}
			}
		}
	],
	"display": {
		"thirdperson_righthand": {
			"rotation": [84, 0, 0],
			"translation": [-6, -2, -2.5]
		},
		"thirdperson_lefthand": {
			"rotation": [84, 0, 0],
			"translation": [-6, -2, -2.5]
		},
		"head": {
			"translation": [0, -27, 0],
			"scale": [1.61, 1.61, 1.61]
		}
	},
	"groups": [
		{
			"name": "RightLeg",
			"origin": [1.9, 12, 0],
			"color": 0,
			"children": [0, 1]
		},
		{
			"name": "LeftLeg",
			"origin": [-1.9, 12, 0],
			"color": 0,
			"children": [2, 3, 4]
		}
	]
}