{
	"credit": "Made by Peeter100 for the TTT Project using Blockbench",
	"texture_size": [64, 64],
	"textures": {
		"0": "entity/player/rick"
	},
	"elements": [
		{
			"name": "Head",
			"from": [4, 14, 4],
			"to": [12, 22, 12],
			"faces": {
				"north": {"uv": [2, 2, 4, 4], "texture": "#0"},
				"east": {"uv": [0, 2, 2, 4], "texture": "#0"},
				"south": {"uv": [6, 2, 8, 4], "texture": "#0"},
				"west": {"uv": [4, 2, 6, 4], "texture": "#0"},
				"up": {"uv": [4, 2, 2, 0], "texture": "#0"},
				"down": {"uv": [6, 0, 4, 2], "texture": "#0"}
			}
		},
		{
			"name": "Hair",
			"from": [-4, 14, 6],
			"to": [20, 30, 6],
			"faces": {
				"north": {"uv": [10, 8, 16, 12], "texture": "#0"},
				"south": {"uv": [16, 8, 10, 12], "texture": "#0"}
			}
		},
		{
			"name": "Sludge",
			"from": [7.25, 13.5, 3.9],
			"to": [8, 14.25, 3.9],
			"faces": {
				"north": {"uv": [0.25, 4, 0.5, 4.25], "texture": "#0"}
			}
		}
	],
	"display": {
		"thirdperson_righthand": {
			"rotation": [90, 0, 0],
			"translation": [-6, -2, 6]
		},
		"thirdperson_lefthand": {
			"rotation": [90, 0, 0],
			"translation": [-6, -2, 6]
		},
		"head": {
			"translation": [0, -14.5, 0],
			"scale": [1.61, 1.61, 1.61]
		}
	},
	"groups": [
		{
			"name": "Head",
			"origin": [0, 24, 0],
			"color": 0,
			"children": [0, 1, 2]
		}
	]
}