{
	"credit": "Made by Peeter100 for the TTT Project using Blockbench",
	"texture_size": [64, 64],
	"textures": {
		"0": "entity/player/sniper"
	},
	"elements": [
		{
			"name": "Body",
			"from": [4, -12, 13],
			"to": [12, 0, 17],
			"rotation": {"angle": -45, "axis": "x", "origin": [0, 0, 0]},
			"faces": {
				"north": {"uv": [5, 5, 7, 8], "texture": "#0"},
				"east": {"uv": [4, 5, 5, 8], "texture": "#0"},
				"south": {"uv": [8, 5, 10, 8], "texture": "#0"},
				"west": {"uv": [7, 5, 8, 8], "texture": "#0"},
				"up": {"uv": [7, 5, 5, 4], "texture": "#0"},
				"down": {"uv": [9, 4, 7, 5], "texture": "#0"}
			}
		},
		{
			"name": "Body Layer",
			"from": [3.75, -12.25, 12.75],
			"to": [12.25, 0.25, 17.25],
			"rotation": {"angle": -45, "axis": "x", "origin": [0, 0, 0]},
			"faces": {
				"north": {"uv": [5, 9, 7, 12], "texture": "#0"},
				"east": {"uv": [4, 9, 5, 12], "texture": "#0"},
				"south": {"uv": [8, 9, 10, 12], "texture": "#0"},
				"west": {"uv": [7, 9, 8, 12], "texture": "#0"},
				"up": {"uv": [7, 9, 5, 8], "texture": "#0"},
				"down": {"uv": [9, 8, 7, 9], "texture": "#0"}
			}
		},
		{
			"name": "Right Leg",
			"from": [7.9, 0, 19],
			"to": [11.9, 4, 31],
			"faces": {
				"north": {"uv": [2, 5, 1, 4], "rotation": 180, "texture": "#0"},
				"east": {"uv": [0, 5, 1, 8], "rotation": 90, "texture": "#0"},
				"south": {"uv": [3, 4, 2, 5], "texture": "#0"},
				"west": {"uv": [2, 5, 3, 8], "rotation": 270, "texture": "#0"},
				"up": {"uv": [3, 5, 4, 8], "texture": "#0"},
				"down": {"uv": [1, 5, 2, 8], "rotation": 180, "texture": "#0"}
			}
		},
		{
			"name": "Right Leg Layer",
			"from": [7.65, -0.25, 18.75],
			"to": [12.15, 4.25, 31.25],
			"faces": {
				"north": {"uv": [2, 9, 1, 8], "rotation": 180, "texture": "#0"},
				"east": {"uv": [0, 9, 1, 12], "rotation": 90, "texture": "#0"},
				"south": {"uv": [3, 8, 2, 9], "texture": "#0"},
				"west": {"uv": [2, 9, 3, 12], "rotation": 270, "texture": "#0"},
				"up": {"uv": [3, 9, 4, 12], "texture": "#0"},
				"down": {"uv": [1, 9, 2, 12], "rotation": 180, "texture": "#0"}
			}
		},
		{
			"name": "Left Leg",
			"from": [4.1, 0, 19],
			"to": [8.1, 4, 31],
			"faces": {
				"north": {"uv": [6, 13, 5, 12], "rotation": 180, "texture": "#0"},
				"east": {"uv": [4, 13, 5, 16], "rotation": 90, "texture": "#0"},
				"south": {"uv": [7, 12, 6, 13], "texture": "#0"},
				"west": {"uv": [6, 13, 7, 16], "rotation": 270, "texture": "#0"},
				"up": {"uv": [7, 13, 8, 16], "texture": "#0"},
				"down": {"uv": [5, 13, 6, 16], "rotation": 180, "texture": "#0"}
			}
		},
		{
			"name": "Left Leg Layer",
			"from": [3.85, -0.25, 18.75],
			"to": [8.35, 4.25, 31.25],
			"faces": {
				"north": {"uv": [2, 13, 1, 12], "rotation": 180, "texture": "#0"},
				"east": {"uv": [0, 13, 1, 16], "rotation": 90, "texture": "#0"},
				"south": {"uv": [3, 12, 2, 13], "texture": "#0"},
				"west": {"uv": [2, 13, 3, 16], "rotation": 270, "texture": "#0"},
				"up": {"uv": [3, 13, 4, 16], "texture": "#0"},
				"down": {"uv": [1, 13, 2, 16], "rotation": 180, "texture": "#0"}
			}
		}
	],
	"display": {
		"thirdperson_righthand": {
			"rotation": [90, 0, 0],
			"translation": [-6, 0, -12]
		},
		"thirdperson_lefthand": {
			"rotation": [90, 0, 0],
			"translation": [-6, 0, -12]
		},
		"head": {
			"translation": [0, -30.5, -3.25],
			"scale": [1.6, 1.6, 1.6]
		}
	},
	"groups": [
		{
			"name": "Body",
			"origin": [0, 24, 0],
			"color": 0,
			"children": [0, 1]
		},
		{
			"name": "RightLeg",
			"origin": [1.9, 12, 0],
			"color": 0,
			"children": [2, 3]
		},
		{
			"name": "LeftLeg",
			"origin": [-1.9, 12, 0],
			"color": 0,
			"children": [4, 5]
		}
	]
}