{
	"credit": "Made by Peeter100 for the TTT Project using Blockbench",
	"texture_size": [64, 64],
	"textures": {
		"0": "entity/player/sniper"
	},
	"elements": [
		{
			"name": "Body",
			"from": [4, 10, 6],
			"to": [12, 22, 10],
			"faces": {
				"north": {"uv": [5, 5, 7, 8], "texture": "#0"},
				"east": {"uv": [4, 5, 5, 8], "texture": "#0"},
				"south": {"uv": [8, 5, 10, 8], "texture": "#0"},
				"west": {"uv": [7, 5, 8, 8], "texture": "#0"},
				"up": {"uv": [7, 5, 5, 4], "texture": "#0"},
				"down": {"uv": [9, 4, 7, 5], "texture": "#0"}
			}
		},
		{
			"name": "Body Layer",
			"from": [3.75, 9.75, 5.75],
			"to": [12.25, 22.25, 10.25],
			"faces": {
				"north": {"uv": [5, 9, 7, 12], "texture": "#0"},
				"east": {"uv": [4, 9, 5, 12], "texture": "#0"},
				"south": {"uv": [8, 9, 10, 12], "texture": "#0"},
				"west": {"uv": [7, 9, 8, 12], "texture": "#0"},
				"up": {"uv": [7, 9, 5, 8], "texture": "#0"},
				"down": {"uv": [9, 8, 7, 9], "texture": "#0"}
			}
		},
		{
			"name": "Right Leg",
			"from": [7.9, -2, 6],
			"to": [11.9, 10, 10],
			"faces": {
				"north": {"uv": [1, 5, 2, 8], "texture": "#0"},
				"east": {"uv": [0, 5, 1, 8], "texture": "#0"},
				"south": {"uv": [3, 5, 4, 8], "texture": "#0"},
				"west": {"uv": [2, 5, 3, 8], "texture": "#0"},
				"up": {"uv": [2, 5, 1, 4], "texture": "#0"},
				"down": {"uv": [3, 4, 2, 5], "texture": "#0"}
			}
		},
		{
			"name": "Right Leg Layer",
			"from": [7.65, -2.25, 5.75],
			"to": [12.15, 10.25, 10.25],
			"faces": {
				"north": {"uv": [1, 9, 2, 12], "texture": "#0"},
				"east": {"uv": [0, 9, 1, 12], "texture": "#0"},
				"south": {"uv": [3, 9, 4, 12], "texture": "#0"},
				"west": {"uv": [2, 9, 3, 12], "texture": "#0"},
				"up": {"uv": [2, 9, 1, 8], "texture": "#0"},
				"down": {"uv": [3, 8, 2, 9], "texture": "#0"}
			}
		},
		{
			"name": "Left Leg",
			"from": [4.1, -2, 6],
			"to": [8.1, 10, 10],
			"faces": {
				"north": {"uv": [5, 13, 6, 16], "texture": "#0"},
				"east": {"uv": [4, 13, 5, 16], "texture": "#0"},
				"south": {"uv": [7, 13, 8, 16], "texture": "#0"},
				"west": {"uv": [6, 13, 7, 16], "texture": "#0"},
				"up": {"uv": [6, 13, 5, 12], "texture": "#0"},
				"down": {"uv": [7, 12, 6, 13], "texture": "#0"}
			}
		},
		{
			"name": "Left Leg Layer",
			"from": [3.85, -2.25, 5.75],
			"to": [8.35, 10.25, 10.25],
			"faces": {
				"north": {"uv": [1, 13, 2, 16], "texture": "#0"},
				"east": {"uv": [0, 13, 1, 16], "texture": "#0"},
				"south": {"uv": [3, 13, 4, 16], "texture": "#0"},
				"west": {"uv": [2, 13, 3, 16], "texture": "#0"},
				"up": {"uv": [2, 13, 1, 12], "texture": "#0"},
				"down": {"uv": [3, 12, 2, 13], "texture": "#0"}
			}
		},
		{
			"name": "Right Arm Layer",
			"from": [11.75, 15.25, 6.75],
			"to": [16.25, 21.75, 11.25],
			"rotation": {"angle": 22.5, "axis": "x", "origin": [14, 21.5, 9]},
			"faces": {
				"north": {"uv": [11, 9, 12, 10.5], "texture": "#0"},
				"east": {"uv": [10, 9, 11, 10.5], "texture": "#0"},
				"south": {"uv": [13, 9, 14, 10.5], "texture": "#0"},
				"west": {"uv": [12, 9, 13, 10.5], "texture": "#0"},
				"up": {"uv": [12, 9, 11, 8], "texture": "#0"},
				"down": {"uv": [13, 8, 12, 9], "texture": "#0"}
			}
		},
		{
			"name": "Right Arm",
			"from": [12, 15.5, 7],
			"to": [16, 21.5, 11],
			"rotation": {"angle": 22.5, "axis": "x", "origin": [14, 21.5, 9]},
			"faces": {
				"north": {"uv": [11, 5, 12, 6.5], "texture": "#0"},
				"east": {"uv": [10, 5, 11, 6.5], "texture": "#0"},
				"south": {"uv": [13, 5, 14, 6.5], "texture": "#0"},
				"west": {"uv": [12, 5, 13, 6.5], "texture": "#0"},
				"up": {"uv": [12, 5, 11, 4], "texture": "#0"},
				"down": {"uv": [13, 4, 12, 5], "texture": "#0"}
			}
		},
		{
			"name": "Left Arm",
			"from": [0, 9.5, 7],
			"to": [4, 21.5, 11],
			"rotation": {"angle": 22.5, "axis": "x", "origin": [2, 21.5, 9]},
			"faces": {
				"north": {"uv": [9, 13, 10, 16], "texture": "#0"},
				"east": {"uv": [8, 13, 9, 16], "texture": "#0"},
				"south": {"uv": [11, 13, 12, 16], "texture": "#0"},
				"west": {"uv": [10, 13, 11, 16], "texture": "#0"},
				"up": {"uv": [10, 13, 9, 12], "texture": "#0"},
				"down": {"uv": [11, 12, 10, 13], "texture": "#0"}
			}
		},
		{
			"name": "Left Arm Layer",
			"from": [-0.25, 9.25, 6.75],
			"to": [4.25, 21.75, 11.25],
			"rotation": {"angle": 22.5, "axis": "x", "origin": [2, 21.5, 9]},
			"faces": {
				"north": {"uv": [13, 13, 14, 16], "texture": "#0"},
				"east": {"uv": [12, 13, 13, 16], "texture": "#0"},
				"south": {"uv": [15, 13, 16, 16], "texture": "#0"},
				"west": {"uv": [14, 13, 15, 16], "texture": "#0"},
				"up": {"uv": [14, 13, 13, 12], "texture": "#0"},
				"down": {"uv": [15, 12, 14, 13], "texture": "#0"}
			}
		},
		{
			"name": "Wood Base",
			"from": [3, 10.75, 1.5],
			"to": [14, 12.75, 4.5],
			"rotation": {"angle": 45, "axis": "z", "origin": [7, 10.75, 6.5]},
			"faces": {
				"north": {"uv": [14.5, 0, 16, 1.25], "texture": "#0"},
				"east": {"uv": [14.5, 0, 16, 1.25], "texture": "#0"},
				"south": {"uv": [14.5, 0, 16, 1.25], "texture": "#0"},
				"west": {"uv": [14.5, 0, 16, 1.25], "texture": "#0"},
				"up": {"uv": [14.5, 0, 16, 1.25], "rotation": 270, "texture": "#0"},
				"down": {"uv": [14.5, 0, 16, 1.25], "rotation": 90, "texture": "#0"}
			}
		},
		{
			"name": "Metal Thing",
			"from": [-6, 12.75, 2.5],
			"to": [14, 13.75, 3.5],
			"rotation": {"angle": 45, "axis": "z", "origin": [7, 10.75, 6.5]},
			"faces": {
				"north": {"uv": [14.5, 1.25, 16, 1.75], "texture": "#0"},
				"east": {"uv": [14.5, 1.25, 16, 1.75], "texture": "#0"},
				"south": {"uv": [14.5, 1.25, 16, 1.75], "texture": "#0"},
				"west": {"uv": [10.25, 0.25, 11, 1], "texture": "#0"},
				"up": {"uv": [14.5, 1.25, 16, 1.75], "rotation": 270, "texture": "#0"},
				"down": {"uv": [14.5, 1.25, 16, 1.75], "rotation": 90, "texture": "#0"}
			}
		},
		{
			"name": "Wood Handle",
			"from": [10.25, 14.75, 1.5],
			"to": [16.25, 16.75, 4.5],
			"rotation": {"angle": 0, "axis": "z", "origin": [7, 10.75, 6.5]},
			"faces": {
				"north": {"uv": [14.5, 0, 16, 1.25], "texture": "#0"},
				"east": {"uv": [14.5, 0, 16, 1.25], "texture": "#0"},
				"south": {"uv": [14.5, 0, 16, 1.25], "texture": "#0"},
				"west": {"uv": [14.5, 0, 16, 1.25], "texture": "#0"},
				"up": {"uv": [14.5, 0, 16, 1.25], "rotation": 270, "texture": "#0"},
				"down": {"uv": [14.5, 0, 16, 1.25], "rotation": 90, "texture": "#0"}
			}
		},
		{
			"name": "Scope",
			"from": [2, 13.75, 2],
			"to": [15, 15.75, 4],
			"rotation": {"angle": 45, "axis": "z", "origin": [7, 10.75, 1.5]},
			"faces": {
				"north": {"uv": [12.25, 0, 14.5, 1], "texture": "#0"},
				"east": {"uv": [11, 0, 12.25, 1.25], "texture": "#0"},
				"south": {"uv": [12.25, 0, 14.5, 1], "texture": "#0"},
				"west": {"uv": [11, 0, 12.25, 1.25], "texture": "#0"},
				"up": {"uv": [12.25, 0, 14.5, 1], "rotation": 270, "texture": "#0"},
				"down": {"uv": [12.25, 0, 14.5, 1], "rotation": 90, "texture": "#0"}
			}
		},
		{
			"name": "Right Arm 2",
			"from": [8, 11.5, 7],
			"to": [16, 15.5, 11],
			"rotation": {"angle": 22.5, "axis": "x", "origin": [14, 21.5, 9]},
			"faces": {
				"north": {"uv": [10, 6.5, 11, 8], "rotation": 270, "texture": "#0"},
				"east": {"uv": [13, 5, 12, 4], "texture": "#0"},
				"south": {"uv": [12, 6.5, 13, 8], "rotation": 90, "texture": "#0"},
				"west": {"uv": [13, 4, 12, 5], "rotation": 180, "texture": "#0"},
				"up": {"uv": [11, 6.5, 12, 8], "rotation": 90, "texture": "#0"},
				"down": {"uv": [13, 6.5, 14, 8], "rotation": 90, "texture": "#0"}
			}
		}
	],
	"display": {
		"thirdperson_righthand": {
			"rotation": [90, 0, 0],
			"translation": [-6, -2, -2]
		},
		"thirdperson_lefthand": {
			"rotation": [90, 0, 0],
			"translation": [-6, -2, -2]
		},
		"head": {
			"translation": [0, -30.5, -3.25],
			"scale": [1.6, 1.6, 1.6]
		}
	},
	"groups": [
		{
			"name": "Body",
			"origin": [0, 24, 0],
			"color": 0,
			"children": [0, 1]
		},
		{
			"name": "RightLeg",
			"origin": [1.9, 12, 0],
			"color": 0,
			"children": [2, 3]
		},
		{
			"name": "LeftLeg",
			"origin": [-1.9, 12, 0],
			"color": 0,
			"children": [4, 5]
		},
		{
			"name": "RightArm",
			"origin": [8, 8, 8],
			"color": 0,
			"children": [6, 7]
		},
		{
			"name": "LeftArm",
			"origin": [8, 8, 8],
			"color": 0,
			"children": [8, 9]
		},
		{
			"name": "Sniper",
			"origin": [8, 8, 8],
			"color": 0,
			"children": [10, 11, 12, 13]
		},
		{
			"name": "RightArm 2",
			"origin": [8, 8, 8],
			"color": 0,
			"children": [14]
		}
	]
}