{
	"credit": "Made by Peeter100 for the TTT Project using Blockbench",
	"texture_size": [64, 64],
	"textures": {
		"0": "entity/player/sniper"
	},
	"elements": [
		{
			"name": "Right Arm",
			"from": [7, 6.75, -1],
			"to": [11, 10.75, 11],
			"rotation": {"angle": 22.5, "axis": "y", "origin": [16, 0, 0]},
			"faces": {
				"north": {"uv": [13, 4, 12, 5], "rotation": 180, "texture": "#0"},
				"east": {"uv": [10, 5, 11, 8], "rotation": 270, "texture": "#0"},
				"south": {"uv": [12, 5, 11, 4], "texture": "#0"},
				"west": {"uv": [12, 5, 13, 8], "rotation": 90, "texture": "#0"},
				"up": {"uv": [11, 5, 12, 8], "rotation": 180, "texture": "#0"},
				"down": {"uv": [13, 5, 14, 8], "texture": "#0"}
			}
		},
		{
			"name": "Right Arm Layer",
			"from": [6.75, 6.5, -1.25],
			"to": [11.25, 11, 11.25],
			"rotation": {"angle": 22.5, "axis": "y", "origin": [16, 0, 0]},
			"faces": {
				"north": {"uv": [13, 8, 12, 9], "rotation": 180, "texture": "#0"},
				"east": {"uv": [10, 9, 11, 12], "rotation": 270, "texture": "#0"},
				"south": {"uv": [12, 9, 11, 8], "texture": "#0"},
				"west": {"uv": [12, 9, 13, 12], "rotation": 90, "texture": "#0"},
				"up": {"uv": [11, 9, 12, 12], "rotation": 180, "texture": "#0"},
				"down": {"uv": [13, 9, 14, 12], "texture": "#0"}
			}
		},
		{
			"name": "Left Arm",
			"from": [2, 7, 2],
			"to": [6, 11, 14],
			"faces": {
				"north": {"uv": [11, 12, 10, 13], "rotation": 180, "texture": "#0"},
				"east": {"uv": [8, 13, 9, 16], "rotation": 270, "texture": "#0"},
				"south": {"uv": [10, 13, 9, 12], "texture": "#0"},
				"west": {"uv": [10, 13, 11, 16], "rotation": 90, "texture": "#0"},
				"up": {"uv": [9, 13, 10, 16], "rotation": 180, "texture": "#0"},
				"down": {"uv": [11, 13, 12, 16], "texture": "#0"}
			}
		},
		{
			"name": "Left Arm Layer",
			"from": [1.75, 6.75, 1.75],
			"to": [6.25, 11.25, 14.25],
			"faces": {
				"north": {"uv": [15, 12, 14, 13], "rotation": 180, "texture": "#0"},
				"east": {"uv": [12, 13, 13, 16], "rotation": 270, "texture": "#0"},
				"south": {"uv": [14, 13, 13, 12], "texture": "#0"},
				"west": {"uv": [14, 13, 15, 16], "rotation": 90, "texture": "#0"},
				"up": {"uv": [13, 13, 14, 16], "rotation": 180, "texture": "#0"},
				"down": {"uv": [15, 13, 16, 16], "texture": "#0"}
			}
		},
		{
			"name": "Head",
			"from": [4, 10, 6],
			"to": [12, 18, 14],
			"rotation": {"angle": -22.5, "axis": "y", "origin": [8, 14, 10]},
			"faces": {
				"north": {"uv": [2, 2, 4, 4], "texture": "#0"},
				"east": {"uv": [0, 2, 2, 4], "texture": "#0"},
				"south": {"uv": [6, 2, 8, 4], "texture": "#0"},
				"west": {"uv": [4, 2, 6, 4], "texture": "#0"},
				"up": {"uv": [2, 0, 4, 2], "texture": "#0"},
				"down": {"uv": [4, 0, 6, 2], "texture": "#0"}
			}
		},
		{
			"name": "Head Layer",
			"from": [3.5, 9.5, 5.5],
			"to": [12.5, 18.5, 14.5],
			"rotation": {"angle": -22.5, "axis": "y", "origin": [8, 14, 10]},
			"faces": {
				"north": {"uv": [10, 2, 12, 4], "texture": "#0"},
				"east": {"uv": [8, 2, 10, 4], "texture": "#0"},
				"south": {"uv": [14, 2, 16, 4], "texture": "#0"},
				"west": {"uv": [12, 2, 14, 4], "texture": "#0"}
			}
		},
		{
			"name": "Wood Base",
			"from": [8, 8.25, -7],
			"to": [11, 10.25, 4],
			"rotation": {"angle": 22.5, "axis": "y", "origin": [9.5, 10.75, 6.25]},
			"faces": {
				"north": {"uv": [14.5, 0, 16, 1.25], "texture": "#0"},
				"east": {"uv": [14.5, 0, 16, 1.25], "texture": "#0"},
				"south": {"uv": [14.5, 0, 16, 1.25], "texture": "#0"},
				"west": {"uv": [14.5, 0, 16, 1.25], "texture": "#0"},
				"up": {"uv": [14.5, 0, 16, 1.25], "texture": "#0"},
				"down": {"uv": [14.5, 0, 16, 1.25], "texture": "#0"}
			}
		},
		{
			"name": "Metal Thing",
			"from": [9, 10.25, -16],
			"to": [10, 11.25, 4],
			"rotation": {"angle": 22.5, "axis": "y", "origin": [9.5, 10.75, 6.25]},
			"faces": {
				"north": {"uv": [10.25, 0.25, 11, 1], "texture": "#0"},
				"east": {"uv": [14.5, 1.25, 16, 1.75], "texture": "#0"},
				"south": {"uv": [14.5, 1.25, 16, 1.75], "texture": "#0"},
				"west": {"uv": [14.5, 1.25, 16, 1.75], "texture": "#0"},
				"up": {"uv": [14.5, 1.25, 16, 1.75], "texture": "#0"},
				"down": {"uv": [14.5, 1.25, 16, 1.75], "texture": "#0"}
			}
		},
		{
			"name": "Wood Handle",
			"from": [8, 9, 1.75],
			"to": [11, 11, 7.75],
			"rotation": {"angle": 45, "axis": "x", "origin": [6, 8.25, 2]},
			"faces": {
				"north": {"uv": [14.5, 0, 16, 1.25], "texture": "#0"},
				"east": {"uv": [14.5, 0, 16, 1.25], "texture": "#0"},
				"south": {"uv": [14.5, 0, 16, 1.25], "texture": "#0"},
				"west": {"uv": [14.5, 0, 16, 1.25], "texture": "#0"},
				"up": {"uv": [14.5, 0, 16, 1.25], "texture": "#0"},
				"down": {"uv": [14.5, 0, 16, 1.25], "texture": "#0"}
			}
		},
		{
			"name": "Scope",
			"from": [8.5, 11.25, -8],
			"to": [10.5, 13.25, 5],
			"rotation": {"angle": 22.5, "axis": "y", "origin": [9.5, 10.75, 6.25]},
			"faces": {
				"north": {"uv": [11, 0, 12.25, 1.25], "texture": "#0"},
				"east": {"uv": [12.25, 0, 14.5, 1], "texture": "#0"},
				"south": {"uv": [12.25, 0, 14.5, 1], "texture": "#0"},
				"west": {"uv": [12.25, 0, 14.5, 1], "texture": "#0"},
				"up": {"uv": [12.25, 0, 14.5, 1], "texture": "#0"},
				"down": {"uv": [12.25, 0, 14.5, 1], "texture": "#0"}
			}
		}
	],
	"display": {
		"thirdperson_righthand": {
			"rotation": [90, 0, 0],
			"translation": [-6, 3.5, -11.5]
		},
		"thirdperson_lefthand": {
			"rotation": [90, 0, 0],
			"translation": [-6, 3.5, -11.5]
		},
		"head": {
			"translation": [0, -30.5, -3.25],
			"scale": [1.6, 1.6, 1.6]
		}
	},
	"groups": [
		{
			"name": "RightArm",
			"origin": [5, 22, 0],
			"color": 0,
			"children": [0, 1]
		},
		{
			"name": "LeftArm",
			"origin": [-5, 22, 0],
			"color": 0,
			"children": [2, 3]
		},
		{
			"name": "Head",
			"origin": [0, 0, 0],
			"color": 0,
			"children": [4, 5]
		},
		{
			"name": "Sniper",
			"origin": [8, 8, 8],
			"color": 0,
			"children": [6, 7, 8, 9]
		}
	]
}