{
	"credit": "Made by Peeter100 for the TTT Project using Blockbench",
	"texture_size": [64, 64],
	"textures": {
		"0": "entity/player/toad"
	},
	"elements": [
		{
			"name": "Head",
			"from": [4, 22, 4],
			"to": [12, 25, 12],
			"faces": {
				"north": {"uv": [2, 3.25, 4, 4], "texture": "#0"},
				"east": {"uv": [0, 3.25, 2, 4], "texture": "#0"},
				"south": {"uv": [6, 3.25, 8, 4], "texture": "#0"},
				"west": {"uv": [4, 3.25, 6, 4], "texture": "#0"},
				"up": {"uv": [4, 2, 2, 0], "texture": "#0"},
				"down": {"uv": [6, 0, 4, 2], "texture": "#0"}
			}
		},
		{
			"name": "Cap",
			"from": [2, 25, 2],
			"to": [14, 32, 14],
			"faces": {
				"north": {"uv": [1.5, 2, 4.5, 3.25], "texture": "#0"},
				"east": {"uv": [1.5, 2, 4.5, 3.25], "texture": "#0"},
				"south": {"uv": [1.5, 2, 4.5, 3.25], "texture": "#0"},
				"west": {"uv": [1.5, 2, 4.5, 3.25], "texture": "#0"},
				"up": {"uv": [1.5, 2, 4.5, 3.25], "texture": "#0"},
				"down": {"uv": [2, 0, 4, 2], "texture": "#0"}
			}
		},
		{
			"name": "Cap Layer",
			"from": [1.5, 25, 1.5],
			"to": [14.5, 32, 14.5],
			"faces": {
				"north": {"uv": [10, 2, 12, 3.25], "texture": "#0"},
				"east": {"uv": [8, 2, 10, 3.25], "texture": "#0"},
				"south": {"uv": [14, 2, 16, 3.25], "texture": "#0"},
				"west": {"uv": [12, 2, 14, 3.25], "texture": "#0"}
			}
		}
	],
	"display": {
		"thirdperson_righthand": {
			"rotation": [90, 0, 0],
			"translation": [-6, -2, -2]
		},
		"thirdperson_lefthand": {
			"rotation": [90, 0, 0],
			"translation": [-6, -2, -2]
		},
		"head": {
			"translation": [0, -27.25, 0],
			"scale": [1.61, 1.61, 1.61]
		}
	},
	"groups": [
		{
			"name": "Head",
			"origin": [0, 24, 0],
			"color": 0,
			"children": [0]
		},
		{
			"name": "Mushroom",
			"origin": [8, 8, 8],
			"color": 0,
			"children": [1, 2]
		}
	]
}