{
	"credit": "Made by Peeter100 for the TTT Project using Blockbench",
	"texture_size": [64, 64],
	"textures": {
		"0": "entity/player/peeter100"
	},
	"elements": [
		{
			"name": "Head",
			"from": [4, 18, 4],
			"to": [12, 26, 12],
			"rotation": {"angle": -22.5, "axis": "x", "origin": [8, 17, 8]},
			"faces": {
				"north": {"uv": [2, 2, 4, 4], "texture": "#0"},
				"east": {"uv": [0, 2, 2, 4], "texture": "#0"},
				"south": {"uv": [6, 2, 8, 4], "texture": "#0"},
				"west": {"uv": [4, 2, 6, 4], "texture": "#0"},
				"up": {"uv": [4, 2, 2, 0], "texture": "#0"},
				"down": {"uv": [6, 0, 4, 2], "texture": "#0"}
			}
		},
		{
			"name": "Hat Layer",
			"from": [3.75, 17.75, 3.5],
			"to": [12.25, 26.25, 12.5],
			"rotation": {"angle": -22.5, "axis": "x", "origin": [8, 17, 8]},
			"faces": {
				"north": {"uv": [10, 2, 12, 4], "texture": "#0"},
				"east": {"uv": [8, 2, 10, 4], "texture": "#0"},
				"south": {"uv": [14, 2, 16, 4], "texture": "#0"},
				"west": {"uv": [12, 2, 14, 4], "texture": "#0"},
				"up": {"uv": [12, 2, 10, 0], "texture": "#0"},
				"down": {"uv": [14, 0, 12, 2], "texture": "#0"}
			}
		},
		{
			"name": "Body",
			"from": [4, 6, 6],
			"to": [12, 18, 10],
			"faces": {
				"north": {"uv": [5, 5, 7, 8], "texture": "#0"},
				"east": {"uv": [4, 5, 5, 8], "texture": "#0"},
				"south": {"uv": [8, 5, 10, 8], "texture": "#0"},
				"west": {"uv": [7, 5, 8, 8], "texture": "#0"},
				"up": {"uv": [7, 5, 5, 4], "texture": "#0"},
				"down": {"uv": [9, 4, 7, 5], "texture": "#0"}
			}
		},
		{
			"name": "Body Layer",
			"from": [3.75, 5.75, 5.75],
			"to": [12.25, 18.25, 10.25],
			"faces": {
				"north": {"uv": [5, 9, 7, 12], "texture": "#0"},
				"east": {"uv": [4, 9, 5, 12], "texture": "#0"},
				"south": {"uv": [8, 9, 10, 12], "texture": "#0"},
				"west": {"uv": [7, 9, 8, 12], "texture": "#0"},
				"up": {"uv": [7, 9, 5, 8], "texture": "#0"},
				"down": {"uv": [9, 8, 7, 9], "texture": "#0"}
			}
		},
		{
			"name": "Right Arm",
			"from": [12, 16, 3],
			"to": [16, 20, 8],
			"rotation": {"angle": 0, "axis": "x", "origin": [14, 18, 8]},
			"faces": {
				"north": {"uv": [12, 4, 11, 5], "rotation": 180, "texture": "#0"},
				"east": {"uv": [10, 5, 11, 6.25], "rotation": 270, "texture": "#0"},
				"south": {"uv": [12, 5, 11, 4], "texture": "#0"},
				"west": {"uv": [12, 5, 13, 6.25], "rotation": 90, "texture": "#0"},
				"up": {"uv": [11, 5, 12, 6.25], "rotation": 180, "texture": "#0"},
				"down": {"uv": [13, 5, 14, 6.25], "texture": "#0"}
			}
		},
		{
			"name": "Right Arm Layer",
			"from": [11.75, 15.75, 2.75],
			"to": [16.25, 20.25, 8.25],
			"rotation": {"angle": 0, "axis": "x", "origin": [14, 18, 8]},
			"faces": {
				"north": {"uv": [13, 8, 12, 9], "rotation": 180, "texture": "#0"},
				"east": {"uv": [10, 9, 11, 10.25], "rotation": 270, "texture": "#0"},
				"south": {"uv": [12, 9, 11, 8], "texture": "#0"},
				"west": {"uv": [12, 9, 13, 10.25], "rotation": 90, "texture": "#0"},
				"up": {"uv": [11, 9, 12, 10.25], "rotation": 180, "texture": "#0"},
				"down": {"uv": [13, 9, 14, 10.25], "texture": "#0"}
			}
		},
		{
			"name": "Right Arm",
			"from": [7, 16, -1],
			"to": [16, 20, 3],
			"rotation": {"angle": 0, "axis": "x", "origin": [14, 18, 8]},
			"faces": {
				"north": {"uv": [10, 5.75, 11, 8], "rotation": 270, "texture": "#0"},
				"east": {"uv": [12, 5, 11, 4], "texture": "#0"},
				"south": {"uv": [12, 5.75, 13, 8], "rotation": 90, "texture": "#0"},
				"west": {"uv": [13, 4, 12, 5], "rotation": 180, "texture": "#0"},
				"up": {"uv": [11, 5.75, 12, 8], "rotation": 90, "texture": "#0"},
				"down": {"uv": [13, 5.75, 14, 8], "rotation": 90, "texture": "#0"}
			}
		},
		{
			"name": "Right Arm Layer",
			"from": [6.75, 15.75, -1.25],
			"to": [16.25, 20.25, 3.25],
			"rotation": {"angle": 0, "axis": "x", "origin": [14, 18, 8]},
			"faces": {
				"north": {"uv": [10, 9.75, 11, 12], "rotation": 270, "texture": "#0"},
				"east": {"uv": [12, 10.25, 11, 9.25], "texture": "#0"},
				"south": {"uv": [12, 9.75, 13, 12], "rotation": 90, "texture": "#0"},
				"west": {"uv": [13, 8, 12, 9], "rotation": 180, "texture": "#0"},
				"up": {"uv": [11, 9.75, 12, 12], "rotation": 90, "texture": "#0"},
				"down": {"uv": [13, 9.75, 14, 12], "rotation": 90, "texture": "#0"}
			}
		},
		{
			"name": "Left Arm",
			"from": [0, 13, 6],
			"to": [4, 18, 10],
			"rotation": {"angle": 45, "axis": "x", "origin": [2, 18, 8]},
			"faces": {
				"north": {"uv": [9, 13, 10, 14.25], "texture": "#0"},
				"east": {"uv": [8, 13, 9, 14.25], "texture": "#0"},
				"south": {"uv": [11, 13, 12, 14.25], "texture": "#0"},
				"west": {"uv": [10, 13, 11, 14.25], "texture": "#0"},
				"up": {"uv": [10, 13, 9, 12], "texture": "#0"},
				"down": {"uv": [9.75, 12, 8.75, 13], "texture": "#0"}
			}
		},
		{
			"name": "Left Arm Layer",
			"from": [-0.25, 12.75, 5.75],
			"to": [4.25, 18.25, 10.25],
			"rotation": {"angle": 45, "axis": "x", "origin": [2, 18, 8]},
			"faces": {
				"north": {"uv": [13, 13, 14, 14.25], "texture": "#0"},
				"east": {"uv": [12, 13, 13, 14.25], "texture": "#0"},
				"south": {"uv": [15, 13, 16, 14.25], "texture": "#0"},
				"west": {"uv": [14, 13, 15, 14.25], "texture": "#0"},
				"up": {"uv": [14, 13, 13, 12], "texture": "#0"},
				"down": {"uv": [15, 12, 14, 13], "texture": "#0"}
			}
		},
		{
			"name": "Left Arm",
			"from": [0, 9, 6],
			"to": [9, 13, 10],
			"rotation": {"angle": 45, "axis": "x", "origin": [2, 18, 8]},
			"faces": {
				"north": {"uv": [9, 13.75, 10, 16], "rotation": 90, "texture": "#0"},
				"east": {"uv": [11, 12, 10, 13], "rotation": 270, "texture": "#0"},
				"south": {"uv": [11, 13.75, 12, 16], "rotation": 270, "texture": "#0"},
				"west": {"uv": [10, 13, 9, 12], "rotation": 270, "texture": "#0"},
				"up": {"uv": [8, 13.75, 9, 16], "rotation": 270, "texture": "#0"},
				"down": {"uv": [10, 13.75, 11, 16], "rotation": 270, "texture": "#0"}
			}
		},
		{
			"name": "Left Arm Layer",
			"from": [-0.25, 8.75, 5.75],
			"to": [9.25, 13.25, 10.25],
			"rotation": {"angle": 45, "axis": "x", "origin": [2, 18, 8]},
			"faces": {
				"north": {"uv": [13, 13.75, 14, 16], "rotation": 90, "texture": "#0"},
				"east": {"uv": [15, 12, 14, 13], "rotation": 270, "texture": "#0"},
				"south": {"uv": [15, 13.75, 16, 16], "rotation": 270, "texture": "#0"},
				"west": {"uv": [14, 14.25, 13, 13.25], "rotation": 270, "texture": "#0"},
				"up": {"uv": [12, 13.75, 13, 16], "rotation": 270, "texture": "#0"},
				"down": {"uv": [14, 13.75, 15, 16], "rotation": 270, "texture": "#0"}
			}
		},
		{
			"name": "Right Leg",
			"from": [8, -6, 6],
			"to": [12, 6, 10],
			"rotation": {"angle": 22.5, "axis": "x", "origin": [10, 6, 8]},
			"faces": {
				"north": {"uv": [1, 5, 2, 8], "texture": "#0"},
				"east": {"uv": [0, 5, 1, 8], "texture": "#0"},
				"south": {"uv": [3, 5, 4, 8], "texture": "#0"},
				"west": {"uv": [2, 5, 3, 8], "texture": "#0"},
				"up": {"uv": [2, 5, 1, 4], "texture": "#0"},
				"down": {"uv": [3, 4, 2, 5], "texture": "#0"}
			}
		},
		{
			"name": "Right Leg Layer",
			"from": [7.75, -6.25, 5.75],
			"to": [12.25, 6.25, 10.25],
			"rotation": {"angle": 22.5, "axis": "x", "origin": [10, 6, 8]},
			"faces": {
				"north": {"uv": [1, 9, 2, 12], "texture": "#0"},
				"east": {"uv": [0, 9, 1, 12], "texture": "#0"},
				"south": {"uv": [3, 9, 4, 12], "texture": "#0"},
				"west": {"uv": [2, 9, 3, 12], "texture": "#0"},
				"up": {"uv": [2, 9, 1, 8], "texture": "#0"},
				"down": {"uv": [3, 8, 2, 9], "texture": "#0"}
			}
		},
		{
			"name": "Left Leg",
			"from": [4, 4, 2],
			"to": [8, 8, 8],
			"rotation": {"angle": -45, "axis": "x", "origin": [6, 6, 8]},
			"faces": {
				"north": {"uv": [6, 14, 5, 15], "rotation": 180, "texture": "#0"},
				"east": {"uv": [4, 13, 5, 14.5], "rotation": 270, "texture": "#0"},
				"south": {"uv": [6, 13, 5, 12], "texture": "#0"},
				"west": {"uv": [6, 13, 7, 14.5], "rotation": 90, "texture": "#0"},
				"up": {"uv": [5, 13, 6, 14.5], "rotation": 180, "texture": "#0"},
				"down": {"uv": [7, 13, 8, 14.5], "texture": "#0"}
			}
		},
		{
			"name": "Left Leg Layer",
			"from": [3.75, 3.75, 1.75],
			"to": [8.25, 8.25, 8.25],
			"rotation": {"angle": -45, "axis": "x", "origin": [6, 6, 8]},
			"faces": {
				"north": {"uv": [3, 12, 2, 13], "rotation": 180, "texture": "#0"},
				"east": {"uv": [0, 13, 1, 14.5], "rotation": 270, "texture": "#0"},
				"south": {"uv": [2, 13, 1, 12], "texture": "#0"},
				"west": {"uv": [2, 13, 3, 14.5], "rotation": 90, "texture": "#0"},
				"up": {"uv": [1, 13, 2, 14.5], "rotation": 180, "texture": "#0"},
				"down": {"uv": [3, 13, 4, 14.5], "texture": "#0"}
			}
		},
		{
			"name": "Left Leg",
			"from": [4, -2, 2],
			"to": [8, 4, 6],
			"rotation": {"angle": -45, "axis": "x", "origin": [6, 6, 8]},
			"faces": {
				"north": {"uv": [5, 14.5, 6, 16], "texture": "#0"},
				"east": {"uv": [4, 14.5, 5, 16], "texture": "#0"},
				"south": {"uv": [7, 14.5, 8, 16], "texture": "#0"},
				"west": {"uv": [6, 14.5, 7, 16], "texture": "#0"},
				"up": {"uv": [6, 13, 5, 12], "texture": "#0"},
				"down": {"uv": [7, 12, 6, 13], "texture": "#0"}
			}
		},
		{
			"name": "Left Leg Layer",
			"from": [3.75, -2.25, 1.75],
			"to": [8.25, 4.25, 6.25],
			"rotation": {"angle": -45, "axis": "x", "origin": [6, 6, 8]},
			"faces": {
				"north": {"uv": [0.75, 14.5, 1.75, 16], "texture": "#0"},
				"east": {"uv": [0, 14.5, 1, 16], "texture": "#0"},
				"south": {"uv": [3, 14.5, 4, 16], "texture": "#0"},
				"west": {"uv": [2, 14.5, 3, 16], "texture": "#0"},
				"up": {"uv": [3, 13, 2, 12], "texture": "#0"},
				"down": {"uv": [3, 12, 2, 13], "texture": "#0"}
			}
		}
	],
	"display": {
		"thirdperson_righthand": {
			"rotation": [90, 0, 0],
			"translation": [-6, -2, 2]
		},
		"thirdperson_lefthand": {
			"rotation": [90, 0, 0],
			"translation": [-6, -2, 2]
		}
	},
	"groups": [
		{
			"name": "Head",
			"origin": [0, 24, 0],
			"color": 0,
			"children": [0, 1]
		},
		{
			"name": "Body",
			"origin": [0, 24, 0],
			"color": 0,
			"children": [2, 3]
		},
		{
			"name": "RightArm",
			"origin": [5, 22, 0],
			"color": 0,
			"children": [4, 5]
		},
		{
			"name": "RightArm",
			"origin": [5, 22, 0],
			"color": 0,
			"children": [6, 7]
		},
		{
			"name": "LeftArm",
			"origin": [-5, 22, 0],
			"color": 0,
			"children": [8, 9]
		},
		{
			"name": "LeftArm",
			"origin": [-5, 22, 0],
			"color": 0,
			"children": [10, 11]
		},
		{
			"name": "RightLeg",
			"origin": [1.9, 12, 0],
			"color": 0,
			"children": [12, 13]
		},
		{
			"name": "LeftLeg",
			"origin": [-1.9, 12, 0],
			"color": 0,
			"children": [14, 15]
		},
		{
			"name": "LeftLeg",
			"origin": [-1.9, 12, 0],
			"color": 0,
			"children": [16, 17]
		}
	]
}