{
	"credit": "Made by Peeter100 for the TTT Project using Blockbench",
	"texture_size": [64, 64],
	"textures": {
		"0": "entity/player/peeter100"
	},
	"elements": [
		{
			"name": "Right Arm",
			"from": [12, 16, -4],
			"to": [16, 20, 8],
			"rotation": {"angle": -22.5, "axis": "x", "origin": [12, 18, 8]},
			"faces": {
				"north": {"uv": [13, 4, 12, 5], "rotation": 180, "texture": "#0"},
				"east": {"uv": [10, 5, 11, 8], "rotation": 270, "texture": "#0"},
				"south": {"uv": [12, 5, 11, 4], "texture": "#0"},
				"west": {"uv": [12, 5, 13, 8], "rotation": 90, "texture": "#0"},
				"up": {"uv": [11, 5, 12, 8], "rotation": 180, "texture": "#0"},
				"down": {"uv": [13, 5, 14, 8], "texture": "#0"}
			}
		},
		{
			"name": "Right Arm Layer",
			"from": [11.75, 15.75, -4.25],
			"to": [16.25, 20.25, 8.25],
			"rotation": {"angle": -22.5, "axis": "x", "origin": [12, 18, 8]},
			"faces": {
				"north": {"uv": [13, 8, 12, 9], "rotation": 180, "texture": "#0"},
				"east": {"uv": [10, 9, 11, 12], "rotation": 270, "texture": "#0"},
				"south": {"uv": [12, 9, 11, 8], "texture": "#0"},
				"west": {"uv": [12, 9, 13, 12], "rotation": 90, "texture": "#0"},
				"up": {"uv": [11, 9, 12, 12], "rotation": 180, "texture": "#0"},
				"down": {"uv": [13, 9, 14, 12], "texture": "#0"}
			}
		},
		{
			"name": "Left Arm",
			"from": [0, 6, 6],
			"to": [4, 18, 10],
			"rotation": {"angle": -22.5, "axis": "z", "origin": [4, 18, 8]},
			"faces": {
				"north": {"uv": [9, 13, 10, 16], "texture": "#0"},
				"east": {"uv": [8, 13, 9, 16], "texture": "#0"},
				"south": {"uv": [11, 13, 12, 16], "texture": "#0"},
				"west": {"uv": [10, 13, 11, 16], "texture": "#0"},
				"up": {"uv": [10, 13, 9, 12], "texture": "#0"},
				"down": {"uv": [11, 12, 10, 13], "texture": "#0"}
			}
		},
		{
			"name": "Left Arm Layer",
			"from": [-0.25, 5.75, 5.75],
			"to": [4.25, 18.25, 10.25],
			"rotation": {"angle": -22.5, "axis": "z", "origin": [4, 18, 8]},
			"faces": {
				"north": {"uv": [13, 13, 14, 16], "texture": "#0"},
				"east": {"uv": [12, 13, 13, 16], "texture": "#0"},
				"south": {"uv": [15, 13, 16, 16], "texture": "#0"},
				"west": {"uv": [14, 13, 15, 16], "texture": "#0"},
				"up": {"uv": [14, 13, 13, 12], "texture": "#0"},
				"down": {"uv": [15, 12, 14, 13], "texture": "#0"}
			}
		}
	],
	"display": {
		"thirdperson_righthand": {
			"rotation": [90, 0, 0],
			"translation": [-6, -2, 2]
		},
		"thirdperson_lefthand": {
			"rotation": [90, 0, 0],
			"translation": [-6, -2, 2]
		}
	},
	"groups": [
		{
			"name": "RightArm",
			"origin": [5, 22, 0],
			"color": 0,
			"children": [0, 1]
		},
		{
			"name": "LeftArm",
			"origin": [-5, 22, 0],
			"color": 0,
			"children": [2, 3]
		}
	]
}