{
	"credit": "Made by Peeter100 for the TTT Project using Blockbench",
	"texture_size": [64, 64],
	"textures": {
		"0": "entity/player/peeter100"
	},
	"elements": [
		{
			"name": "Body",
			"from": [4, 6, 6],
			"to": [12, 18, 10],
			"rotation": {"angle": 0, "axis": "x", "origin": [8, 18, 8]},
			"faces": {
				"north": {"uv": [5, 5, 7, 8], "texture": "#0"},
				"east": {"uv": [4, 5, 5, 8], "texture": "#0"},
				"south": {"uv": [8, 5, 10, 8], "texture": "#0"},
				"west": {"uv": [7, 5, 8, 8], "texture": "#0"},
				"up": {"uv": [7, 5, 5, 4], "texture": "#0"},
				"down": {"uv": [9, 4, 7, 5], "texture": "#0"}
			}
		},
		{
			"name": "Body Layer",
			"from": [3.75, 5.75, 5.75],
			"to": [12.25, 18.25, 10.25],
			"rotation": {"angle": 0, "axis": "x", "origin": [8, 18, 8]},
			"faces": {
				"north": {"uv": [5, 9, 7, 12], "texture": "#0"},
				"east": {"uv": [4, 9, 5, 12], "texture": "#0"},
				"south": {"uv": [8, 9, 10, 12], "texture": "#0"},
				"west": {"uv": [7, 9, 8, 12], "texture": "#0"},
				"up": {"uv": [7, 9, 5, 8], "texture": "#0"},
				"down": {"uv": [9, 8, 7, 9], "texture": "#0"}
			}
		},
		{
			"name": "Right Leg",
			"from": [8, 0, 6],
			"to": [12, 6, 10],
			"rotation": {"angle": 0, "axis": "x", "origin": [10, 6, 8]},
			"faces": {
				"north": {"uv": [1, 5, 2, 6.5], "texture": "#0"},
				"east": {"uv": [0, 5, 1, 6.5], "texture": "#0"},
				"south": {"uv": [3, 5, 4, 6.5], "texture": "#0"},
				"west": {"uv": [2, 5, 3, 6.5], "texture": "#0"},
				"up": {"uv": [2, 5, 1, 4], "texture": "#0"},
				"down": {"uv": [2, 4, 1, 5], "texture": "#0"}
			}
		},
		{
			"name": "Right Leg Layer",
			"from": [7.75, -0.25, 5.75],
			"to": [12.25, 6.25, 10.25],
			"rotation": {"angle": 0, "axis": "x", "origin": [10, 6, 8]},
			"faces": {
				"north": {"uv": [1, 9, 2, 10.5], "texture": "#0"},
				"east": {"uv": [0, 9, 1, 10.5], "texture": "#0"},
				"south": {"uv": [3, 9, 4, 10.5], "texture": "#0"},
				"west": {"uv": [2, 9, 3, 10.5], "texture": "#0"},
				"up": {"uv": [2, 9, 1, 8], "texture": "#0"},
				"down": {"uv": [3, 8, 2, 9], "texture": "#0"}
			}
		},
		{
			"name": "Right Leg",
			"from": [8, -4, 4],
			"to": [12, 2, 8],
			"rotation": {"angle": -22.5, "axis": "x", "origin": [10, 6, 8]},
			"faces": {
				"north": {"uv": [1, 6.5, 2, 8], "texture": "#0"},
				"east": {"uv": [0, 6.5, 1, 8], "texture": "#0"},
				"south": {"uv": [3, 6.5, 4, 8], "texture": "#0"},
				"west": {"uv": [2, 6.5, 3, 8], "texture": "#0"},
				"up": {"uv": [2, 5, 1, 4], "texture": "#0"},
				"down": {"uv": [3, 4, 2, 5], "texture": "#0"}
			}
		},
		{
			"name": "Right Leg Layer",
			"from": [7.75, -4.25, 3.75],
			"to": [12.25, 2.25, 8.25],
			"rotation": {"angle": -22.5, "axis": "x", "origin": [10, 6, 8]},
			"faces": {
				"north": {"uv": [1, 10.5, 2, 12], "texture": "#0"},
				"east": {"uv": [0, 10.5, 1, 12], "texture": "#0"},
				"south": {"uv": [3, 10.5, 4, 12], "texture": "#0"},
				"west": {"uv": [2, 10.5, 3, 12], "texture": "#0"},
				"up": {"uv": [2, 11.25, 1, 10.25], "texture": "#0"},
				"down": {"uv": [3, 8, 2, 9], "texture": "#0"}
			}
		},
		{
			"name": "Left Leg",
			"from": [4, -2, 6],
			"to": [8, 6, 10],
			"rotation": {"angle": 22.5, "axis": "x", "origin": [6, 6, 8]},
			"faces": {
				"north": {"uv": [5, 13, 6, 15], "texture": "#0"},
				"east": {"uv": [4, 13, 5, 15], "texture": "#0"},
				"south": {"uv": [7, 13, 8, 15], "texture": "#0"},
				"west": {"uv": [6, 13, 7, 15], "texture": "#0"},
				"up": {"uv": [6, 13, 5, 12], "texture": "#0"},
				"down": {"uv": [6, 14.25, 5, 15.25], "texture": "#0"}
			}
		},
		{
			"name": "Left Leg Layer",
			"from": [3.75, -2.25, 5.75],
			"to": [8.25, 6.25, 10.25],
			"rotation": {"angle": 22.5, "axis": "x", "origin": [6, 6, 8]},
			"faces": {
				"north": {"uv": [1, 13, 2, 15], "texture": "#0"},
				"east": {"uv": [0, 13, 1, 15], "texture": "#0"},
				"south": {"uv": [3, 13, 4, 15], "texture": "#0"},
				"west": {"uv": [2, 13, 3, 15], "texture": "#0"},
				"up": {"uv": [2, 13, 1, 12], "texture": "#0"},
				"down": {"uv": [2, 14.25, 1, 15.25], "texture": "#0"}
			}
		},
		{
			"name": "Left Leg",
			"from": [4, -2, 10],
			"to": [8, 2, 15],
			"rotation": {"angle": 22.5, "axis": "x", "origin": [6, 6, 8]},
			"faces": {
				"north": {"uv": [6, 13, 5, 12], "rotation": 180, "texture": "#0"},
				"east": {"uv": [4, 14.75, 5, 16], "rotation": 90, "texture": "#0"},
				"south": {"uv": [7, 12, 6, 13], "texture": "#0"},
				"west": {"uv": [6, 14.75, 7, 16], "rotation": 270, "texture": "#0"},
				"up": {"uv": [7, 14.75, 8, 16], "texture": "#0"},
				"down": {"uv": [5, 14.75, 6, 16], "rotation": 180, "texture": "#0"}
			}
		},
		{
			"name": "Left Leg Layer",
			"from": [3.75, -2.25, 9.75],
			"to": [8.25, 2.25, 15.25],
			"rotation": {"angle": 22.5, "axis": "x", "origin": [6, 6, 8]},
			"faces": {
				"north": {"uv": [3, 13, 2, 12], "rotation": 180, "texture": "#0"},
				"east": {"uv": [0, 14.75, 1, 16], "rotation": 90, "texture": "#0"},
				"south": {"uv": [3, 12, 2, 13], "texture": "#0"},
				"west": {"uv": [2, 14.75, 3, 16], "rotation": 270, "texture": "#0"},
				"up": {"uv": [3, 14.75, 4, 16], "texture": "#0"},
				"down": {"uv": [1, 14.75, 2, 16], "rotation": 180, "texture": "#0"}
			}
		}
	],
	"display": {
		"thirdperson_righthand": {
			"rotation": [90, 0, 0],
			"translation": [-6, -2, 2]
		},
		"thirdperson_lefthand": {
			"rotation": [90, 0, 0],
			"translation": [-6, -2, 2]
		}
	},
	"groups": [
		{
			"name": "Body",
			"origin": [0, 24, 0],
			"color": 0,
			"children": [0, 1]
		},
		{
			"name": "RightLeg",
			"origin": [1.9, 12, 0],
			"color": 0,
			"children": [2, 3]
		},
		{
			"name": "RightLeg 2",
			"origin": [1.9, 12, 0],
			"color": 0,
			"children": [4, 5]
		},
		{
			"name": "LeftLeg",
			"origin": [-1.9, 12, 0],
			"color": 0,
			"children": [6, 7]
		},
		{
			"name": "LeftLeg 2",
			"origin": [-1.9, 12, 0],
			"color": 0,
			"children": [8, 9]
		}
	]
}