{
	"credit": "Made by Peeter100 for the TTT Project using Blockbench",
	"texture_size": [64, 64],
	"textures": {
		"0": "entity/player/trollge"
	},
	"elements": [
		{
			"name": "Right Leg",
			"from": [11, 3.9, 7],
			"to": [21, 5.9, 9],
			"rotation": {"angle": 22.5, "axis": "z", "origin": [16, 0, 0]},
			"faces": {
				"north": {"uv": [1, 5, 2, 7.5], "rotation": 90, "texture": "#0"},
				"east": {"uv": [3, 4, 2, 5], "rotation": 270, "texture": "#0"},
				"south": {"uv": [3, 5, 4, 7.5], "rotation": 270, "texture": "#0"},
				"west": {"uv": [2, 5, 1, 4], "rotation": 270, "texture": "#0"},
				"up": {"uv": [0, 5, 1, 7.5], "rotation": 270, "texture": "#0"},
				"down": {"uv": [2, 5, 3, 7.5], "rotation": 270, "texture": "#0"}
			}
		},
		{
			"name": "Right Leg 2",
			"from": [18.9, -5, 7],
			"to": [20.9, 5, 9],
			"rotation": {"angle": 22.5, "axis": "z", "origin": [16, 0, 0]},
			"faces": {
				"north": {"uv": [1, 5.5, 2, 8], "texture": "#0"},
				"east": {"uv": [0, 5.5, 1, 8], "texture": "#0"},
				"south": {"uv": [3, 5.5, 4, 8], "texture": "#0"},
				"west": {"uv": [2, 5.5, 3, 8], "texture": "#0"},
				"up": {"uv": [2, 5, 1, 4], "texture": "#0"},
				"down": {"uv": [3, 4, 2, 5], "texture": "#0"}
			}
		}
	],
	"display": {
		"thirdperson_righthand": {
			"rotation": [90, 0, 0],
			"translation": [-6, 0, 4.5],
			"scale": [1.5, 1.5, 1.5]
		},
		"thirdperson_lefthand": {
			"rotation": [90, 0, 0],
			"translation": [-6, 0, 4.5],
			"scale": [1.5, 1.5, 1.5]
		},
		"head": {
			"translation": [0, -17, -3.25],
			"scale": [2.4, 2.4, 2.4]
		}
	},
	"groups": [
		{
			"name": "RightLeg",
			"origin": [1.9, 12, 0],
			"color": 0,
			"children": [0, 1]
		}
	]
}