{
	"credit": "Made by Peeter100 for the TTT Project using Blockbench",
	"texture_size": [64, 64],
	"textures": {
		"0": "entity/player/trollge"
	},
	"elements": [
		{
			"name": "Right Arm",
			"from": [10, 12, 7],
			"to": [12, 22, 9],
			"rotation": {"angle": 0, "axis": "z", "origin": [16, 0, 0]},
			"faces": {
				"north": {"uv": [11, 5, 12, 7.5], "texture": "#0"},
				"east": {"uv": [10, 5, 11, 7.5], "texture": "#0"},
				"south": {"uv": [13, 5, 14, 7.5], "texture": "#0"},
				"west": {"uv": [12, 5, 13, 7.5], "texture": "#0"},
				"up": {"uv": [12, 5, 11, 4], "texture": "#0"},
				"down": {"uv": [13, 4, 12, 5], "texture": "#0"}
			}
		},
		{
			"name": "Right Arm 2",
			"from": [10, 2, 7],
			"to": [12, 12, 9],
			"rotation": {"angle": 0, "axis": "z", "origin": [16, 0, 0]},
			"faces": {
				"north": {"uv": [11, 5.5, 12, 8], "texture": "#0"},
				"east": {"uv": [10, 5.5, 11, 8], "texture": "#0"},
				"south": {"uv": [13, 5.5, 14, 8], "texture": "#0"},
				"west": {"uv": [12, 5.5, 13, 8], "texture": "#0"},
				"up": {"uv": [12, 5, 11, 4], "texture": "#0"},
				"down": {"uv": [13, 4, 12, 5], "texture": "#0"}
			}
		},
		{
			"name": "Wing",
			"from": [10.1, 3, 8],
			"to": [10.1, 23, 17],
			"rotation": {"angle": 0, "axis": "y", "origin": [16, 0, 0]},
			"faces": {
				"north": {"uv": [0, 0, 0.5, 2.75], "texture": "#missing"},
				"east": {"uv": [13.75, 16, 16, 11], "rotation": 180, "texture": "#0"},
				"south": {"uv": [0, 0, 0.5, 2.75], "texture": "#missing"},
				"west": {"uv": [0, 16, 2.25, 11], "rotation": 180, "texture": "#0"},
				"up": {"uv": [0, 0, 2, 0.5], "rotation": 270, "texture": "#missing"},
				"down": {"uv": [0, 0, 2, 0.5], "rotation": 90, "texture": "#missing"}
			}
		}
	],
	"display": {
		"thirdperson_righthand": {
			"rotation": [170, 0, 0],
			"translation": [-5, 26.5, 18],
			"scale": [1.5, 1.5, 1.5]
		},
		"thirdperson_lefthand": {
			"rotation": [170, 0, 0],
			"translation": [-7, 26.5, 18],
			"scale": [1.5, 1.5, 1.5]
		},
		"head": {
			"rotation": [80, 0, 0],
			"translation": [1.25, 4.5, -46],
			"scale": [2.4, 2.4, 2.4]
		}
	},
	"groups": [
		{
			"name": "RightArm",
			"origin": [5, 22, 0],
			"color": 0,
			"children": [0, 1, 2]
		}
	]
}