{
	"credit": "Made with Blockbench",
	"texture_size": [32, 32],
	"textures": {
		"0": "item/gold_ages",
		"particle": "gold_ages"
	},
	"elements": [
		{
			"from": [8.8, -9.4, 7.7],
			"to": [9.1, -9.1, 9.3],
			"faces": {
				"north": {"uv": [12, 11, 12.5, 11.5], "texture": "#0"},
				"east": {"uv": [10.5, 6.5, 11.5, 7], "texture": "#0"},
				"south": {"uv": [0, 12.5, 0.5, 13], "texture": "#0"},
				"west": {"uv": [10.5, 7, 11.5, 7.5], "texture": "#0"},
				"up": {"uv": [11, 8.5, 10.5, 7.5], "texture": "#0"},
				"down": {"uv": [11, 8.5, 10.5, 9.5], "texture": "#0"}
			}
		},
		{
			"from": [8, -8, 8],
			"to": [9, -2, 9],
			"faces": {
				"north": {"uv": [7, 2, 7.5, 5], "texture": "#0"},
				"east": {"uv": [7, 5, 7.5, 8], "texture": "#0"},
				"south": {"uv": [7.5, 2, 8, 5], "texture": "#0"},
				"west": {"uv": [7.5, 5, 8, 8], "texture": "#0"},
				"up": {"uv": [13, 0.5, 12.5, 0], "texture": "#0"},
				"down": {"uv": [13, 0.5, 12.5, 1], "texture": "#0"}
			}
		},
		{
			"from": [6.1, -2, 8],
			"to": [10.9, 0, 9],
			"faces": {
				"north": {"uv": [7, 0, 9.5, 1], "texture": "#0"},
				"east": {"uv": [10.5, 9.5, 11, 10.5], "texture": "#0"},
				"south": {"uv": [7, 1, 9.5, 2], "texture": "#0"},
				"west": {"uv": [10.5, 10.5, 11, 11.5], "texture": "#0"},
				"up": {"uv": [10.5, 2.5, 8, 2], "texture": "#0"},
				"down": {"uv": [10.5, 2.5, 8, 3], "texture": "#0"}
			}
		},
		{
			"from": [7.3, 0, 8],
			"to": [9.7, 22, 9],
			"faces": {
				"north": {"uv": [3, 0, 4, 11], "texture": "#0"},
				"east": {"uv": [5, 0, 5.5, 11], "texture": "#0"},
				"south": {"uv": [4, 0, 5, 11], "texture": "#0"},
				"west": {"uv": [5.5, 0, 6, 11], "texture": "#0"},
				"up": {"uv": [1, 11.5, 0, 11], "texture": "#0"},
				"down": {"uv": [2, 11, 1, 11.5], "texture": "#0"}
			}
		},
		{
			"from": [6, -0.9, 7.8],
			"to": [11, 0, 8],
			"faces": {
				"north": {"uv": [8, 3, 10.5, 3.5], "texture": "#0"},
				"east": {"uv": [12.5, 1, 13, 1.5], "texture": "#0"},
				"south": {"uv": [8, 3.5, 10.5, 4], "texture": "#0"},
				"west": {"uv": [12.5, 1.5, 13, 2], "texture": "#0"},
				"up": {"uv": [10.5, 4.5, 8, 4], "texture": "#0"},
				"down": {"uv": [10.5, 4.5, 8, 5], "texture": "#0"}
			}
		},
		{
			"from": [6, -2, 7.8],
			"to": [11, -1.1, 8],
			"faces": {
				"north": {"uv": [8, 5, 10.5, 5.5], "texture": "#0"},
				"east": {"uv": [12.5, 2, 13, 2.5], "texture": "#0"},
				"south": {"uv": [8, 5.5, 10.5, 6], "texture": "#0"},
				"west": {"uv": [2.5, 12.5, 3, 13], "texture": "#0"},
				"up": {"uv": [10.5, 6.5, 8, 6], "texture": "#0"},
				"down": {"uv": [10.5, 6.5, 8, 7], "texture": "#0"}
			}
		},
		{
			"from": [6, -2, 9],
			"to": [11, -1.1, 9.2],
			"faces": {
				"north": {"uv": [7, 8, 9.5, 8.5], "texture": "#0"},
				"east": {"uv": [12.5, 2.5, 13, 3], "texture": "#0"},
				"south": {"uv": [8, 7, 10.5, 7.5], "texture": "#0"},
				"west": {"uv": [12.5, 3.5, 13, 4], "texture": "#0"},
				"up": {"uv": [10.5, 8, 8, 7.5], "texture": "#0"},
				"down": {"uv": [9.5, 8.5, 7, 9], "texture": "#0"}
			}
		},
		{
			"from": [6, -0.9, 9],
			"to": [11, 0, 9.2],
			"faces": {
				"north": {"uv": [7, 9, 9.5, 9.5], "texture": "#0"},
				"east": {"uv": [12.5, 4, 13, 4.5], "texture": "#0"},
				"south": {"uv": [9.5, 0, 12, 0.5], "texture": "#0"},
				"west": {"uv": [5, 12.5, 5.5, 13], "texture": "#0"},
				"up": {"uv": [12, 1, 9.5, 0.5], "texture": "#0"},
				"down": {"uv": [12, 1, 9.5, 1.5], "texture": "#0"}
			}
		},
		{
			"from": [10.9, -0.9, 8],
			"to": [11, 0, 9],
			"faces": {
				"north": {"uv": [12.5, 5, 13, 5.5], "texture": "#0"},
				"east": {"uv": [5.5, 12.5, 6, 13], "texture": "#0"},
				"south": {"uv": [12.5, 5.5, 13, 6], "texture": "#0"},
				"west": {"uv": [12.5, 6.5, 13, 7], "texture": "#0"},
				"up": {"uv": [7.5, 13, 7, 12.5], "texture": "#0"},
				"down": {"uv": [13, 7, 12.5, 7.5], "texture": "#0"}
			}
		},
		{
			"from": [10.9, -2, 8],
			"to": [11, -1.1, 9],
			"faces": {
				"north": {"uv": [7.5, 12.5, 8, 13], "texture": "#0"},
				"east": {"uv": [12.5, 7.5, 13, 8], "texture": "#0"},
				"south": {"uv": [8, 12.5, 8.5, 13], "texture": "#0"},
				"west": {"uv": [12.5, 8, 13, 8.5], "texture": "#0"},
				"up": {"uv": [9, 13, 8.5, 12.5], "texture": "#0"},
				"down": {"uv": [9.5, 12.5, 9, 13], "texture": "#0"}
			}
		},
		{
			"from": [6, -2, 8],
			"to": [6.1, -1.1, 9],
			"faces": {
				"north": {"uv": [12.5, 9.5, 13, 10], "texture": "#0"},
				"east": {"uv": [12.5, 10, 13, 10.5], "texture": "#0"},
				"south": {"uv": [10.5, 12.5, 11, 13], "texture": "#0"},
				"west": {"uv": [11, 12.5, 11.5, 13], "texture": "#0"},
				"up": {"uv": [13, 11.5, 12.5, 11], "texture": "#0"},
				"down": {"uv": [13, 11.5, 12.5, 12], "texture": "#0"}
			}
		},
		{
			"from": [6, -0.9, 8],
			"to": [6.1, 0, 9],
			"faces": {
				"north": {"uv": [12.5, 12, 13, 12.5], "texture": "#0"},
				"east": {"uv": [12.5, 12.5, 13, 13], "texture": "#0"},
				"south": {"uv": [0, 13, 0.5, 13.5], "texture": "#0"},
				"west": {"uv": [13, 0, 13.5, 0.5], "texture": "#0"},
				"up": {"uv": [1, 13.5, 0.5, 13], "texture": "#0"},
				"down": {"uv": [13.5, 0.5, 13, 1], "texture": "#0"}
			}
		},
		{
			"from": [6.4, -0.6, 7.7],
			"to": [6.7, -0.3, 9.3],
			"faces": {
				"north": {"uv": [1, 13, 1.5, 13.5], "texture": "#0"},
				"east": {"uv": [11, 1.5, 12, 2], "texture": "#0"},
				"south": {"uv": [13, 1, 13.5, 1.5], "texture": "#0"},
				"west": {"uv": [2, 11, 3, 11.5], "texture": "#0"},
				"up": {"uv": [11.5, 3, 11, 2], "texture": "#0"},
				"down": {"uv": [3.5, 11, 3, 12], "texture": "#0"}
			}
		},
		{
			"from": [7.4, -0.6, 7.7],
			"to": [7.7, -0.3, 9.3],
			"faces": {
				"north": {"uv": [1.5, 13, 2, 13.5], "texture": "#0"},
				"east": {"uv": [11, 3, 12, 3.5], "texture": "#0"},
				"south": {"uv": [13, 1.5, 13.5, 2], "texture": "#0"},
				"west": {"uv": [3.5, 11, 4.5, 11.5], "texture": "#0"},
				"up": {"uv": [11.5, 4.5, 11, 3.5], "texture": "#0"},
				"down": {"uv": [5, 11, 4.5, 12], "texture": "#0"}
			}
		},
		{
			"from": [8.4, -0.6, 7.7],
			"to": [8.7, -0.3, 9.3],
			"faces": {
				"north": {"uv": [2, 13, 2.5, 13.5], "texture": "#0"},
				"east": {"uv": [11, 4.5, 12, 5], "texture": "#0"},
				"south": {"uv": [13, 2, 13.5, 2.5], "texture": "#0"},
				"west": {"uv": [5, 11, 6, 11.5], "texture": "#0"},
				"up": {"uv": [11.5, 6, 11, 5], "texture": "#0"},
				"down": {"uv": [6.5, 11, 6, 12], "texture": "#0"}
			}
		},
		{
			"from": [9.3, -0.6, 7.7],
			"to": [9.6, -0.3, 9.3],
			"faces": {
				"north": {"uv": [2.5, 13, 3, 13.5], "texture": "#0"},
				"east": {"uv": [11, 6, 12, 6.5], "texture": "#0"},
				"south": {"uv": [13, 2.5, 13.5, 3], "texture": "#0"},
				"west": {"uv": [11, 7.5, 12, 8], "texture": "#0"},
				"up": {"uv": [7, 12, 6.5, 11], "texture": "#0"},
				"down": {"uv": [11.5, 8, 11, 9], "texture": "#0"}
			}
		},
		{
			"from": [10.4, -0.6, 7.7],
			"to": [10.7, -0.3, 9.3],
			"faces": {
				"north": {"uv": [3, 13, 3.5, 13.5], "texture": "#0"},
				"east": {"uv": [8.5, 11, 9.5, 11.5], "texture": "#0"},
				"south": {"uv": [13, 3, 13.5, 3.5], "texture": "#0"},
				"west": {"uv": [11, 9, 12, 9.5], "texture": "#0"},
				"up": {"uv": [10, 12, 9.5, 11], "texture": "#0"},
				"down": {"uv": [11.5, 9.5, 11, 10.5], "texture": "#0"}
			}
		},
		{
			"from": [10.4, -1.7, 7.7],
			"to": [10.7, -1.4, 9.3],
			"faces": {
				"north": {"uv": [3.5, 13, 4, 13.5], "texture": "#0"},
				"east": {"uv": [11, 10.5, 12, 11], "texture": "#0"},
				"south": {"uv": [13, 3.5, 13.5, 4], "texture": "#0"},
				"west": {"uv": [11, 11, 12, 11.5], "texture": "#0"},
				"up": {"uv": [10.5, 12, 10, 11], "texture": "#0"},
				"down": {"uv": [0.5, 11.5, 0, 12.5], "texture": "#0"}
			}
		},
		{
			"from": [7.4, -1.7, 7.7],
			"to": [7.7, -1.4, 9.3],
			"faces": {
				"north": {"uv": [4, 13, 4.5, 13.5], "texture": "#0"},
				"east": {"uv": [0.5, 11.5, 1.5, 12], "texture": "#0"},
				"south": {"uv": [13, 4, 13.5, 4.5], "texture": "#0"},
				"west": {"uv": [1.5, 11.5, 2.5, 12], "texture": "#0"},
				"up": {"uv": [12, 3, 11.5, 2], "texture": "#0"},
				"down": {"uv": [3, 11.5, 2.5, 12.5], "texture": "#0"}
			}
		},
		{
			"from": [8.4, -1.7, 7.7],
			"to": [8.7, -1.4, 9.3],
			"faces": {
				"north": {"uv": [4.5, 13, 5, 13.5], "texture": "#0"},
				"east": {"uv": [3.5, 11.5, 4.5, 12], "texture": "#0"},
				"south": {"uv": [13, 4.5, 13.5, 5], "texture": "#0"},
				"west": {"uv": [11.5, 3.5, 12.5, 4], "texture": "#0"},
				"up": {"uv": [5.5, 12.5, 5, 11.5], "texture": "#0"},
				"down": {"uv": [12, 5, 11.5, 6], "texture": "#0"}
			}
		},
		{
			"from": [9.3, -1.7, 7.7],
			"to": [9.6, -1.4, 9.3],
			"faces": {
				"north": {"uv": [5, 13, 5.5, 13.5], "texture": "#0"},
				"east": {"uv": [11.5, 4, 12.5, 4.5], "texture": "#0"},
				"south": {"uv": [13, 5, 13.5, 5.5], "texture": "#0"},
				"west": {"uv": [11.5, 6.5, 12.5, 7], "texture": "#0"},
				"up": {"uv": [6, 12.5, 5.5, 11.5], "texture": "#0"},
				"down": {"uv": [7.5, 11.5, 7, 12.5], "texture": "#0"}
			}
		},
		{
			"from": [6.4, -1.7, 7.7],
			"to": [6.7, -1.4, 9.3],
			"faces": {
				"north": {"uv": [5.5, 13, 6, 13.5], "texture": "#0"},
				"east": {"uv": [11.5, 7, 12.5, 7.5], "texture": "#0"},
				"south": {"uv": [13, 5.5, 13.5, 6], "texture": "#0"},
				"west": {"uv": [7.5, 11.5, 8.5, 12], "texture": "#0"},
				"up": {"uv": [12, 9, 11.5, 8], "texture": "#0"},
				"down": {"uv": [9, 11.5, 8.5, 12.5], "texture": "#0"}
			}
		},
		{
			"from": [8.8, -8, 7.8],
			"to": [9.5, -7.6, 9.2],
			"rotation": {"angle": 45, "axis": "z", "origin": [9, -9.5, 9]},
			"faces": {
				"north": {"uv": [6, 13, 6.5, 13.5], "texture": "#0"},
				"east": {"uv": [13, 6, 13.5, 6.5], "texture": "#0"},
				"south": {"uv": [6.5, 13, 7, 13.5], "texture": "#0"},
				"west": {"uv": [13, 6.5, 13.5, 7], "texture": "#0"},
				"up": {"uv": [7.5, 13.5, 7, 13], "texture": "#0"},
				"down": {"uv": [13.5, 7, 13, 7.5], "texture": "#0"}
			}
		},
		{
			"from": [8, -8.3, 7.8],
			"to": [9, -7.8, 9.2],
			"rotation": {"angle": 0, "axis": "y", "origin": [9, -9.5, 9]},
			"faces": {
				"north": {"uv": [7.5, 13, 8, 13.5], "texture": "#0"},
				"east": {"uv": [13, 7.5, 13.5, 8], "texture": "#0"},
				"south": {"uv": [8, 13, 8.5, 13.5], "texture": "#0"},
				"west": {"uv": [13, 8, 13.5, 8.5], "texture": "#0"},
				"up": {"uv": [9, 13.5, 8.5, 13], "texture": "#0"},
				"down": {"uv": [13.5, 8.5, 13, 9], "texture": "#0"}
			}
		},
		{
			"from": [7.5, -9.3, 7.8],
			"to": [9.5, -8.3, 9.2],
			"rotation": {"angle": 0, "axis": "y", "origin": [9, -9.5, 9]},
			"faces": {
				"north": {"uv": [11.5, 9.5, 12.5, 10], "texture": "#0"},
				"east": {"uv": [9, 13, 9.5, 13.5], "texture": "#0"},
				"south": {"uv": [11.5, 10, 12.5, 10.5], "texture": "#0"},
				"west": {"uv": [13, 9, 13.5, 9.5], "texture": "#0"},
				"up": {"uv": [11.5, 12, 10.5, 11.5], "texture": "#0"},
				"down": {"uv": [12.5, 11.5, 11.5, 12], "texture": "#0"}
			}
		},
		{
			"from": [9.8, -9, 7.8],
			"to": [10.2, -8.3, 9.2],
			"rotation": {"angle": 45, "axis": "z", "origin": [9, -9.5, 9]},
			"faces": {
				"north": {"uv": [9.5, 13, 10, 13.5], "texture": "#0"},
				"east": {"uv": [13, 9.5, 13.5, 10], "texture": "#0"},
				"south": {"uv": [10, 13, 10.5, 13.5], "texture": "#0"},
				"west": {"uv": [13, 10, 13.5, 10.5], "texture": "#0"},
				"up": {"uv": [11, 13.5, 10.5, 13], "texture": "#0"},
				"down": {"uv": [13.5, 10.5, 13, 11], "texture": "#0"}
			}
		},
		{
			"from": [8.8, -9.7, 7.8],
			"to": [9.2, -9, 9.2],
			"rotation": {"angle": -45, "axis": "z", "origin": [9, -9.5, 9]},
			"faces": {
				"north": {"uv": [11, 13, 11.5, 13.5], "texture": "#0"},
				"east": {"uv": [13, 11, 13.5, 11.5], "texture": "#0"},
				"south": {"uv": [11.5, 13, 12, 13.5], "texture": "#0"},
				"west": {"uv": [13, 11.5, 13.5, 12], "texture": "#0"},
				"up": {"uv": [12.5, 13.5, 12, 13], "texture": "#0"},
				"down": {"uv": [13.5, 12, 13, 12.5], "texture": "#0"}
			}
		},
		{
			"from": [8.1, -9, 7.8],
			"to": [8.5, -8.3, 9.2],
			"rotation": {"angle": 45, "axis": "z", "origin": [9, -9.5, 9]},
			"faces": {
				"north": {"uv": [12.5, 13, 13, 13.5], "texture": "#0"},
				"east": {"uv": [13, 12.5, 13.5, 13], "texture": "#0"},
				"south": {"uv": [13, 13, 13.5, 13.5], "texture": "#0"},
				"west": {"uv": [0, 13.5, 0.5, 14], "texture": "#0"},
				"up": {"uv": [14, 0.5, 13.5, 0], "texture": "#0"},
				"down": {"uv": [1, 13.5, 0.5, 14], "texture": "#0"}
			}
		},
		{
			"from": [8, -9.8, 7.8],
			"to": [9, -9.3, 9.2],
			"rotation": {"angle": 0, "axis": "y", "origin": [9, -9.5, 9]},
			"faces": {
				"north": {"uv": [13.5, 0.5, 14, 1], "texture": "#0"},
				"east": {"uv": [1, 13.5, 1.5, 14], "texture": "#0"},
				"south": {"uv": [13.5, 1, 14, 1.5], "texture": "#0"},
				"west": {"uv": [1.5, 13.5, 2, 14], "texture": "#0"},
				"up": {"uv": [14, 2, 13.5, 1.5], "texture": "#0"},
				"down": {"uv": [2.5, 13.5, 2, 14], "texture": "#0"}
			}
		},
		{
			"from": [7, 0, 8.1],
			"to": [10, 22, 8.9],
			"faces": {
				"north": {"uv": [0, 0, 1.5, 11], "texture": "#0"},
				"east": {"uv": [6, 0, 6.5, 11], "texture": "#0"},
				"south": {"uv": [1.5, 0, 3, 11], "texture": "#0"},
				"west": {"uv": [6.5, 0, 7, 11], "texture": "#0"},
				"up": {"uv": [11, 2, 9.5, 1.5], "texture": "#0"},
				"down": {"uv": [8.5, 9.5, 7, 10], "texture": "#0"}
			}
		},
		{
			"from": [4.2, 24, 8.1],
			"to": [5.2, 26.7, 8.9],
			"rotation": {"angle": -22.5, "axis": "z", "origin": [0.5, 16, 0]},
			"faces": {
				"north": {"uv": [9.5, 8, 10, 9.5], "texture": "#0"},
				"east": {"uv": [8.5, 9.5, 9, 11], "texture": "#0"},
				"south": {"uv": [9, 9.5, 9.5, 11], "texture": "#0"},
				"west": {"uv": [9.5, 9.5, 10, 11], "texture": "#0"},
				"up": {"uv": [14, 2.5, 13.5, 2], "texture": "#0"},
				"down": {"uv": [3, 13.5, 2.5, 14], "texture": "#0"}
			}
		},
		{
			"from": [10.6, 17.9, 8.1],
			"to": [11.6, 20.6, 8.9],
			"rotation": {"angle": 22.5, "axis": "z", "origin": [0.5, 16, 0]},
			"faces": {
				"north": {"uv": [7, 10, 7.5, 11.5], "texture": "#0"},
				"east": {"uv": [7.5, 10, 8, 11.5], "texture": "#0"},
				"south": {"uv": [8, 10, 8.5, 11.5], "texture": "#0"},
				"west": {"uv": [10, 8, 10.5, 9.5], "texture": "#0"},
				"up": {"uv": [14, 3, 13.5, 2.5], "texture": "#0"},
				"down": {"uv": [3.5, 13.5, 3, 14], "texture": "#0"}
			}
		},
		{
			"from": [8, 22, 8.1],
			"to": [9, 24.5, 8.9],
			"rotation": {"angle": 0, "axis": "y", "origin": [0.5, 16, 0]},
			"faces": {
				"north": {"uv": [10, 9.5, 10.5, 11], "texture": "#0"},
				"east": {"uv": [10.5, 2, 11, 3.5], "texture": "#0"},
				"south": {"uv": [10.5, 3.5, 11, 5], "texture": "#0"},
				"west": {"uv": [10.5, 5, 11, 6.5], "texture": "#0"},
				"up": {"uv": [14, 3.5, 13.5, 3], "texture": "#0"},
				"down": {"uv": [4, 13.5, 3.5, 14], "texture": "#0"}
			}
		},
		{
			"from": [4.5, 24.1, 8],
			"to": [5.5, 26, 9],
			"rotation": {"angle": -22.5, "axis": "z", "origin": [0.5, 16, 0]},
			"faces": {
				"north": {"uv": [9, 11.5, 9.5, 12.5], "texture": "#0"},
				"east": {"uv": [12, 0, 12.5, 1], "texture": "#0"},
				"south": {"uv": [0.5, 12, 1, 13], "texture": "#0"},
				"west": {"uv": [1, 12, 1.5, 13], "texture": "#0"},
				"up": {"uv": [14, 4, 13.5, 3.5], "texture": "#0"},
				"down": {"uv": [4.5, 13.5, 4, 14], "texture": "#0"}
			}
		},
		{
			"from": [10.3, 18, 8],
			"to": [11.3, 19.9, 9],
			"rotation": {"angle": 22.5, "axis": "z", "origin": [0.5, 16, 0]},
			"faces": {
				"north": {"uv": [12, 1, 12.5, 2], "texture": "#0"},
				"east": {"uv": [1.5, 12, 2, 13], "texture": "#0"},
				"south": {"uv": [2, 12, 2.5, 13], "texture": "#0"},
				"west": {"uv": [12, 2, 12.5, 3], "texture": "#0"},
				"up": {"uv": [14, 4.5, 13.5, 4], "texture": "#0"},
				"down": {"uv": [5, 13.5, 4.5, 14], "texture": "#0"}
			}
		},
		{
			"from": [8, 22, 8],
			"to": [9, 23.8, 9],
			"rotation": {"angle": 0, "axis": "y", "origin": [0.5, 16, 0]},
			"faces": {
				"north": {"uv": [3, 12, 3.5, 13], "texture": "#0"},
				"east": {"uv": [3.5, 12, 4, 13], "texture": "#0"},
				"south": {"uv": [4, 12, 4.5, 13], "texture": "#0"},
				"west": {"uv": [4.5, 12, 5, 13], "texture": "#0"},
				"up": {"uv": [14, 5, 13.5, 4.5], "texture": "#0"},
				"down": {"uv": [5.5, 13.5, 5, 14], "texture": "#0"}
			}
		},
		{
			"from": [8.3, -8.9, 7.7],
			"to": [8.7, -8.6, 9.3],
			"faces": {
				"north": {"uv": [13.5, 5, 14, 5.5], "texture": "#0"},
				"east": {"uv": [12, 3, 13, 3.5], "texture": "#0"},
				"south": {"uv": [5.5, 13.5, 6, 14], "texture": "#0"},
				"west": {"uv": [12, 4.5, 13, 5], "texture": "#0"},
				"up": {"uv": [12.5, 6, 12, 5], "texture": "#0"},
				"down": {"uv": [6.5, 12, 6, 13], "texture": "#0"}
			}
		},
		{
			"from": [8.8, -8.4, 7.7],
			"to": [9.1, -8.1, 9.3],
			"faces": {
				"north": {"uv": [13.5, 5.5, 14, 6], "texture": "#0"},
				"east": {"uv": [12, 6, 13, 6.5], "texture": "#0"},
				"south": {"uv": [6, 13.5, 6.5, 14], "texture": "#0"},
				"west": {"uv": [7.5, 12, 8.5, 12.5], "texture": "#0"},
				"up": {"uv": [7, 13, 6.5, 12], "texture": "#0"},
				"down": {"uv": [12.5, 7.5, 12, 8.5], "texture": "#0"}
			}
		},
		{
			"from": [7.9, -8.4, 7.7],
			"to": [8.2, -8.1, 9.3],
			"faces": {
				"north": {"uv": [13.5, 6, 14, 6.5], "texture": "#0"},
				"east": {"uv": [12, 8.5, 13, 9], "texture": "#0"},
				"south": {"uv": [6.5, 13.5, 7, 14], "texture": "#0"},
				"west": {"uv": [12, 9, 13, 9.5], "texture": "#0"},
				"up": {"uv": [10, 13, 9.5, 12], "texture": "#0"},
				"down": {"uv": [10.5, 12, 10, 13], "texture": "#0"}
			}
		},
		{
			"from": [7.9, -9.4, 7.7],
			"to": [8.2, -9.1, 9.3],
			"faces": {
				"north": {"uv": [13.5, 6.5, 14, 7], "texture": "#0"},
				"east": {"uv": [10.5, 12, 11.5, 12.5], "texture": "#0"},
				"south": {"uv": [7, 13.5, 7.5, 14], "texture": "#0"},
				"west": {"uv": [12, 10.5, 13, 11], "texture": "#0"},
				"up": {"uv": [12, 13, 11.5, 12], "texture": "#0"},
				"down": {"uv": [12.5, 12, 12, 13], "texture": "#0"}
			}
		}
	],
	"display": {
		"thirdperson_righthand": {
			"rotation": [0, 90, 0],
			"translation": [-1.25, 11, 1.75]
		},
		"thirdperson_lefthand": {
			"rotation": [-113, 0, -20.5],
			"translation": [-7.75, -7.5, 5.75]
		},
		"firstperson_righthand": {
			"rotation": [-6, -90, 0],
			"translation": [2.25, 10.5, -1]
		},
		"firstperson_lefthand": {
			"rotation": [168, 78, -6],
			"translation": [2.25, -6.25, 2.75]
		},
		"ground": {
			"rotation": [90, 0, 90]
		},
		"gui": {
			"rotation": [0, 0, 36],
			"translation": [-1, 0.25, 0],
			"scale": [0.55, 0.55, 0.55]
		},
		"head": {
			"rotation": [86, 0, -153],
			"translation": [0, 9, 0]
		},
		"fixed": {
			"rotation": [0, 1, 180],
			"translation": [0, 0, -2.25],
			"scale": [2, 2, 2]
		}
	},
	"groups": [
		{
			"name": "group",
			"origin": [8, 8, 8],
			"color": 0,
			"nbt": "{}",
			"armAnimationEnabled": false,
			"children": [0, 1, 2, 3, 4, 5, 6, 7, 8, 9, 10, 11, 12, 13, 14, 15, 16, 17, 18, 19, 20, 21, 22, 23, 24, 25, 26, 27, 28, 29, 30, 31, 32, 33, 34, 35, 36, 37, 38, 39]
		}
	]
}